headline,category
over 4 million americans roll up sleeves for omicrontargeted covid boosters,US NEWS
american airlines flyer charged banned for life after punching flight attendant on video,US NEWS
woman who called cops on black birdwatcher loses lawsuit against exemployer,US NEWS
cleaner was dead in belk bathroom for 4 days before body found police,US NEWS
reporter gets adorable surprise from her boyfriend while live on tv,US NEWS
how a new documentary captures the complexity of being a child of immigrants,ARTS & CULTURE
virginia thomas agrees to interview with jan 6 panel,US NEWS
reboot is a clever and not too navelgazey look inside tv reboots,ARTS & CULTURE
one dead after plane crashes at reno air race,US NEWS
family of american held in afghanistan says he was freed by taliban in prisoner swap,US NEWS
watchdog report finds some census takers who fudged data didnt get fired,US NEWS
first public global database of fossil fuels launches,ENVIRONMENT
alaska prepares for historiclevel storm barreling towards coast,ENVIRONMENT
puerto rico braces for landslides and severe flooding as tropical storm fiona approaches,ENVIRONMENT
privatization isnt the answer to jacksons water crisis,ENVIRONMENT
alabama sidesteps compensation for survivor of 63 kkk blast,US NEWS
racism seen as root of water crisis in mississippi capital,US NEWS
meet alex aster the tiktoker changing the publishing industry for the better,ARTS & CULTURE
chickfila worker saves woman with baby from being carjacked,US NEWS
possible nationwide rail strike is already impacting travelers businesses,US NEWS
us inflation falls for straight month on lower gas costs,US NEWS
thousands of minnesota nurses launch 3day strike over pay,US NEWS
how ani liu is brilliantly disguising her art as science,ARTS & CULTURE
sidney tackles the notsocomfortable conversations about a black cinema icon,ARTS & CULTURE
weather helping but threat from western fires persists,US NEWS
911 attacks still reverberate as us marks anniversary,US NEWS
payment processor visa to start categorizing sales at gun stores,US NEWS
severe winds batter southern california as heat wave breaks,ENVIRONMENT
power outage at austin airport leads to flight delays traffic jams,US NEWS
cyberattack prompts los angeles school district to shut down its computer systems,EDUCATION
fastmoving fairview fire kills at least 2 in california,US NEWS
mississippi governor says water pressure is now solid in jackson,US NEWS
meta parent company of instagram fined 400 million by irish regulators,US NEWS
school starts today for survivors of deadly mass shooting in uvalde,US NEWS
bear spotted chilling in california swimming pool,US NEWS
fema director says its too early to tell when jackson will have clean water again,US NEWS
uvalde children grapple with trauma after school massacre,US NEWS
emergency declared as flash flooding hits northwest georgia,US NEWS
plane that circled mississippi threatening to crash has landed,US NEWS
9 migrants are found dead in rio grande border patrol,US NEWS
owner of new england frozen yogurt shops accused of hiding camera in store bathroom,US NEWS
tropical storm danielle strengthens into hurricane no current threat to land,US NEWS
nasa aims for saturday launch of new moon rocket after fixing fuel leaks,US NEWS
us hiring slowed in august as employers add 315000 jobs,US NEWS
pregnant woman who claimed unborn baby was hov lane passenger receives another ticket,US NEWS
missing louisiana nun found alive and safe months after armed home raid,US NEWS
a ku klux klan plaque is mounted at west points science center commission finds,US NEWS
toxic algae causes thousands of dead fish to wash ashore in california,ENVIRONMENT
lisa loeb paved her own way in the 90s  a rare feat for independent artists of the time,ARTS & CULTURE
3 more r kelly accusers testify about his abuse in chicago trial,US NEWS
a nebraska man conducted an active shooter drill employees had no idea,US NEWS
uvalde victims families survivors plan multibillion dollar lawsuit,US NEWS
former louisville cop pleads guilty in breonna taylor case,US NEWS
minneapolis teacher contract race language ignites firestorm,EDUCATION
hawaii seeking end to conflict over astronomy on sacred mountain,US NEWS
metaldetecting stranger retrieves womans ring lost in sea,US NEWS
defense in parkland school shooters trial set to present its case,US NEWS
dorli rainey symbol of occupy movement dies at 95,US NEWS
wendys pulls lettuce from sandwiches after dozens fall sick from e coli,US NEWS
shocking drone video shows alligator attacking florida man,US NEWS
lgbtq pride events will have priority access to monkeypox vaccines health officials say,US NEWS
mike and the flawed allure of authorized biopics,ARTS & CULTURE
general motors recalls over 484000 vehicles over improperlyformed seat belts,US NEWS
former california congressman charged after multiple fraud schemes feds say,US NEWS
dog catches monkeypox in france in first suspected humantopet transmission,US NEWS
3 injured in shooting at six flags great america park near chicago,US NEWS
jury selection in r kelly federal trial to begin in chicago,US NEWS
dont look up a possible meteor causes loud boom sound in utah,US NEWS
catastrophic failure at research center kills about 21000 fish,ENVIRONMENT
parents arrested after attempting to grab their children during school lockdown,US NEWS
suspect in rushdie stabbing pleads not guilty as author remains hospitalized,US NEWS
shocking fish dieoff sends poland scrambling to determine source,ENVIRONMENT
polio detected in nycs sewage suggesting virus circulating,US NEWS
cdc drops some quarantine screening recommendations for covid19,US NEWS
us unemployment claims rise to highest level since november,US NEWS
gas prices dip just below 4 for the first time in 5 months,US NEWS
extwitter staffer convicted for sharing private information on dissidents with saudis,US NEWS
sesame place to train workers on diversity after lawsuit,US NEWS
kobe bryant crash photos lawsuit to be heard by la jury,US NEWS
3 dead in shooting at florida narcotics anonymous meeting,US NEWS
la man among 3 killed in lightning strike near white house,US NEWS
eastern kentucky braces for more storms while recovering from extreme flooding,US NEWS
new york couple turns in 5foot gator zachary theyd been keeping in home,ENVIRONMENT
5 dead 8 injured in fiery los angeles crash after speeding car runs red light,US NEWS
fbi arrests 4 louisville cops in breonna taylor shooting investigation,US NEWS
whats going on with hbo max heres what we know so far,ARTS & CULTURE
sandy hook parent testifies alex jones apologies are worthless,US NEWS
death toll in kentucky hits 28 as infrastructure damage hampers flood recovery,US NEWS
new york city declares monkeypox a public health emergency,US NEWS
man arrested for alleged bomb threat against arizona election official after jan 6,US NEWS
rain cascades from vegas casino ceilings as thunderstorms flood desert,ENVIRONMENT
photos reveal ivana trumps final resting place at bedminster golf course,US NEWS
covington kid nicholas sandmann loses defamation suits against major media outlets,US NEWS
principal of texas school where shooting happened reinstated,US NEWS
infowars sidekick owen shroyer testifies in alex jones sandy hook defamation trial,US NEWS
2 cops sentenced for violating george floyds rights,US NEWS
medical students walk out on ceremony over keynote speaker who opposes abortion rights,US NEWS
alex jones sandy hook defamation trial is set to begin heres how it got to this point,US NEWS
6yearold girl among 3 family members shot in tent at iowa state park,US NEWS
new york post wall street journal editorial boards condemn trump,US NEWS
chronic starvation remains threat to florida manatees officials say,ENVIRONMENT
5k reward for suspect in shooting of lady gagas dog walker,US NEWS
michael baltimore of 90 day fiancé added to most wanted list for murder,US NEWS
gunman opens fire inside comedy club moments before craig robinson set,US NEWS
school board member says black principals activism got him fired from school,US NEWS
florida official tells highway trooper he runs the county during traffic stop,US NEWS
woman allegedly posed as nurse in attempt to steal newborn baby,US NEWS
uber sued by women alleging sexual assault by drivers,US NEWS
punk band responds after former oath keeper wears its shirt at jan 6 hearing,US NEWS
nasa releases more images from powerful webb space telescope,US NEWS
the snubs and surprises of the emmy nominations,ARTS & CULTURE
the resurgence of american girl dollcore,ARTS & CULTURE
ohio tornado displaces hundreds of families leaves thousands without power,US NEWS
elon musk reportedly had twins last year with one of his company execs,US NEWS
bradford freeman last survivor of famed band of brothers army unit dead at 97,US NEWS
pope francis condemns abortions again compares them to hiring a hit man,US NEWS
abortion clinic staff grapple with trauma following the end of roe v wade,US NEWS
uvalde school police chief pete arredondo resigns from city council,US NEWS
tourist in 3 days gored by bison at yellowstone national park,US NEWS
gabby petitos family can sue brian laundries parents judge rules,US NEWS
meghan markle weighs in on supreme courts decision to overturn roe,US NEWS
police are harassing mom who pulled kids from uvalde school shooting lawyer says,US NEWS
menudo forever young looks at the exploitative nature of boy bands,ARTS & CULTURE
how 90s teen movies reflected the reallife homophobia throughout the decade,ARTS & CULTURE
the netherlands facing energy and climate crises bets on a nuclear revival,ENVIRONMENT
man killed by 11foot alligator at south carolina pond,ENVIRONMENT
bear looking for food dies inside hot car on sweltering day,ENVIRONMENT
deborah birx says trump officials made her change covid data sent to states,US NEWS
so happy pharrell williams pays off student debt of naacp youth leaders,US NEWS
uvalde texas police didnt attempt to open classroom door report,US NEWS
cdc recommends covid19 shots for children under 5,US NEWS
nerf reveals its new mascot and its monstrous look is turning heads,US NEWS
yellowstone floods wipe out roads bridges strand visitors,ENVIRONMENT
kentucky shatters its fatal overdose record fentanyl blamed,US NEWS
degrassi the next generation moved the needle on abortion nearly 20 years ago,ARTS & CULTURE
kim jong un rallies behind north koreas weapons buildup,US NEWS
lost giant dog rolls up to dollar general store and refuses to leave,US NEWS
jeff bridges shares powerful lessons from cancer and covid19 bouts,US NEWS
facebook algorithm may have aided gop over democratic party groups research,US NEWS
alaskas unusual house primary draws palin santa 46 others,US NEWS
police dispatcher fired after allegedly hanging up on store employee during buffalo shooting,US NEWS
court rules that california bees can be fish and have the same protections,ENVIRONMENT
uvalde police officer was on phone with wife before she was killed report,US NEWS
fire island remixes a classic jane austen tale  while blazing its own path,ARTS & CULTURE
michael avenatti sentenced to 4 years for defrauding stormy daniels,US NEWS
supreme court blocks texas law on social media censorship,US NEWS
uvaldes next steps visitations funerals and burials one after another,US NEWS
1 dead after crashing into miami pond teeming with alligators,US NEWS
netflix coceo backs dave chappelle says programs are not going to be for everybody,US NEWS
oregon man parts ways with guns in viral change of heart,US NEWS
boy whose body was found in suitcase died of electrolyte imbalance,US NEWS
brother of boy killed in uvalde shooting blasts police response as selfish,US NEWS
pebbles the toy fox terrier fetches oldest living dog title in tiny canine showdown,US NEWS
chihuahua puppy in recovery after being shot through the neck with arrow,US NEWS
how hacks turned a cow giving birth into something deeply profound,ARTS & CULTURE
parents plead for uvalde cops to rescue trapped kids in heartwrenching video,US NEWS
inclusion and equity in tv writing is still largely performative report finds,ARTS & CULTURE
toddler who pulled off cheeseburger heist gets heros reception on twitter,US NEWS
trevor reed us should do absolutely everything to release americans held illegally,US NEWS
nyc mayor eric adams declares state of emergency over baby formula shortage,US NEWS
biden says monkeypox cases something to be concerned about,US NEWS
78000 pounds of infant formula arrives in us from europe,US NEWS
the lithium war next door,ENVIRONMENT
145 beagles in acute distress seized from massive breeding facility lawsuit,US NEWS
family hears noise finds 550pound alligator taking a dip in their pool,ENVIRONMENT
anna delveys art show was nothing more than whiteness at work,ARTS & CULTURE
for colored girls continues to be black womens north star,ARTS & CULTURE
dog on the mend after rescuing owner from mountain lion,US NEWS
the rise of the bbl how getting a brazilian butt lift impacted these patients,ARTS & CULTURE
the porn star protagonist in pleasure is a woman of fascinating contradictions,ARTS & CULTURE
this made me how pop culture has shaped our lives,ARTS & CULTURE
for this child of immigrants pop culture became a guide to life in america,ARTS & CULTURE
security guard went down fighting while taking on buffalo mass shooter police,US NEWS
k9 featured in netflixs rescued by ruby euthanized,US NEWS
alison leibys abortion wasnt a big deal so why is it still so hard to talk about,ARTS & CULTURE
joe biden cohosting covid summit as worlds resolve falters,US NEWS
covid19 cases rise while few school mask mandates return,US NEWS
mario batali acquitted of sexual misconduct,US NEWS
lincoln college battered by covid and cyberattack to close this week,US NEWS
new york gov kathy hochul tests positive for covid19 amid states rising cases,US NEWS
internet providers to offer discount for poor says white house,US NEWS
everybody clap endangered seal species hits comeback milestone,ENVIRONMENT
dallas cowboys owner jerry jones home and fine after reported crash,US NEWS
unprecedented gusts expected to fan wildfires in new mexico,US NEWS
tennessee pauses executions will review lethal injections,US NEWS
us pediatricians group moves to abandon racebased guidance,US NEWS
arizona wildfire forces fast decision fight or flee flames,ENVIRONMENT
homes completely blown away by suspected tornado in kansas,ENVIRONMENT
despite gop attacks parents are pretty happy with their kids schools poll finds,EDUCATION
ford recalls more than 250000 suvs that can roll away while in park,US NEWS
fda plans to ban menthol cigarettes flavored cigars,US NEWS
2 wealthy parents appeal college bribery case convictions,US NEWS
supreme court hears arguments over remain in mexico policy for asylumseekers,US NEWS
video captures florida deputy climbing building to save baby from fire,US NEWS
emergency declaration for multiple wildfires in new mexico,US NEWS
twitter bans ads that contradict science on climate change,ENVIRONMENT
philadelphia to end mask mandate days after reinstating it,US NEWS
fire training equipment lacking at us nuclear dump report,US NEWS
american man sentenced to death in china for killing exgirlfriend,US NEWS
southwest fire crews brace for return of dangerous winds,US NEWS
supreme court revives fight over painting stolen by nazis,US NEWS
this earth day biden faces headwinds on climate agenda,US NEWS
13 nassar victims seeking 130 million from fbi over bungled probe,US NEWS
number of people trying to cross border increases as us plans to lift curb on asylum,US NEWS
supreme court wont hear new york city teacher vaccine dispute,US NEWS
man accused of stuffing grandmother in freezer to die,US NEWS
climate change activists climb atop oil tanker in mass protests in london,ENVIRONMENT
biden to resume oil and gas lease sales on federal land while upping royalties,ENVIRONMENT
trial opens in florida opioid lawsuit case against walgreens,US NEWS
3 killed at georgia shooting range,US NEWS
florida freefall ride deemed danger to public health by officials after death,US NEWS
betty reid soskin oldest national park service ranger retires at 100,US NEWS
alex jones faces fines for skipping sandy hook deposition,US NEWS
fda authorizes second covid booster for those 50 and older,US NEWS
ingraham guest says no reason whatsoever for ukrainian refugees to come to us,US NEWS
new york city to let unvaccinated athletes play home games,US NEWS
moderna says its lowdose covid shots work for kids under 6,US NEWS
fbi sees growing russian hacker interest in us energy firms,US NEWS
spring break shootings miami beach emergency brings curfew,US NEWS
see the moment man is rescued from underground storm pipe after 2 days,US NEWS
closing arguments set in cowboys for trump founder jan 6 trial,US NEWS
biden urges companies to prepare for potential russian cyberattacks,US NEWS
goal of capping global warming at 15 degrees celsius is on life support un chief warns,ENVIRONMENT
4 us troops killed in plane crash during nato exercise,US NEWS
9 dead 2 injured in fiery crash involving university of the southwest golf teams,US NEWS
fewer americans file for jobless claims last week,US NEWS
bombthreatened black schools eligible for security grants,US NEWS
no charges against chicago police officers in deaths of adam toledo anthony alvarez,US NEWS
us astronaut to return on russian capsule despite heightened tensions over war,US NEWS
stocks sway on wall street as oil slides to 100 per barrel,US NEWS
breonna taylors family supporters sustain push for justice,US NEWS
census black population grows in suburbs shrinks in cities,US NEWS
average us gas price rises 22 in two weeks to record 443,US NEWS
2 women dead after car crashes into dc restaurants outdoor patio,US NEWS
alec baldwin denies responsibility for fatal rust shooting in new court filing,US NEWS
us inflation sets a fresh 40year high over past year,US NEWS
top lawmakers reach deal on ukraine aid as part of 15 trillion spending,US NEWS
congress passes bill to shore up postal service delivery,US NEWS
minneapolis teachers strike after failing to reach contract,US NEWS
4 of 7 killed in iowa tornadoes from same family sheriff,US NEWS
former ny gov andrew cuomo rips cancel culture hints at political comeback,US NEWS
nyc sheds vaccination mandate school masks precautions,US NEWS
tiktok bans new videos made in russia over putins antifake news law,US NEWS
official 6 dead as large tornado roars through central iowa,ENVIRONMENT
suv smashes into california preschool injuring 19 children and 1 employee,US NEWS
nj fines draftkings 150000 for allowing proxy betting,US NEWS
supreme court sides with government in gitmo state secrets case,US NEWS
purdue pharma us states agree to new opioid settlement,US NEWS
states launch probe into tiktoks effect on kids health,US NEWS
manchin fans faint hopes for stalled social climate bill,US NEWS
helmet worn by amelia earhart sells for 825000 at auction,US NEWS
stocks fall oil tops 100 a barrel as ukraine war rages,US NEWS
cdc estimates more than 140 million americans have had covid so far,US NEWS
capitol police fence off capitol ahead of bidens first state of the union,US NEWS
many capitol riot cases could hinge on trials outcome,US NEWS
screen actors guild awards to offer oscars preview,US NEWS
detroit zoo moves birds inside over avian flu outbreak in michigan,US NEWS
mlb 4 days from deadline to cancel games and shorten season,US NEWS
raw sewage spill shuts down beaches in southern california,US NEWS
3 cops trial in floyd killing heads to closing arguments,US NEWS
michigan basketball coach strikes wisconsin assistant in dustup after tough loss,US NEWS
closing arguments begin in hate crimes trial of men who killed ahmaud arbery,US NEWS
police helicopter crash kills 1 officer injures another at california beach,US NEWS
19 austin police officers reportedly indicted over racial injustice protests,US NEWS
us paves way for resumption of mexico avocado exports,US NEWS
national guard deploys for new emergency teacher shortages,US NEWS
florida house passes gop 15week abortion ban,US NEWS
san francisco recalls 3 members of citys school board,US NEWS
the pretzel helps america to stunning 12 finish in olympic freeski slopestyle,US NEWS
biden nfl should exercise generic decency when it comes to hiring,US NEWS
bold fan storms the field gets tackled by security during super bowl,US NEWS
mysterious legal consultation delays medal ceremony for team figure skating,US NEWS
simone biles lindsey vonn rally for mikaela shiffrin keep your head high,US NEWS
nathan chen shatters world record in breathtaking performance on the ice,US NEWS
usborn skier eileen gu wins olympic gold for china,US NEWS
womens prison dubbed rape club fostered culture of abuse probe finds,US NEWS
amir locke shooting highlights ongoing mistrust of minneapolis police,US NEWS
minneapolis mayor issues moratorium on noknock entries after police killing of amir locke,US NEWS
shaun white confirms beijing is his last ever contest,US NEWS
shooting at virginia hookah bar leaves 1 dead 4 injured police,US NEWS
tucker carlson launches ugly attack on meghan markle and prince harry,US NEWS
native american tribes reach 590 million settlement over opioids,US NEWS
taxpayers face overloaded irs as filing season opens monday,US NEWS
100 millionaires and billionaires sign open letter pleading for higher taxes,US NEWS
norwegian cruise cancels trip after 4 days of travel leaving passengers bored at sea,US NEWS
prince harry files court claim over uk police protection,US NEWS
unvaccinated glenn beck gets covid again says its getting into my lungs,US NEWS
snow leopard dies after contracting covid19 illinois zoo says,US NEWS
zoo mourns death of beloved dog who helped raise cheetah cubs,ENVIRONMENT
settlement between jeffrey epstein and prince andrew accuser now public,US NEWS
man dies after attempting to jump new york subway turnstile,US NEWS
search teams look for 2 missing people following massive colorado wildfire,US NEWS
new york city rings in with times square ball drop amid smaller crowd and covid,US NEWS
21 people rescued after being stuck overnight in aerial tram in new mexico,US NEWS
navy objects to recommendation it drain hawaii fuel tanks,ENVIRONMENT
zoo tiger shot and killed after biting man who put hand through fence,ENVIRONMENT
police gunman in denver who killed 5 targeted some victims,US NEWS
elizabeth holmes jury begins second week of deliberations,US NEWS
space telescope launched on daring quest to behold stars,US NEWS
flight cancellations drag on over staffing issues tied to covid19,US NEWS
us to lift travel ban on 8 southern african countries,US NEWS
bidens welcome new puppy to the white house,US NEWS
biden boosts fueleconomy standards to fight climate change,US NEWS
stacey abrams seeks national voting rights action before race,US NEWS
a green energy project leaves a mississippi town gasping for air,ENVIRONMENT
vaccine opponent robert kennedy jrs guests reportedly told to get covid19 shots,US NEWS
unvaxxed kyrie irving returns to brooklyn nets,US NEWS
antivaccine group stages a cheesecake factory sitin compare bartender to nazi,US NEWS
chicago expected to pay woman 29 million over botched police raid,US NEWS
crews search for the missing after devastating tornadoes,US NEWS
explainer was deadly tornado storm system related to climate change,ENVIRONMENT
banksy creates tshirt to help alleged topplers of slave trader statue,US NEWS
judge oks regulators subpoena for rust assistant director,US NEWS
endangered right whale gives birth while entangled in fishing gear,ENVIRONMENT
us consumer prices soared 68 in past year most since,US NEWS
simone biles is time magazines athlete of the year,US NEWS
reality tvs josh duggar convicted of child porn possession,US NEWS
billionaire surrenders 70 million in plundered antiquities barred from collecting for life,US NEWS
chris cuomos book pulled by publisher after his firing from cnn,US NEWS
major storm prompts warnings of catastrophic flooding in hawaii,US NEWS
pair of belgium zoo hippos get covid in what may be first cases for species,ENVIRONMENT
spread your wings vegas company offers tickets to milehigh club,US NEWS
top health officials share optimism concern on omicron variant of covid,US NEWS
michigan suspects parents found hiding in building chief says,US NEWS
penobscot nation members do not want ancestors scalping whitewashed,US NEWS
hawaii gets blizzard warning as denver remains snowfree,ENVIRONMENT
colorado supermarket shooting suspect deemed incompetent for trial,US NEWS
us employers added sluggish 210000 jobs in november,US NEWS
unvaccinated nevada state workers to pay monthly insurance surcharge,US NEWS
florida man charged with killing 21yearold woman in,US NEWS
officer charged in daunte wrights death to testify at trial,US NEWS
nyc becomes first us city to open supervised injection sites for drug users,US NEWS
merriamwebster chooses vaccine as the word of the year,US NEWS
stowaway found alive after flying to miami in planes landing gear,US NEWS
phil saviano key clergy sex abuse whistleblower dies at 69,US NEWS
rare coin found in a candy tin sells at auction for 350000,US NEWS
stray bullet kills pennsylvania man eating thanksgiving dinner,US NEWS
fda says merck covid pill effective experts will review safety,US NEWS
macys thanksgiving parade returns with all the trimmings,US NEWS
from serious to scurrilous some jimmy hoffa theories,US NEWS
jury holds pharmacies responsible for role in opioid crisis,US NEWS
faa proposes fines for alcoholrelated incidents on planes,US NEWS
young dolphs memphis legacy his generosity knew no bounds,US NEWS
rare first printing of us constitution sells for record figure at auction,US NEWS
washington state florist who rejected samesex wedding job settles with couple,US NEWS
kyle rittenhouse jury returns for day of deliberations,US NEWS
kyle rittenhouse jury wraps up day of deliberations no verdict yet,US NEWS
more americans than ever understand climate change is real and harmful,ENVIRONMENT
emergency request filed as execution looms for julius jones in oklahoma,US NEWS
defense starts in trial over killing of ahmaud arbery,US NEWS
train slices amazon delivery truck in half driver unhurt,US NEWS
climate conference reverses course on call to end coal use,ENVIRONMENT
north americas rarest mammal makes surprise appearance in colorado garage,ENVIRONMENT
first lawsuits filed after travis scott concert leaves 8 dead,US NEWS
surgeon general us is prepared to defend covid vaccine rule for companies,US NEWS
mourning starts as houston officials probe astroworld concert deaths,US NEWS
8 dead after crowd surge during travis scott set at astroworld festival,US NEWS
prevea health ends partnership with aaron rodgers following antivaccine comments,US NEWS
kyle rittenhouse juror dismissed over racist joke about jacob blake shooting,US NEWS
zillow ending homeflipping business will lay off 25 of staff,US NEWS
prosecutor says kyle rittenhouse instigated kenosha bloodshed,US NEWS
supreme court hears challenges to texas law banning most abortions,US NEWS
this desert may contain secrets to avoiding climate famine,ENVIRONMENT
southwest airlines pilot told passengers lets go brandon in antibiden dig reporter,US NEWS
rust armorer has no idea where live rounds on movie set came from lawyers,US NEWS
prosecutors drop felony charge against man accused of 43 cent soda theft,US NEWS
remains found in california desert identified as missing woman lauren cho,US NEWS
jacob jake cefolia united airlines executive who went missing in  found dead,US NEWS
elusive owl caught on camera after flying under radar for 150 years,ENVIRONMENT
12 striking photos you missed this week,US NEWS
zebra saga maryland officials hatch capture plan involving even more zebras,US NEWS
bill clinton released from california hospital after infection,US NEWS
600lb stranded sea turtle splashes back into the ocean after rescue,ENVIRONMENT
11 striking photos you missed this week,US NEWS
republic flight makes emergency landing in ny after passengers erratic behavior,US NEWS
facebook exec algorithms should be broadly regulated with more transparency,US NEWS
justice department wont pursue charges against cop who shot jacob blake,US NEWS
pat robertsons 700 club departure marked with montage of his most repulsive comments,US NEWS
2 win nobel prize in medicine for showing how we react to heat touch,US NEWS
covid vaccine mandate takes effect for nyc teachers staff,EDUCATION
extreme numbers of large invasive spiders in georgia may be a good thing,ENVIRONMENT
person of interest in miya marcano disappearance found dead,US NEWS
federal judge suspends new york citys vaccine mandate for teachers,EDUCATION
covidsick zoo lions fed tempting baby food chicken broth to amp up appetites,ENVIRONMENT
army officer admits having all vaccines but not covid19 shot because of freedom,US NEWS
michael flynn spreads bizarre conspiracy theory about vaccines in salad dressing,US NEWS
brazil health minister tests positive for covid19 after un general assembly,US NEWS
biden easing foreign travel restrictions requiring vaccines,US NEWS
search resumes for man whose girlfriend disappeared on crosscountry trip,US NEWS
american samoa reports its first case of covid19,US NEWS
red states wolfkilling campaign may have just backfired,ENVIRONMENT
woman pulled to her death after train doors close between herself and tethered dog,US NEWS
explosion collapses part of apartment building near atlanta,US NEWS
fbi releases declassified file of probe into possible 911 saudi government links,US NEWS
more than 100 birds found covered in oil after hurricane ida refinery spill,ENVIRONMENT
us marks 20 years since 911 in shadow of afghan wars end,US NEWS
great white shark is missing unusual amount of teeth anyone know a good dentist,ENVIRONMENT
exprosecutor charged in ahmaud arbery case booked at jail,US NEWS
ap photographer his leg lost seeks answers on disability from paralympians,ARTS & CULTURE
californians coming home after fleeing wildfire now face bear breakins,ENVIRONMENT
facebook apologizes for labeling video of black men as primates,US NEWS
arizona school principal threatened with zip ties after asking student to quarantine,US NEWS
georgia professor quits during class after student defies his mask policy,US NEWS
hurricane ida intensifies to category 4 as it barrels toward gulf coast,US NEWS
today is it louisiana braces for menacing hurricane ida,US NEWS
hurricane ida predicted to hit louisiana on katrina anniversary,ENVIRONMENT
delta air lines to impose monthly charge for unvaccinated employees,US NEWS
carnival cruise passenger dies of covid19 after first trip outside the us,US NEWS
henri hurls rain as storm settles atop swamped northeast,US NEWS
at least 22 killed in tennessee flash floods dozens missing,US NEWS
tropical storm henri makes landfall in rhode island,US NEWS
conservative radio host phil valentine dies after covid19 illness,US NEWS
coastal evacuations urged as hurricane henri heads north,US NEWS
what to know about tropical storm henri as it heads north,US NEWS
biden sticks by trump decision to strip wolves of endangered species protections,ENVIRONMENT
judge california ridehailing law is unconstitutional,US NEWS
graders lead effort to clear the name of wrongly convicted salem witch,US NEWS
california school delays reopening after classrooms taken over by rats,US NEWS
kushner pal hit with state charges months after trump pardon,US NEWS
wisconsin doubles wolf hunt quota even after biologists warn of serious risk to population,ENVIRONMENT
cardinal who expressed skepticism about vaccines has covid19 is on ventilator,US NEWS
man handfeeds mako shark still has hand,ENVIRONMENT
the pandemic has let alaskan whales get some peace and quiet,ENVIRONMENT
bee swarm attack in arizona kills man injures several others,ENVIRONMENT
artist flips face masks into things of olympic beauty,ARTS & CULTURE
oregon investing 220 million to handle growing wildfire problem,ENVIRONMENT
deadly caribbean coral disease linked to ship wastewater,ENVIRONMENT
new york city workers will be required to get vaccinated or face weekly tests,US NEWS
tv reporter shares harrowing experience enduring sexual harassment in the field,US NEWS
amanda kloots slams critic who said shes dating too soon after nick corderos death,US NEWS
stranded baby orca in new zealand sparks nationwide search for his pod,ENVIRONMENT
nih director issues blunt reality check to people choosing not to get covid19 vaccine,US NEWS
dramatic videos show deadly flooding in china,ENVIRONMENT
dozens sickened after chemical incident at texas water park,US NEWS
scientists fear for birds as utahs great salt lake nears record low levels,ENVIRONMENT
thousands of flamingos die as lake in turkey dries up in drought,ENVIRONMENT
police 2 people died at former versace mansion in apparent double suicide,US NEWS
thousands of fish burst from plane and plummet into lake in mesmerizing video,US NEWS
florida breaks annual manatee death record in first 6 months,ENVIRONMENT
carnivalgoers rush to stop ride from tipping over at michigan fair,US NEWS
did a study find your cat hated having you home during lockdown not quite,US NEWS
miami courthouse to undergo urgent repairs after inspection prompted by condo collapse,US NEWS
hellion foster dog gets hilarious adoption site filled with fbombs,US NEWS
death toll in surfside condo collapse rises to 32 as storm approaches,US NEWS
explosives set off to bring down rest of collapsed florida condo,US NEWS
demolition crews move forward with work at collapsed fl condo tower amid storm fears,US NEWS
3 dead as tropical storm elsa barrels through caribbean heads for cuba,ENVIRONMENT
crews on lookout for pets at surfside condo before planned demolition,US NEWS
cargo plane with engine trouble crashes off hawaii with 2 onboard,US NEWS
large explosion rocks south la during police seizure of illegal fireworks,US NEWS
venezuela migrants crossing us border in recordhigh numbers,US NEWS
miami condo collapse death toll rises to 11 150 people still missing,US NEWS
families cling to hope as condo collapse death toll rises to 9,US NEWS
rescue crews find another body at collapse site raising death toll to five,US NEWS
first cruise ship to set sail from us port since covid19 pandemic shutdown,US NEWS
south florida condo search impeded by very deep rubble fire,US NEWS
man jumps out of moving airplane at los angeles international airport,US NEWS
us jobless claims tick down to 411000 as economy heals,US NEWS
biden outlines global vaccine plan will fall short of june distribution goal,US NEWS
one killed after driver crashes into pride parade in south florida,US NEWS
va moves to offer gender confirmation surgery to vets,US NEWS
remains of 10 native american kids to be disinterred from exboarding school,US NEWS
tropical storm claudette raises lifethreatening flash flooding,US NEWS
after enrollment dips public schools hope for fall rebound,EDUCATION
texans asked to conserve energy as main power grid struggles to keep up,ENVIRONMENT
delta flight diverted after offduty flight attendant makes terroristic threats,US NEWS
dog ejected from car crash found safe on farm herding sheep,US NEWS
4 people rescued from boat dangling over dam at texas reservoir,US NEWS
2 passengers test positive for covid19 on first north american cruise in 15 months,US NEWS
daughter has best response to dads 80000penny child support payment,US NEWS
scientists revive 24000yearold animal found in siberian permafrost,US NEWS
energy secretary says us adversaries are capable of shutting down power grid,US NEWS
a ring of fire eclipse will blaze across the sky this week,ENVIRONMENT
biden moves to restore endangered species protections eroded by trump,ENVIRONMENT
new and very cute chocolate frog species identified by scientists,ENVIRONMENT
3000 eggs abandoned after drone crashes into nesting island scares off birds,US NEWS
florida governor bans transgender women from school sports,US NEWS
shooting outside florida banquet hall leaves 2 dead over 20 injured police,US NEWS
florida data scientist rebekah jones granted whistleblower status,US NEWS
teenage daughter of author michael lewis photographer tabitha soren killed in car crash,US NEWS
vatican issues street art stamp ends up getting sued,ARTS & CULTURE
florida school edits girls yearbook photos to hide their chests,US NEWS
apple ceo faces tough questions about app store competition,US NEWS
colonial pipeline says normal operations have resumed,US NEWS
repairing cracked memphis bridge could take months choking vital supply chain artery,US NEWS
austrian prince accused of illegally killing bear named arthur in romania,ENVIRONMENT
5 things to watch for at bidens big earth day climate summit,ENVIRONMENT
brazil is key to bidens global climate ambitions the only problem bolsonaro,ENVIRONMENT
2 killed in fiery crash when driverless tesla hits tree in texas say officials,US NEWS
fauci predicts johnson & johnson vaccine will be reapproved this week,US NEWS
half of us adults have now received at least 1 covid19 shot,US NEWS
hundreds protest police killing of 13yearold adam toledo in chicago,LATINO VOICES
family of actor chantel giacalone awarded 29 million in peanut allergy case,US NEWS
virginia police caught on video drawing guns on black army lieutenant during traffic stop,US NEWS
fox news brian kilmeade links prince philips death to meghan and harry interview,US NEWS
infectious disease expert warns of new covid19 wave infecting younger people,US NEWS
bears are acting like friendly dogs due to a strange brain condition,ENVIRONMENT
major biden is a good boy who needs time to adjust dog experts say,US NEWS
over 4000 migrants many kids crowded into texas facility,US NEWS
biden cdc director warn of covid19 rebound if nation relaxes,US NEWS
cdc director explains her dire covid19 warning,US NEWS
elderly asian american woman assaulted nypd seeks suspect,US NEWS
parents of 5 killed when 175foot redwood tree falls onto their car,US NEWS
cdc head warns of impending doom as covid19 cases rise across us,US NEWS
virus fight stalls in early hot spots new york new jersey,US NEWS
4 dead more than 100 rescued after heavy rainfall floods tennessee,US NEWS
americas richest 1 dodge taxes on more than a fifth of their income study finds,US NEWS
alaska costco shoppers say ravens steal their groceries,US NEWS
vaccinated older adults are emerging from their coronavirus hibernation,US NEWS
jill biden reflects on resilience and the first thanksgiving without stepson beau,US NEWS
jacob blake files excessive force lawsuit against officer who shot him,US NEWS
series of tornadoes slam into alabama and georgia killing at least 5,US NEWS
usc to pay 11 billion in sex abuse settlements to former patients of campus gynecologist,US NEWS
colorado shooting suspect makes court appearance,US NEWS
february snowstorms in texas caused at least 111 deaths officials say,US NEWS
boulder shooting survivor it doesnt feel like theres anywhere safe anymore sometimes,US NEWS
feds question astrazeneca vaccine data in unusual latenight statement,US NEWS
meghan markle and prince harry werent really married 3 days before their wedding,US NEWS
supreme court to consider reinstating death penalty against boston bomber,US NEWS
buffalo police release new bodycam footage of police pushing older protester,US NEWS
texas roadhouse ceo kent taylor dies amid covid19 struggle,US NEWS
supporters rally across the nation against antiasian hate after spa shootings,US NEWS
watch horrifying moment dad takes toddler into zoo elephant pen  and animal charges,US NEWS
deadbeat millionaires owe irs 24 billion as audits of rich plunge 72,US NEWS
ncaa improves weight room for womens march madness tournament after backlash,US NEWS
father accused of taking 2yearold into elephant habitat at san diego zoo,US NEWS
exucla coach sentenced to 8 months in prison for college admissions scam,US NEWS
city of chicago withholds vaccine from hospital that gave shots to trump tower staff,US NEWS
girl 8 throws mattress through window of burning chicago home leaps to safety,US NEWS
gregory bush pleads guilty to federal hate crimes in kroger shooting,US NEWS
cdc changes school guidance allowing desks to be closer,US NEWS
judge limits evidence refuses to move trial in george floyd death,US NEWS
when law enforcement fails hate crime victims,US NEWS
asian americans grieve organize in wake of atlanta attacks,US NEWS
vanessa bryant names deputies accused of sharing kobe gianna crash photos,US NEWS
joe biden calls attacks on asians unamerican after georgia massage spa shootings,US NEWS
millions across southeast brace as tornadoes sweep region,US NEWS
virginia state university president takes student back to school in viral basketball clip,US NEWS
child border crossings are surging straining us facilities,US NEWS
massage spa shootings in georgia leave 8 dead including 6 women of asian descent,US NEWS
california city cuts power to restaurant that refused to close for covid19,US NEWS
at least 57 dead from texas winter storm preliminary report says,US NEWS
i dont need the vaccine gop worries threaten virus fight,US NEWS
hundreds of spring break partiers arrested in miami beach defying covid19 concerns,US NEWS
lawyer for derek chauvin claims settlement paid to george floyds family taints trial,US NEWS
arna kimiai second suspect in san francisco uber attack surrenders to police,US NEWS
charlie hebdo cartoon shows queen kneeling on meghan markles neck,US NEWS
yoyo ma performs impromptu concert at vaccine site after his second dose,US NEWS
2000 flights canceled in denver as heavy snowstorm hits,US NEWS
remembering breonna taylor on the first anniversary of her death,US NEWS
chris harrison wont be returning to host bachelorette next season after racism controversy,US NEWS
immigrant children packed into texas border patrol tent for days,US NEWS
georgetown law professor fired for abhorrent comments about black students,US NEWS
uber attack suspect arrested in las vegas other says shell surrender,US NEWS
us pedestrian deaths soar in total failure as states prioritize vehicle speed traffic flow,US NEWS
arkansas teacher suspended for making 5yearold dig feces from toilet,US NEWS
banned uber attacker says shell take lyft then lyft bans her,US NEWS
us narrows in on organized extremists in capitol siege probe,US NEWS
los angeles school district reaches deal to reopen classes,US NEWS
uber passengers pepper spray cough on driver in appalling attack,US NEWS
judge dismisses criminal case against breonna taylors boyfriend kenneth walker iii,US NEWS
south dakota gov noem to sign ban on transgender girls from female sports,US NEWS
cdc releases new guidelines for fully vaccinated americans,US NEWS
cop pepper sprays black mom with toddler in disturbing bodycam video,US NEWS
college student dies fraternity suspended after alleged hazing,US NEWS
jury selection on pause for trial of excop charged in george floyds death,US NEWS
protesters gather in minnesota ahead of trial of exofficer charged in george floyds death,US NEWS
proud boy spoke to a trump white house staffer days before insurrection report,US NEWS
california to reopen disneyland major league baseball stadiums and other outdoor venues,US NEWS
prosecutors to drop charges against kenneth walker breonna taylors boyfriend,US NEWS
youtube will lift ban on trump channel when risk of violence decreases ceo,US NEWS
officers maced trampled docs expose depth of jan 6 chaos,US NEWS
california to give 40 of vaccine doses to vulnerable areas,US NEWS
texas power grid ceo fired after deadly february blackouts,US NEWS
cdc begs states lifting covid19 restrictions to not risk another deadly wave,US NEWS
13 dead in california vehicle crash,US NEWS
vernon jordan civil rights activist and lawyer dies at age 85,US NEWS
catholics urged to shun johnson & johnson vaccine over abortion link,US NEWS
minneapolis nixes plan to hire social media influencers during derek chauvin trial,US NEWS
texas electricity firm files for bankruptcy citing 18 billion grid operator bill,US NEWS
fraud overwhelms pandemicrelated unemployment programs,US NEWS
cdc panel endorses third vaccine option from johnson & johnson,US NEWS
former aide accuses cuomo of sexual harassment,US NEWS
doctor performing surgery tells judge to go right ahead during video traffic court,US NEWS
monarch butterfly population in mexico drops by more than a quarter,ENVIRONMENT
10 death row inmates in oklahoma could get new trials,US NEWS
lady gagas dogs recovered safely,US NEWS
american airlines pilot reports mysterious cylindrical object over aircraft in new mexico,US NEWS
cdc urges stricter gym precautions after covid19 outbreaks linked to facilities,US NEWS
more than 13 million texans still facing issues with water supply,US NEWS
backlogged cases push california covid19 deaths past 50000,US NEWS
ahmaud arberys mom reflects on imagining the rest of her life without her son,US NEWS
la sheriff says tiger woods crash purely an accident,US NEWS
johnson & johnsons oneshot covid19 vaccine effective safe fda staff,US NEWS
5 board members of texas power grid operator to resign after grid collapse,US NEWS
protester sues city of buffalo after he cracked his skull when police shoved him,US NEWS
united airlines grounds 24 boeing 777s after plane suffers engine failure,US NEWS
california college professor on leave after berating student who is hard of hearing,US NEWS
united plane loses engine midflight scattering debris in denver suburbs,US NEWS
bomb squad called to suspicious bag find adorable surprise inside,US NEWS
southern cities hit hard by storms face new crisis,US NEWS
2 women busted for disguising themselves as grannies to jump covid19 vaccine line,US NEWS
some electricity restored in texas but water woes grow,US NEWS
us needs to brace itself for more deadly storms experts say,US NEWS
us seizes over 10 million fake n95 masks in covid19 probe,US NEWS
biden democrats to unveil immigration bill with faster pathway to citizenship,US NEWS
us life expectancy drops a year in pandemic most since wwii,US NEWS
covid19 bill would scale up us ability to spot virus mutations,US NEWS
power outages linger for millions as another icy storm looms,US NEWS
serena williams talks preparing to face incredible opponent naomi osaka,US NEWS
carbon monoxide poisoning leaves 2 dead several hospitalized as texans try to stay warm,US NEWS
deadly winter storm leaves more than 4 million without power,US NEWS
overnight tornado kills 3 leaves trail of destruction in north carolina,US NEWS
extreme winter weather hits hard across us,US NEWS
girl wakes up from coma that resulted from car crash with chiefs coach britt reid,US NEWS
former tampa bay bucs star receiver vincent jackson found dead in hotel room,US NEWS
virginia college forfeits basketball game after suspending players for kneeling during anthem,US NEWS
for parkland seniors high school years bookended by tragedy,US NEWS
tennessee man leaves absolute fortune to his pet dog,US NEWS
us capitol riot doobie smoker ordered to remain jailed,US NEWS
fire destroys large section of paul newmans camp for sick children,US NEWS
britney spears dad must share power over her conservatorship judge reaffirms,US NEWS
some asylumseekers waiting in mexico to be allowed in us,US NEWS
6 killed in 130vehicle pileup on icy texas interstate,US NEWS
government investigates massive counterfeit n95 mask scam,US NEWS
us jobless claims fall slightly to 793000 with layoffs high,US NEWS
esmé bianco names marilyn manson as her abuser,US NEWS
3 cuban nationals rescued after nearly 5 weeks on deserted island,US NEWS
teachers union approves deal with chicago schools to return to class,US NEWS
aunt jemima unveils new name after years of controversy,US NEWS
michigan man killed when cannon explodes at baby shower,US NEWS
facebook says it will start deleting posts with false covid19 claims,US NEWS
us sees deadliest week for avalanches since with 14 people killed,US NEWS
patriots fly vaccinated health care workers to the super bowl,US NEWS
second major snowstorm in a week hits northeast,US NEWS
amateur sleuths reunite navy meteorologist with wallet lost in antarctica in the 60s,US NEWS
the undead myth of sex trafficking at the super bowl,US NEWS
volunteer army helps florida elders book coveted covid19 shots,US NEWS
biden set to accept more refugees after years of trump restrictions,US NEWS
wisconsin mom finally meets baby girl delivered during covid19 coma,US NEWS
mckinsey to pay 573 million for role in opioid crisis reports,US NEWS
former ohio cop charged with murder in fatal shooting of andre hill,US NEWS
justice dept drops yale admissions suit alleging antiasian white discrimination,EDUCATION
jeff bezos stepped down as amazon ceo and the gags came quicker than a prime package,US NEWS
bodycam captures police chief officer defending slavery using racial slurs,US NEWS
police car drives through crowd at street race injuring at least 1,US NEWS
larry king iconic tv and radio interviewer dies at 87,US NEWS
the best books of,ARTS & CULTURE
cnns andrew kaczynski mourns death of baby daughter francesca in touching tribute,US NEWS
12000 nyc kids bumped from inperson education over missing virus testing forms,US NEWS
california brush fire at us marine bases forces christmas eve evacuations,US NEWS
biden introduces his climate team says no time to waste,ENVIRONMENT
ma raineys black bottom is viola davis at her most exciting,ARTS & CULTURE
getting through  with mominatu,ARTS & CULTURE
barack obamas memoir a promised land is good but not good enough,ARTS & CULTURE
gorilla tends to injured bird in heartmelting display of kindness,ENVIRONMENT
this years rockefeller center christmas tree is exactly what youd expect for,ARTS & CULTURE
charles dance on the crown game of thrones and aging in hollywood,ARTS & CULTURE
tropical storm eta expected to strike florida keys as a hurricane,US NEWS
russian scientists discover huge walrus haulout in arctic circle,ENVIRONMENT
couple married for 68 years dies in colorado wildfire after refusing to leave home,US NEWS
michigan man wins 2m after mistakenly buying extra lottery ticket,US NEWS
theres a lemur 5yearold helps crack san francisco zoo theft case,US NEWS
rural midwest hospitals are struggling to handle covid surge,US NEWS
david attenborough calls out the excesses of capitalism in a world facing climate change,ENVIRONMENT
doc antle of tiger king indicted on animal cruelty wildlife trafficking charges,ENVIRONMENT
times most influential indigenous activist capitalism destroys the whole planet,ENVIRONMENT
pence ordered us borders closed after cdc experts refused,US NEWS
read the latest on trumps health and the spread of covid19 among republicans,US NEWS
attorney steve barnes of cellino & barnes dies in plane crash,US NEWS
emily in paris is as boring and basic as a sponsored instagram story,ARTS & CULTURE
shooting at large biker gathering in iowa leaves 1 dead 7 injured,US NEWS
portland sees another night of protests but lower turnout at rightwing rally,US NEWS
portland bracing for large rightwing rally in support of trump,US NEWS
walmart amazon donate to qanonpromoting tennessee politician,US NEWS
underwater and on fire us climate change magnifies extremes,US NEWS
parents say son died in wildfire trying to save grandmother,US NEWS
college students test positive for coronavirus throw party anyway,US NEWS
naya rivera called for help as she drowned according to autopsy report,US NEWS
the comedy wildlife photography finalists are delightfully sealy,ENVIRONMENT
maine wedding linked to more than 140 covid19 cases 3 deaths state cdc,US NEWS
california wildfire traps campers in national forest,US NEWS
worlds loneliest elephant will leave zoo to embark on new life,US NEWS
procop rally draws scores to kenosha amid protests against police violence,US NEWS
1 person killed in portland as protesters trump supporters clash,US NEWS
arkansas sheriff resigns after hes caught on tape in racist tirade,US NEWS
weeks without power or water lie ahead as laura cleanup begins,US NEWS
university of arizona prevented coronavirus outbreak on campus by testing wastewater,EDUCATION
female penguins become new moms after adopting egg together,ENVIRONMENT
a year after elijah mcclains death activists want charges,US NEWS
its a tiny giant panda mei xiang gives birth on panda cam at national zoo,US NEWS
can a book club fight racism,ARTS & CULTURE
robert trump the presidents younger brother dead at 71,US NEWS
bull chases firefighters battling california wildfire,US NEWS
friends dont sacrifice friends to bears wild national park service message warns,ENVIRONMENT
georgia school reports 9 coronavirus cases after photos of packed hallways go viral,US NEWS
north carolina rocked with 51 magnitude earthquake,US NEWS
postal service reshuffles leadership as democrats push for answers on delays,US NEWS
marines halt search for 8 missing troops off southern california coast all presumed dead,US NEWS
spacex capsule and nasa astronauts make first splashdown in 45 years,US NEWS
financially struggling zoos could be latest pandemic victims,US NEWS
tropical storm isaias nears virushit florida after lashing the bahamas,US NEWS
airplane midair collision kills 7 including alaska state legislator,US NEWS
james murdoch quits news corp board and everyone cracks the same jokes,US NEWS
minnesota couple wears nazi face masks to walmart after state mask mandate,US NEWS
wildfires scorch the arctic as siberian heatwave rages,ENVIRONMENT
florida reports over 15000 covid19 cases in singleday record,US NEWS
north atlantic right whales one step from extinction report warns,ENVIRONMENT
how utility companies use charitable giving to influence policy,ENVIRONMENT
minneapolis shooting leaves 1 dead 11 injured,US NEWS
don lemon responds to dave chappelles criticism of him in new 846 netflix special,US NEWS
russian diesel spill that stained rivers red may have been due to melting permafrost,ENVIRONMENT
street artist honors protesters with nina simones iconic quote about freedom,ARTS & CULTURE
scorning extinction crisis trump opens east coast marine monument to commercial fishing,ENVIRONMENT
us cities assess protest damage await another day of unrest,US NEWS
protesters converge on white house for second straight day,US NEWS
13 sailors on the uss theodore roosevelt again test positive for covid19 after reportedly recovering,US NEWS
how new york suffered nearly 10 times the number of deaths as california,US NEWS
motherhood thrust me into a new often isolated life then the world joined me,ARTS & CULTURE
please stop writing why i left new york pandemic essays,ARTS & CULTURE
governors call trumps testing claims delusional and absolutely false,US NEWS
coronavirus pandemic prompts spike in demand for food pantries,US NEWS
us overtakes italy with largest number of coronavirus deaths,US NEWS
fda to alex jones stop selling fake coronavirus cures,US NEWS
master of none cocreator alan yangs latest project is his most personal one yet,ARTS & CULTURE
americans brace for hardest saddest week of their lives,US NEWS
bill de blasio claims proof coronavirus spreads without symptoms only came recently,US NEWS
colleges leave sexual assault survivors in limbo as coronavirus spreads,US NEWS
nyc mayor fears schools shut down over coronavirus may not reopen this year,US NEWS
coronavirus forces mosques to reassess weekly prayers and ramadan plans,US NEWS
us masters golf tournament postponed due to coronavirus outbreak,US NEWS
pregnant 19yearold dies trying to climb us border wall,US NEWS
head of us soccer resigns after equal pay backlash,US NEWS
drivethru coronavirus test centers are coming but first they need test kits,US NEWS
tom hanks rita wilson say theyve tested positive for coronavirus,US NEWS
ncaa will limit march madness attendance due to coronavirus,US NEWS
nearly 1000 people diagnosed with coronavirus in us,US NEWS
only 6563 americans have been tested for the coronavirus so far,US NEWS
man who threatened to kill rep omar gets light sentence after she called for leniency,US NEWS
new york state will produce hand sanitizer made by prison inmates,US NEWS
the preventable death of an asylum seeker in a solitary cell,US NEWS
home coronavirus test kits may soon be coming to seattle,US NEWS
cruise ship hit by coronavirus to dock in oakland california,US NEWS
us surgeon general dodges coronavirus question praises trumps health in interview,US NEWS
cruise ship circles off california coast after 21 test positive for coronavirus,US NEWS
marnie who went from scraggly shelter dog to internet star dies at 18,US NEWS
new york state coronavirus cases jump to 76 gov cuomo declares state of emergency,US NEWS
trump signs 83 billion bill to combat coronavirus outbreak in us,US NEWS
cruise passengers off california await virus test results,US NEWS
several companies will not appear at sxsw due to concerns about coronavirus,US NEWS
fda bans shock devices used on patients with mental disabilities,US NEWS
critics of american dirt confront author and oprah in tv special,US NEWS
coronavirus death rate still uncertain as mild cases go unreported,US NEWS
deadly tornadoes tear through nashville collapsing buildings around the city,US NEWS
man gets more than 5 years prison for harassing parkland victims,US NEWS
lake erie homes look surreal after being encased with thick ice from storm,US NEWS
us coronavirus death toll climbs to 6 all in washington state,US NEWS
new york state announces first confirmed coronavirus case,US NEWS
university of california santa cruz fires 54 graduate students after wage strike,US NEWS
the spectacular finale of mad mike,US NEWS
the white house is really screwing up its coronavirus response,US NEWS
founder of trader joes markets joe coulombe dies at 89,US NEWS
northern california woman with coronavirus in serious condition,US NEWS
dog pronounced dead after delta flight from ohio to los angeles,US NEWS
california monitoring 8400 people for coronavirus but needs more test kits,US NEWS
wharton school names its first black first female dean in history,US NEWS
car thief steals hearse with a body in the back,US NEWS
6 dead including gunman after molson coors facility shooting in milwaukee,US NEWS
bill cosbys publicist calls weinstein verdict a sad day for the judicial system,US NEWS
runner with broken leg crawls for 10 hours through wilderness to find help,US NEWS
video shows terrifying moment snowmobiler is swept away by avalanche,US NEWS
harvey weinstein found guilty in rape trial,US NEWS
vanessa bryant sues helicopter company over crash that killed kobe gianna,US NEWS
elderly couple missing since valentines day found alive in california forest,US NEWS
us to lay out case against julian assange at extradition hearing,US NEWS
woman struck and killed by mardi gras float during parade,US NEWS
florida cant stop felons from voting over unpaid fines court rules,US NEWS
12yearold boy hospitalized after body slammed by school employee cops,US NEWS
mississippi braces for more rain as hundreds of homes flooded in jackson area,US NEWS
ruth bader ginsburg wows instagram users with fabulous glittery look,US NEWS
boy scouts file for bankruptcy amid rampant sex abuse allegations,US NEWS
after sharing bloody image online man sues mississippi cops for alleged brutal attack,US NEWS
14 people evacuated to us from japan test positive for coronavirus,US NEWS
donald stratton uss arizona crew member and pearl harbor survivor dead at 97,US NEWS
1 dead 4 wounded in connecticut club shooting,US NEWS
trump takes daytona 500 warmup lap in presidential limousine,US NEWS
more than 40 americans infected with coronavirus on quarantined cruise ship,US NEWS
third member of high school crosscountry team struck by speeding truck dies,US NEWS
skittles and manchego blast off to satisfy space station crew cravings,US NEWS
barack michelle obama celebrate valentines day with sweet photo exchange,US NEWS
flyers divebomb delta ceo for suggesting they ask permission before reclining seats,US NEWS
former msu gymnastics coach convicted for lying about larry nassar abuses,US NEWS
heres exactly why you should never ever try to drive through a flooded road,US NEWS
florida red flag law removes hundreds of guns in 2 years but is used inconsistently,US NEWS
nasa astronaut reunites with her dog after 328 days in space,US NEWS
evacuee quarantined at texas air base tests positive for coronavirus,US NEWS
colin kaepernick to release memoir i want to tell the story of my evolution,US NEWS
us mens soccer team says women teams pay should be tripled,US NEWS
white supremacist propaganda spreading adl says,US NEWS
2 dolphins with bullet holes and suspected stab wounds found in florida,US NEWS
2 ohio state football players accused of rape kidnapping,US NEWS
here are pics of siba the supremely extra winner of the westminster dog show,US NEWS
another inmate dies in mississippi prison after doj opens civil rights investigation,US NEWS
video shows deputy threatening to shoot high schooler for trying to leave campus,US NEWS
man arrested for allegedly posing as uber lyft driver to sexually assault riders,US NEWS
martin luther king jr ponders meaning of love in newly discovered note,US NEWS
new details released on kobe bryant helicopter crash,US NEWS
american in wuhan becomes first nonchinese national to die from coronavirus,US NEWS
bill cosby tweets from prison to thank snoop dogg for defending him,US NEWS
frustration in colorado city as cop found drunk in patrol car avoids prosecution,US NEWS
high water wreaks havoc on great lakes swamping communities,US NEWS
renowned african musician accuses tsa of wrecking his instrument,US NEWS
hawaii doomsday mom left missing kids belongings in storage unit,US NEWS
puppy starts house fire sits on the couch and watches it all burn,US NEWS
dianne feinstein calls for crashwarning systems on helicopters after kobe bryants death,US NEWS
new york state effectively bans broker fees which often cost renters thousands,US NEWS
california may pause student fitness tests for 3 years due to bullying,US NEWS
theres pawsome news about the worlds worst cat,US NEWS
twitter rips trump over super bowl ad featuring alice marie johnson,US NEWS
2 dead in shooting at texas a&m universitycommerce campus residence hall,US NEWS
1 dead multiple wounded in shooting on greyhound bus in california,US NEWS
author mary higgins clark queen of suspense dead at 92,US NEWS
gun rights activists carrying semiautomatic weapons rally inside kentucky capitol,US NEWS
groundhog punxsutawney phil predicts an early spring,US NEWS
nra chief of staff accused of sex harassment is reportedly out of organization,US NEWS
university football coach in michigan who called hitler a great leader resigns,US NEWS
fda issues warning to purell over claims it can prevent ebola or flu,US NEWS
white supremacist dylann roof appeals death penalty in church massacre,US NEWS
all 9 bodies recovered from kobe bryant helicopter wreckage officials say,US NEWS
trump administration expands coronavirus screenings to 20 airports,US NEWS
helicopter pilot in kobe bryant crash tried to climb to avoid fog,US NEWS
bystanders lift suv off of pinned woman in dramatic manhattan rescue,US NEWS
prince andrew has not answered jeffrey epstein interview requests attorney,US NEWS
grieving fans mourn lakers star at staples center aka the house kobe built,US NEWS
2 new coronavirus cases confirmed in the us bringing total to 5,US NEWS
mother dog found dragging her puppies in a crate on the side of the road,US NEWS
cdc confirms second case of coronavirus in the us,US NEWS
texas student who traveled to china being tested for possible coronavirus,US NEWS
a guide to not getting hacked,US NEWS
rapper juice wrld died from accidental overdose medical examiner determines,US NEWS
us drinking water widely contaminated with forever chemicals watchdog says,US NEWS
cdc confirms first case of deadly virus in us as china says number of infections now 440,US NEWS
boeing expects 737 max planes to return to service mid,US NEWS
sunchips failed noisy compostable packaging gets the last laugh,ENVIRONMENT
tsa apologizes after airport agent snaps native womans braids and says giddy up,US NEWS
us to screen airline passengers from china for new illness,US NEWS
welcome to  ok boomer is being thrown around at the supreme court,US NEWS
delta flight did not notify air traffic control before los angeles fuel dump,US NEWS
chilling footage shows how quickly dangerous rogue waves can strike,US NEWS
judge agrees to block trump order on refugee resettlement,US NEWS
michael avenatti arrested on alleged bail violations prosecutors say,US NEWS
airplane dumps jet fuel over los angeles county elementary schools,US NEWS
judge refuses to secondguess family separations at border,US NEWS
teen missing for weeks found dead inside chimney,US NEWS
us supreme court weighs bridgegate scandal convictions,US NEWS
jeff bezos scorned for 690000 donation to australia fire relief,US NEWS
storms sweep the south and midwest killing at least 11 people,US NEWS
megan rapinoe reacts to protest ban at olympics we will not be silenced,US NEWS
powerful nationwide storms take out power cancel flights and leave 9 dead,US NEWS
machete attacker closes in on fallen cop in terrifying moment disturbing video,US NEWS
mother of atatiana jefferson found dead in texas home,US NEWS
court reverses 35 million verdict against jehovahs witnesses,US NEWS
woman arrested accused of conspiring with qanon followers to kidnap son,US NEWS
silvio horta creator of ugly betty found dead at 45,US NEWS
64 quake strikes puerto rico amid heavy seismic activity,US NEWS
graphic epstein autopsy photos show bloodied neck and jail cell noose,US NEWS
harvey weinsteins reckoning trial looms two years after metoo wave,US NEWS
5 dead dozens injured in multivehicle crash on pennsylvania turnpike,US NEWS
santa anita racetrack sees its first horse death of the new year,US NEWS
west virginia corrections dept will institute holocaust training after nazi salute photo,US NEWS
nick gordon bobbi kristina browns expartner dies at 30,US NEWS
former nba commissioner david stern dead at 77,US NEWS
alabama police chief responds to viral photo of officers homeless quilt,US NEWS
unvaccinated seattle students could be barred from school in the new year,US NEWS
another horse dies at santa anita park ahead of its opening weekend,US NEWS
here are obamas favorite books movies and shows from,US NEWS
australian officials fear 30 of regions koalas have been killed in wildfires,ENVIRONMENT
the growing cultish paranoia behind second amendment sanctuary counties,US NEWS
supreme court lets block on federal executions remain,US NEWS
are we going to talk about it australians wonder when climate change will come up,ENVIRONMENT
cows swept to sea by hurricane dorian and found on island are finally back home,ENVIRONMENT
prestigious breeders cup marred by yet another horse death at santa anita,US NEWS
demonstrators hit brooklyn streets subway station to protest police brutality,US NEWS
greta thunberg climate situation getting more and more absurd,ENVIRONMENT
horse death toll at californias santa anita park reaches 34,US NEWS
the hoax that tricked millions into thinking about the environment,ENVIRONMENT
worker injured in deadly hard rock hotel collapse now faces deportation,US NEWS
2 people shot after gunman opened fire during nh church wedding service,US NEWS
california becomes first state to ban the sale of fur products,ENVIRONMENT
21yearold jailed for 10 days after oversleeping missing jury duty,US NEWS
four homeless men killed in new york city overnight rampage,US NEWS
exdallas cop who killed neighbor i hate myself every single day,US NEWS
metallica delays tour as james hetfield returns to rehab we are devastated,US NEWS
anthropocene documentary shows how humans are wreaking havoc on the planet,ARTS & CULTURE
greta thunberg puts haters in their place with stunning twitter thread,ENVIRONMENT
greta thunberg to world leaders at un climate summit how dare you,ENVIRONMENT
fifth death linked to storm that walloped houston area,US NEWS
washington woman quits job takes 57 days to find her lost dog katie,US NEWS
jeffrey epstein allegedly paid doctors to medicate underage abuse victims,US NEWS
activists petition gates foundation not to honor indias prime minister,US NEWS
sonia sotomayor angela davis among new inductees into womens hall of fame,US NEWS
ric ocasek frontman for hitmakers the cars dead at 75,US NEWS
oxycontin maker purdue pharma files for bankruptcy protection,US NEWS
new york gov andrew cuomo takes executive action to ban flavored ecigarettes,US NEWS
dozens of antiice protesters arrested during sitin at nyc microsoft store,US NEWS
woman was buying dinner for homeless people when taco bell kicked them out,US NEWS
colorado state wont punish students for blackface citing first amendment,US NEWS
all 34 victims of california boat fire idd,US NEWS
california passes bill to stop police from using facial recognition on body cameras,US NEWS
body of last missing victim of california boat fire recovered,US NEWS
liberty university president jerry falwell jr says hes target of attempted coup,US NEWS
purdue pharma tentatively settles landmark lawsuit over its role in opioid crisis reports,US NEWS
worker stabs at least 5 people at florida industrial park police,US NEWS
share of uninsured americans rises for time in a decade,US NEWS
kansas becomes sixth state to confirm vapingrelated death in national outbreak,US NEWS
california wildfire victims slam pg&es bankruptcy plan as extremely disappointing,US NEWS
social media is falling in love with these 2 toddlers hugging in the street,US NEWS
bullies laughed at this boys diy college shirt its now an official design,US NEWS
agents serve search warrants in california boat fire investigation,US NEWS
4 missing after golden ray cargo ship overturns near georgia port,US NEWS
opera union to investigate harassment allegations against plácido domingo,US NEWS
sister of nba star kawhi leonard reportedly charged in 84yearold womans death,US NEWS
facing restrictions at home droves of desperate women seek abortions out of state,US NEWS
mit attempted to hide deep financial ties to jeffrey epstein report,US NEWS
trump just fired off a alabama tweet and twitter is eating him alive,US NEWS
california dive boat crew reports multiple attempts to save 34 passengers,US NEWS
only 1 person remains missing from california dive boat fire,US NEWS
us woman arrested at philippines airport with baby hidden in bag,US NEWS
trump scolds kentucky pastor in incorrectly tagged tweet,US NEWS
ben & jerrys new ice cream flavor takes aim at racism in the criminal justice system,US NEWS
firefighter rescues sea lion as bystanders on pier cheer him on,US NEWS
simone biles breaks silence after brothers triple murder charge my heart aches,US NEWS
the boston straight pride parade actually happened and people were not happy,US NEWS
baby injured in odessa texas shootings expected to make full recovery,US NEWS
texas tv station broadcasts its own evacuation during odessa shooting,US NEWS
kevin hart hospitalized with major back injuries after car crash,US NEWS
hurricane dorian intensifies to dangerous category 5 storm,US NEWS
hurricane dorian expected to skirt florida but still threatens southeast,US NEWS
tweeters make chilling point about jack dorseys account being compromised,US NEWS
hurricane dorian strengthens to category 4 storm,US NEWS
hurricane dorians track still unclear but florida readies for the worst,US NEWS
jim leavelle former dallas detective photographed escorting lee harvey oswald dead at 99,US NEWS
nevada student arrested with rifle 2000 rounds of ammunition in car,US NEWS
fbi crime lab reportedly examining 2 faulty cameras outside jeffrey epsteins jail cell,US NEWS
that chonk of a chonk shelter cat just got some meowvelous news,US NEWS
high schoolers use tiktok in a powerful way to support their teachers,US NEWS
thousands of new yorkers are about to have their pot convictions expunged,US NEWS
judge says lori loughlin husband can keep their law firm in college admissions case,US NEWS
mormon leaders ban guns in church,US NEWS
scores of accusers to speak at hearing after epsteins death,US NEWS
some young americans warm to socialism even miami cubans,US NEWS
dave chappelle hosts celebrityfilled benefit concert in dayton to honor shooting victims,US NEWS
los angeles deputy fabricated story about getting shot by sniper officials say,US NEWS
tourist infected with measles visited disneyland other california attractions,US NEWS
florida teacher suspended after allegedly boasting of 1000 dead if he attacked school,US NEWS
6 people injured after lightning strike during pga tour event,US NEWS
mit admits mistake of judgment in accepting jeffrey epstein donations,US NEWS
dave chappelle set to host benefit concert honoring dayton mass shooting victims,US NEWS
walmart to reopen el paso store with memorial to 22 victims,US NEWS
jeffrey epstein took steps to block victims from his money before death,US NEWS
olympic figure skating coach banned for life after sexual abuse lawsuit,US NEWS
nypd supervisor involved in eric garners deadly arrest keeps job loses vacation days,US NEWS
pastor driving from connecticut to el paso to show that love goes farther than hate,US NEWS
jeffrey epstein coerced woman into marriage new lawsuit alleges,US NEWS
border officials dont plan to vaccinate detained migrants for flu despite deaths,US NEWS
phoenix police must now track every single time they point guns at people,US NEWS
trumploving neonazi arrested for allegedly plotting to kill miami hispanics,US NEWS
american families will pay 1000 per year for trumps china tariffs jpmorgan says,US NEWS
third of surveyed economists expect us will hit a recession in,US NEWS
ag william barr removes federal prison acting director after epstein death,US NEWS
texas officers who led black man by rope wont face criminal probe state says,US NEWS
hundreds arrive to el paso victims funeral after partner feared few would,US NEWS
detention center guard who drove truck into antiice activists quits job,US NEWS
suspect in philadelphia police shootout faces attempted murder charges,US NEWS
migrant kids separated at border faced abuse in foster homes,US NEWS
indiana farmers union joins fight against noxious 8000hog agribusiness operation,US NEWS
tennessee executes stephen west by electric chair,US NEWS
philadelphia mayor pleads for gun control as gunman shoots at police for hours,US NEWS
thousands gather to remember shooting victims at el paso memorial,US NEWS
4 women sue actor danny masterson church of scientology and its leader,US NEWS
the swatting of fortnites world champion highlights a dangerous overlooked crime,US NEWS
mans missing dentures found in his throat 8 days after surgery,US NEWS
after mass shootings latinos worry about being targets,US NEWS
dozens arrested in nyc as jews against ice protesters hit the streets across the nation,US NEWS
latinx youth march in mississippi after immigration raid,US NEWS
family sues after video shows nursing home workers taunting elderly dementia patient,US NEWS
fire at pennsylvania day care kills 5 children,US NEWS
exolympic skating coach accused of sexual abuse by another former student,US NEWS
officials activists call for answers after jeffrey epsteins death in prison,US NEWS
new york prosecutors say jeffrey epstein sex trafficking investigation not over,US NEWS
raided plant owners willfully used undocumented workers,US NEWS
walmart removes violent video game displays after shootings still sells guns,US NEWS
el paso shooting suspect says he targeted mexicans police,US NEWS
vietnam veterans remains flown home by son 52 years after his death,US NEWS
police are investigating interracial couples home explosion as possible hate crime,US NEWS
court allows class action against facebook over use of facial recognition tech,US NEWS
youtuber appears to spit on and hit dog in accidentally uploaded video,US NEWS
children left without parents communities scared to death after massive ice raids,US NEWS
el paso artist works all night to create powerful tribute to a shaken city,US NEWS
walmart employee helped more than 100 people escape el paso shooting,US NEWS
twitter says it may have shared user data with ad partners without permission,US NEWS
judge orders federal agencies to release khashoggi records,US NEWS
elderly woman gets no jail time for feeding stray cats after public outcry,US NEWS
florida state police take over criminal probe into jeffrey epsteins cushy plea deal,US NEWS
video of toni morrison calling out interviewer for powerfully racist question goes viral,US NEWS
tributes pour in for toni morrison a brilliant scribe of our nations complex stories,US NEWS
kacey musgraves has searing question for trump dont you hear our pain,US NEWS
this is the number of us mass shootings so far in,US NEWS
rihanna slams trumps seeming inability to call mass shootings terrorism,US NEWS
mexico considering litigation over shooting of mexicans in the united states,US NEWS
these are the victims of the dayton ohio mass shooting,US NEWS
these are the victims of the el paso walmart shooting,US NEWS
public figures express anger disbelief over third us mass shooting in a week,US NEWS
us warned sweden aap rockys detention could have negative consequences,US NEWS
1 killed others injured after bluff collapses in encinitas california,US NEWS
newscasters would like to point out its august and they cant believe it,US NEWS
robert f kennedys granddaughter saoirse kennedy hill dies at 22,US NEWS
pentagon is reviewing the war cloud contract amazon wants,US NEWS
jussie smolletts legal woes continue as judge reaffirms decision to examine case again,US NEWS
body camera footage shows officers mocking restrained man minutes before his death,US NEWS
us government cant find files on investigation into nuclear arms plant,US NEWS
delta pilot arrested and removed from flight on suspicion of intoxication,US NEWS
kansas hits hemp farmers with felonies accuses them of trafficking weed,US NEWS
backtoback hurricanes churn towards hawaii,US NEWS
tsa agents placed on leave following racist display at miami airport,US NEWS
us soccer claims it pays womens team more than mens,US NEWS
robert de niro schools robert mueller on how to play himself,US NEWS
capital one reveals 100 million people affected by massive data breach,US NEWS
neil degrasse tyson keeps museum post after sexual misconduct probe,US NEWS
indiana cop apologizes after accusing mcdonalds worker of eating his sandwich,US NEWS
shooting at brooklyn community event leaves 1 dead 11 injured,US NEWS
mom of twins who died in hot car defends husband he is a good person,US NEWS
native american war bonnets banned at san franciscos outside lands music festival,US NEWS
student group says harvard woefully failed to address racist sexist messages,US NEWS
newlywed dies in treacherous river after hiking to into the wild bus,US NEWS
justice department approves tmobile takeover of sprint,US NEWS
3 mississippi students face investigation after posing with guns at emmett till sign,US NEWS
four automakers strike emissions deal with california defying trump admin,US NEWS
father of teen suspected in canada murders says manhunt will end in sons death,US NEWS
kim kardashian visits dc jail to discuss criminal justice reform,US NEWS
remains of supermarket worker reported missing 10 years ago found behind cooler,US NEWS
chris kraft nasas first flight director dead at 95,US NEWS
miss michigan dethroned over racially charged islamophobic social media posts,US NEWS
robert morgenthau longestserving manhattan da dead at 99,US NEWS
trump administration pauses enforcement of abortion restriction,US NEWS
louisiana police officer suggests alexandria ocasiocortez be shot in facebook post,US NEWS
2 southwest planes collide on tarmac at nashville airport,US NEWS
buzz aldrin tells trump nasa program is great disappointment,US NEWS
dangerous heat wave hits much of east central us,US NEWS
dangerous new york city heatwave puts inmates in peril,US NEWS
palm beach sheriff announces investigation into epsteins work release,US NEWS
key mueller probe witness indicted on new charges of child pornography sex trafficking,US NEWS
new jersey judge who showed leniency to rape suspect from good family resigns,US NEWS
heat wave to scorch midwest and east coast create dangerous conditions for residents,US NEWS
florida city plays childrens music overnight to prevent homeless people from sleeping,US NEWS
kevin spacey groping case dropped by massachusetts prosecutors,US NEWS
mexican drug lord el chapo to spend life behind bars,US NEWS
nuclear agency considers reducing inspections of reactors,US NEWS
puerto rico governor vows to remain in office after violent protests,US NEWS
man arrested in murder of louisiana activist sadie robertsjoseph,US NEWS
cyberattacks inflict significant harm at technologyrich schools,US NEWS
new york city could be headed for another blackout as heat wave looms,US NEWS
man in charlottesville car attack gets life sentence plus 419 years,US NEWS
immigrants in major cities see no sign of mass ice raids yet,US NEWS
with boeings 737 max still grounded us airlines cancel thousands of flights,US NEWS
a massive blackout hit manhattan and new york did its thing,US NEWS
major power outage in new york blacks out large swaths of city,US NEWS
sadie robertsjoseph founder of african american museum found dead in car trunk,US NEWS
barry weakens to tropical storm as it hits louisiana coast,US NEWS
nearly 400 migrant men crammed into cages amid horrendous stench on mike pence tour,US NEWS
la police chief seeks to wipe out minor arrest warrants for homeless,US NEWS
tropical storm barry gains strength as officials urge residents to prepare for the worst,US NEWS
american airlines apologizes to doctor ordered to cover up before flight,US NEWS
colin kaepernicks skin appears darkened in republican campaign committee fundraising ad,US NEWS
las vegas police release report on lessons from festival massacre,US NEWS
florida principal could lose job over email defending holocaust deniers,US NEWS
soccer star megan rapinoe has searing message for trump do better,US NEWS
new orleans braces for more flooding possible hurricane,US NEWS
judge who told rape victim to close your legs now remorseful lawyer,US NEWS
container ship seized after record 13 billion cocaine bust cbp,US NEWS
michelle carter woman who told boyfriend to kill himself files supreme court appeal,US NEWS
richard bransons virgin galactic plans to go public by the end of,US NEWS
judge blocks rule requiring drug ads to reveal prices,US NEWS
ghost ship founder says hes tired brokenhearted in first day of testimony,US NEWS
trumps top navy pick turns down appointment,US NEWS
california experienced backtoback earthquakes heres what to expect next,US NEWS
democrats in iowa nevada will be able to cast their caucus votes over the phone,US NEWS
florida principal not everyone believes the holocaust happened,US NEWS
dc police mobilize to keep peace as proud boys face overwhelming counterprotest,US NEWS
jeff bezos divorce is reportedly final making his ex among the worlds richest women,US NEWS
jeffrey epstein arrested for allegedly sex trafficking minors reports,US NEWS
news anchors shaken on live tv as southern california earthquake hits,US NEWS
71 magnitude earthquake shakes up southern california,US NEWS
69 earthquake felt in southern california,US NEWS
nicaraguan man dies while in border patrol custody in arizona,US NEWS
body of slain utah state university student recovered police say,US NEWS
billionaire coal tycoon chris cline dies in bahamas helicopter crash,US NEWS
kevin spacey accuser drops lawsuit against actor,US NEWS
anchorage alaska shatters alltime heat record and it could get hotter still,US NEWS
aftershocks following southern california earthquake,US NEWS
inmates will comfort florida countys shelter dogs on fourth of july,US NEWS
las vegas police fire officer who hesitated during mass shooting,US NEWS
migrant children report verbal abuse threats while in border patrol custody,US NEWS
android creator andy rubin accused of running sex ring defrauding wife,US NEWS
lee iacocca auto industry leader dead at 94,US NEWS
federal prosecutors to retry border humanitarian volunteer for helping migrants,US NEWS
nyc student who was set on fire in chemistry accident awarded nearly 60 million,US NEWS
border patrol head condemns agents sexually explicit facebook posts about aoc,US NEWS
papayas from mexico linked to salmonella outbreak in 6 states,US NEWS
border agents armed themselves fearing riots over squalid detainee conditions,US NEWS
judge trump administration must let doctors into centers housing migrant children,US NEWS
10 dead after small plane crash at north texas airport,US NEWS
nyc pride parade is one of largest in movements history,US NEWS
oregon republican senators end walkout after killing carbon bill,US NEWS
911 first responder who asked congress to extend victims fund dies,US NEWS
e coli bacteria linked to san diego county fair kills 1 child sickens 3 others,US NEWS
snorkeler dies after being attacked by several sharks in the bahamas,US NEWS
minnesota city council votes to drop pledge of allegiance before meetings,US NEWS
mother of migrant who drowned with daughter they died in each others arms,US NEWS
2 more broward deputies fired in wake of marjory stoneman douglas shooting,US NEWS
former usc gynecologist charged with sexually assaulting 16 women,US NEWS
jeffrey epsteins unusually light plea deal must stand justice department says,US NEWS
white house threatens to veto bill for improving treatment of detained migrants,US NEWS
after 30 horse deaths california officials may soon have the power to shut down tracks,US NEWS
woman 3 children died of heat exposure after crossing rio grande officials,US NEWS
mike pence says filthy detention facilities heartbreaking but its all on congress,US NEWS
commotion at missouri festival as hot air balloon crashes into crowd,US NEWS
south bend shooting occurs on day of pete buttigiegs event on officerinvolved shooting,US NEWS
horse dies at santa anita race track hall of fame trainer banned,US NEWS
mick jagger makes loud and lively return to stage after heart surgery,US NEWS
9 die in crash of skydiving plane in hawaii,US NEWS
7 dead after motorcycles and pickup truck collide in randolph new hampshire,US NEWS
massive fire erupts at oil refinery in south philadelphia,US NEWS
california governor proposes safety steps for utilities,US NEWS
storms bring tornadoes floods power outages across the us,US NEWS
rare wavelike clouds over virginia mountain look like van goghs famous starry night,US NEWS
small florida city agrees to pay 600000 to hackers who paralyzed its networks,US NEWS
train carrying explosives military weapons derails near nevada interstate,US NEWS
humongous great white shark pays jawslike visit to fishing boat,US NEWS
young black bear euthanized after tourists fed took selfies with it,US NEWS
florida cop acquitted of attempted manslaughter in shooting of unarmed caretaker,US NEWS
costco shooter who killed disabled shopper was an offduty cop now under investigation,US NEWS
phoenix family threatened by police apologies are a slap in the face,US NEWS
shark bites 8yearold boy in attack in north carolina this month,US NEWS
woman arrested for allegedly stomping on protected sea turtle nest in miami beach,US NEWS
mom uses app to locate daughter trapped in mountainside car crash,US NEWS
tires on united airlines jet blow during landing at newark airport,US NEWS
planned parenthood building alabama clinic defying abortion law,US NEWS
valedictorian unleashes searing rebuke of high school staff in speech,US NEWS
michigan prosecutors drop all criminal charges in flint water crisis will start fresh,US NEWS
unearthed emails appear to back suit accusing nicholas sparks of racism homophobia,US NEWS
massachusetts attorney general probes racism allegations against boston museum,US NEWS
dozens of memphis cops injured in unrest at scene of fatal police shooting,US NEWS
santa anita racetrack agrees to boost safety measures amid rash of horse deaths,US NEWS
bohemian rhapsody director bryan singer agrees to pay 150000 to settle rape claim,US NEWS
central park five prosecutor drops columbia law teaching post amid backlash,US NEWS
california gov calls on santa anita race track to suspend races enough is enough,US NEWS
infowars to pay 15k for unauthorized pepe the frog posters,US NEWS
oj simpson says life is fine after prison,US NEWS
obama wishes david ortiz well following shooting,US NEWS
jimmy carter returns to teaching sunday school after hip surgery,US NEWS
oberlin college to pay 11 million to ohio bakery in libel lawsuit,US NEWS
californias santa anita racetrack refuses to close despite 29 horse deaths,US NEWS
dairy farm under investigation after undercover footage reveals animal abuse,US NEWS
drunk driver hits amish horsedrawn carriage killing at least 3 children,US NEWS
probe into mysterious death of american couple in fiji may take weeks officials say,US NEWS
border patrol agent rescues migrant mother and young son from swarm of bees,US NEWS
gunlike sounds incite panic at dc pride parade,US NEWS
sikh airman makes history as hes given permission to wear turban and beard,US NEWS
kroger recalls frozen berries over fears of hepatitis a contamination,US NEWS
death of former arkansas lawmaker probed as homicide,US NEWS
minneapolis excop sentenced to 12 years in prison for fatal shooting of unarmed woman,US NEWS
what a year this week has been at youtube,US NEWS
school officials want to tear down columbine due to increased morbid fascination,US NEWS
fcc allows carriers to block robocalls but it may still cost a fee,US NEWS
97yearold dday veteran parachutes into normandy on anniversary,US NEWS
measles cases surpass 1000 in us amid largest outbreak in 25 years,US NEWS
debate over gun silencers resurfaces following virginia beach shooting,US NEWS
beverly hills believed to be first us city to ban most tobacco sales,US NEWS
central park five series when they see us sparks linda fairstein boycott petition,US NEWS
california gov gavin newsom wont free manson follower leslie van houten,US NEWS
airbnb host kicks out black guests after calling them monkeys,US NEWS
exgovernor rick snyders phone seized in flint water probe,US NEWS
more than 300 boeing planes may have faulty parts investigation finds,US NEWS
states sue pharmacy company behind oxycontin amid opioid crisis,US NEWS
maryland couple found dead in dominican republic hotel room,US NEWS
sikh man rocks rainbow turban for pride and the internet loves it,US NEWS
catholic school principal quits after visiting strip club during field trip,US NEWS
did gun silencer make a difference in virginia beach carnage,US NEWS
virginia beach officials identify municipal center shooting victims,US NEWS
navy acknowledges it was asked to minimize visibility of john mccain warship,US NEWS
accountant linked to varsity blues college admissions scam to plead guilty reports,US NEWS
california gallery moving maga hate exhibit to more secure site following threats,US NEWS
a giant alligator breaks into a florida home and the photos are nightmarish,US NEWS
college grads photo with immigrant parents shows whats missing in border debate,US NEWS
us navy pilot reported near miss with ufo off east coast,US NEWS
horse death toll at santa anita race track rises to 26 in 5 months,US NEWS
veterans walk in high school graduations decades after leaving for wars,US NEWS
maui hiker who went missing for weeks details harrowing survival story,US NEWS
likely tornado kills at least 2 demolishes motel in oklahoma city area,US NEWS
jemele hill drops stunning engagement video inspired by beyoncé and jayz,US NEWS
harvey weinstein and accusers reportedly reach tentative 44 million deal,US NEWS
several people killed as powerful storms tornadoes slam central us,US NEWS
ford motor company to cut roughly 10 of global salaried workforce,US NEWS
chickfila executive calls supporting antilgbtq organizations a higher calling,US NEWS
house explosion leaves one dead two injured in southern indiana,US NEWS
stormy daniels settles suit against michael cohen exattorney keith davidson,US NEWS
navy submarine sailors kept rape lists of female colleagues military probe finds,US NEWS
former football star now school security guard stops armed student at oregon school,US NEWS
colorado police officer quits after confronting black man picking up trash,US NEWS
congressional leaders get classified briefing on iran,US NEWS
suspicious fires are terrorizing a massachusetts jewish community,US NEWS
chelsea manning to ask court to quash new grand jury subpoena,US NEWS
missouri senate passes bill to ban abortions at 8 weeks,US NEWS
deadly camp fire caused by pg&es power lines officials say,US NEWS
teen suspects in colorado school shooting formally charged,US NEWS
tiger woods sued over death of drunk driver who worked at golfers restaurant,US NEWS
texas officer fires 5 shots at woman killing her after struggle with taser,US NEWS
are undocumented immigrants bringing crime to the us study says nope,US NEWS
harvard ousts dean who joined withdrew from harvey weinsteins defense team,US NEWS
measles cases soar to 839 amid worst outbreak in 25 years,US NEWS
author may lose book deal after shaming dc metro worker for eating on train,US NEWS
stem school shooting hero who charged gunman shares dream of becoming emt,US NEWS
states sue generic drug makers over alleged pricefixing schemes,US NEWS
hospital allegedly leaks womans personal info to her rapist leading to second attack,US NEWS
teacher of the year rodney robinson sees great inequities in schools,US NEWS
swarthmore college bans greek life after leaked documents show culture of assault,US NEWS
ubers market debut disappoints most anticipated ipo since facebook a dud,US NEWS
attorney chris darden to stop representing nipsey hussles accused killer,US NEWS
grammys name first female president after 62 years,US NEWS
pompeo going to russia amid disputes over venezuela arctic,US NEWS
guard who detained school shooting suspect opened fire,US NEWS
school district backpedals on jelly sandwichonly policy for students with lunch debt,US NEWS
possible ricin found in evacuated minneapolis apartment complex fbi says,US NEWS
kendrick castillo identified as hero student who died in colorado shooting,US NEWS
study finds roughly 19 million exposed to toxic compounds in drinking water,US NEWS
common says he was molested by a family friend as a child,US NEWS
burn victims sue conagra over exploding cans of pam cooking spray,US NEWS
a parent pleads guilty in college admissions scheme,US NEWS
key witness dies before testifying in ghost ship warehouse fire trial,US NEWS
whistleblower chelsea manning asks court to release her from prison,US NEWS
fcc warns of onering robocall scheme that can drive up phone bills,US NEWS
former trump lawyer michael cohen heads to prison to begin 3year sentence,US NEWS
woman with mental illness gave birth alone in florida jail cell lawyers say,US NEWS
3 believed dead 4 hurt after explosion at illinois silicone plant,US NEWS
unc charlotte student killed while tackling shooter will receive military honors,US NEWS
plane carrying 143 people crashes into jacksonville florida river,US NEWS
tribeca film festival adds boyz n the hood screening to honor john singleton,US NEWS
hero unc charlotte student riley howell died tackling gunman,US NEWS
pg&e to create 105 million fund for california wildfire victims,US NEWS
judge throws out expenn state presidents conviction,US NEWS
lora king rodney kings daughter launches scholarship to help black fathers,US NEWS
burning man says new us rules could spell end of the event as we know it,US NEWS
your shower head might be hiding a dirty little secret,US NEWS
these are the heroes who chased off the poway synagogue gunman,US NEWS
nras wayne lapierre fends off backlash wins reelection as ceo,US NEWS
larry king recovering in hospital after undergoing heart surgery,US NEWS
watch how country music fans pay heartfelt tribute to route 91 borderline victims,US NEWS
navy rear adm john ring prison commander at guantanamo bay fired,US NEWS
judge and civil rights icon damon j keith dead at 96,US NEWS
as passover ends people mourn the deadly poway synagogue shooting,US NEWS
4 dead 3 injured after collapsed crane crushes multiple cars in seattle,US NEWS
boy thrown from mall of america balcony is now alert and conscious,US NEWS
american tourist abducted in uganda shares darkest thoughts from her captivity,US NEWS
nba sacramento kings launch investigation into luke walton sexual assault allegations,US NEWS
veteran held for attempted murder after plowing his car into pedestrians,US NEWS
nearly 8000 alleged child abusers identified in boy scouts files review finds,US NEWS
luke walton accuser kelli tennant talks about sexual assault allegations,US NEWS
pennsylvania woman killed after falling into meat grinder,US NEWS
s teacher of the year teaches incarcerated youth at detention center,US NEWS
six people dead after small plane crash in texas,US NEWS
these are the americans killed in the sri lanka terror attacks,US NEWS
tinder bans george zimmerman from dating app citing user safety,US NEWS
man injured in nipsey hussle shooting released from jail,US NEWS
ben & jerrys demands congress expunge cannabis convictions,US NEWS
zookeeper mauled by topeka zoo tiger rushed to hospital,US NEWS
new mexico governor demands rightwing militia stop illegally holding migrants,US NEWS
judge orders florida to start treating inmates who have hepatitis c,US NEWS
us court upholds most of californias sanctuary migrant laws,US NEWS
aclu condemns vigilantes who are allegedly detaining migrants on the border,US NEWS
measles cases are rising across the us heres what you should know,US NEWS
60 people charged in illegal prescription opioid crackdown,US NEWS
woman who prompted closure of denverarea schools is dead,US NEWS
measles cases hit secondhighest level in us in 25 years,US NEWS
severe weather across the south kills at least 8,US NEWS
2 children dead several people hurt in strong texas storms,ENVIRONMENT
precut melon sold in 16 states recalled amid salmonella outbreak,US NEWS
worlds most dangerous bird kills 75yearold owner in florida,US NEWS
morehouse college to begin taking transgender men next year,EDUCATION
pilots death likely caused by flying with large dog in passenger seat report,US NEWS
oprah winfrey hasnt wavered on her after neverland special despite backlash,US NEWS
lobbyist who steered foreign funds to trump inaugural sentenced to probation,US NEWS
mike pence says trump isnt bringing back family separation at border,US NEWS
black hole scientist defends female colleague against sexist trolls,US NEWS
nipsey hussle a hometown hero immortalized at memorial,US NEWS
officials 1 dead 17 hurt in north carolina gas explosion,US NEWS
physician ally of purdue pharma agrees to testify against oxycontin maker,US NEWS
taylor swift donates 113000 to lgbtq advocacy group in tennessee,US NEWS
3 americans killed contractor injured in roadside blast in afghanistan,US NEWS
eric idles beverly hills home evacuated after anthrax scare,US NEWS
oprah winfrey to donate 2 million to puerto rico for disaster relief,US NEWS
trump administration cancels major league baseball deal with cuba,US NEWS
stanford university expels student with fake sailing credentials tied to bribery scandal,US NEWS
recordsized mama python makes hisssstory in florida,US NEWS
american tourist rescued after being kidnapped during safari in uganda,US NEWS
maggots mice fall through roof into california prison dining hall,US NEWS
chelsea manning out of solitary confinement after 28 days her supporters say,US NEWS
man dies in ice custody after showing flu symptoms,US NEWS
nike slams michael avenattis disgraceful accusations that it bribed teen athletes,US NEWS
california man 67 falls to death at grand canyon,US NEWS
fbi man is not timmothy pitzen 6yearold boy who went missing in,US NEWS
dna test reveals person claiming to be timmothy pitzen is not him,US NEWS
samantha bee has a very lewd response to joe bidens video,US NEWS
texas bans chaplains from execution chamber following supreme court decision,US NEWS
cities cant punish homeless people for sleeping on street court affirms,US NEWS
police release body camera footage of shooting of 20yearold found asleep in car,US NEWS
midwest floodwaters threaten millions in crop and livestock losses,US NEWS
jewish groups in pittsburgh raise funds for new zealands muslim community,US NEWS
neighbors of landmark flintstone house want it sent back to the stone age,US NEWS
its a boy april the giraffe gives birth again,US NEWS
jim carrey grieves over new zealand mosque shooting with tearfilled selfportrait,US NEWS
congress requests stormy daniels hushmoney payoff notes from former fox news reporter,US NEWS
california racetrack bans drugs after horse death toll rises to 22,US NEWS
stanford students sue in college admissions scandal,EDUCATION
pentagon sets limits on transgender troops,US NEWS
ethiopian plane crash victims were un workers doctors academics,US NEWS
martin shkreli suspected of using cellphone to run company from prison,US NEWS
turbulence injures 30 on turkish airlines flight from istanbul to new york,US NEWS
judge dismisses stormy daniels hush money suit against trump,US NEWS
get the xwing ready disney announces star wars land opening dates,US NEWS
facebook to combat antivaccine conspiracy theories and misinformation,US NEWS
holocaust survivor stepsister of anne frank says teens in swastika photo apologized,US NEWS
parents of joycelyn savage call r kellys behavior with gayle king disturbing,US NEWS
california racetrack suspends races indefinitely after 21 horses deaths,US NEWS
dean resigns over schools choice to not consider chickfila,US NEWS
recordbreaking family migration overwhelming resources border officials say,US NEWS
colorados masterpiece cakeshop ends battle over transgender womans cake with state,US NEWS
aftermath alabamas tornado dead range in age from 6 to 89,US NEWS
mindaltering ketaminelike drug okd for severe depression,US NEWS
california attorney general no criminal charges in stephon clark case,US NEWS
more than 600 dogs rescued from puppy mill in georgia,US NEWS
r kelly charged with 10 counts of aggravated criminal sexual abuse,US NEWS
floridas toxic red tide algae bloom is not showing up in tests,ENVIRONMENT
a california city is giving no strings attached money to residents heres why,US NEWS
wildlife photographer of the years winning photo is a valentines day treat,ARTS & CULTURE
luke bryan adopts 18yearold rescue dog that previous owner left at the pound,ENVIRONMENT
popular sumatran tiger melati killed by intended mate at london zoo,ENVIRONMENT
why the satirical slasher velvet buzzsaw has the art world screaming,ARTS & CULTURE
california power company creates plan to help prevent wildfires,ENVIRONMENT
scientists weigh quickresponse strategy to correct climate change bs  like trumps,ENVIRONMENT
new york just sued the trump epa for reversing obamaera air pollution rule,ENVIRONMENT
a song of ice and fire chicago lights up train tracks to battle cold,ENVIRONMENT
noaa claps back at trump and his climate change doubts,ENVIRONMENT
cardi b has some advice for trump supporters during the government shutdown,US NEWS
judge blocks trump birth control coverage rules in 13 states,US NEWS
tsa workers sent 500 bonuses and 1 days pay to ease financial strain,US NEWS
gofundme to reimburse border wall campaign donors,US NEWS
linmanuel miranda takes hamilton to puerto rico with big opening night,ARTS & CULTURE
times up advocates to debut new ribbons bracelets at golden globes,US NEWS
death row inmate found dead in cell after execution halted twice,US NEWS
suspect charged with murder in the jazmine barnes killing in houston,US NEWS
alabama sheriff pocketed 15 million in ice funds for immigrant food report,US NEWS
millions to see pay hikes in as minimum wage increases in 20 states,US NEWS
overwhelmingly white california womens march canceled over representation concerns,US NEWS
this years natural disasters show climate changes dire consequences are already here,US NEWS
apparent foreign cyberattack wreaks havoc on us newspaper distribution,US NEWS
mother accused of hiding daughters diabetes diagnosis as she died,US NEWS
michigan officials avoid felony charges by pleading no contest in flint water scandal,ENVIRONMENT
secret santa allows homeless man to experience the joy of giving,US NEWS
keep calm norad still plans to track santa during the government shutdown,US NEWS
spacex launches first us national security space mission,US NEWS
catholic church withheld over 500 names of priests accused of child abuse report,US NEWS
ruth bader ginsburg posed with gift from fan in latest supreme court portrait,US NEWS
more than 300 local officials from 40 states call for green new deal end of fossil fuels,ENVIRONMENT
famous freewaycrossing mountain lion found dead weeks after woolsey fire,ENVIRONMENT
trump administration may reshape next federal climate report epa chief,ENVIRONMENT
us probes shooting deaths of 6 sea lions off washington coast,ENVIRONMENT
there were zero things better this week than labor radical taylor swift,ARTS & CULTURE
fire deaths rise to 71 with more than 1000 missing,US NEWS
someone shot and killed a dolphin off the coast of california,ENVIRONMENT
california fire experts to donald trump malibu is not a forest,ENVIRONMENT
see the stirring antipalm oil ad deemed too political for tv,ENVIRONMENT
leaked draft of new york citys big climate bill raises fears of rent increases,ENVIRONMENT
there were zero things better this week than robyn honey,ARTS & CULTURE
bombshell new study calls for ban on pesticide family tied to brain damage in kids,ENVIRONMENT
dozens injured after floor collapses during party near clemson university,US NEWS
is on pace to be another bloody year for environmental defenders around the world,ENVIRONMENT
weeks after hurricane florence a neighborhood still struggles,ENVIRONMENT
trumps nafta revision ignores climate change bolsters oil and gas industries,ENVIRONMENT
california bans gun sales to anyone under 21,US NEWS
is your local lawmaker a fossil fool sierra club targets environmental foes in midterms,ENVIRONMENT
hawaiis volcanic park finally reopens after monthslong kilauea eruption,US NEWS
trump administration seeks to curtail green cards for immigrants on public aid,US NEWS
bill cosby to fight sexually violent predator label at sentencing,US NEWS
county drops charges against woman who housed pets during florence update,US NEWS
storm florence weakens but epic rains still threaten east coast,US NEWS
florence threatens worse flooding as death toll climbs to 15,ENVIRONMENT
humpback whales stun onlookers with incredible triple breach,ENVIRONMENT
hurricane florences path remains uncertain as storm closes in on carolinas,US NEWS
20000 pallets of water bottles were left in puerto rico and no one seems to know why,US NEWS
hurricane florences forecasted path includes about 9 toxic waste sites,US NEWS
alabama pastor destroys own nike gear during anticolin kaepernick sermon,US NEWS
photos show residents preparing for monster hurricane florence,US NEWS
buckeye pipeline dumps 8000 gallons of jet fuel into indiana river,US NEWS
steelworkers vote to strike if they dont get piece of corporate windfall,US NEWS
tropical storm florence barrels toward east coast,US NEWS
new york subway station destroyed in 911 reopens after nearly 17 years,US NEWS
tropical storm florence becomes a hurricane takes aim at east coast,US NEWS
florence expected to become hurricane before us landfall,US NEWS
olivia munn gets the predator actor cut from movie after learning he was sex offender,US NEWS
family who survived vegas attack says their comfort dog has been shot killed,US NEWS
florida child killed after tropical storm gordon strikes land,US NEWS
5pound dog dies protecting human family from bear,US NEWS
microwave weapons could be the culprit behind the mysterious us embassy attacks,US NEWS
maxine waters gives wakanda forever salute at arethas funeral,US NEWS
meghan mccain takes aim at trump in powerful eulogy for her dad john mccain,US NEWS
serena williams hails colin kaepernicks dedication to greater good,US NEWS
george w bush recalls john mccains distaste for bigots and despots in eulogy,US NEWS
neoconfederates rally at site of toppled unc monument,US NEWS
bank of america faces backlash after freezing accounts over citizenship questions,US NEWS
trump administration denies passports to americans living on border report,US NEWS
journalist told to act like a lady as police handcuff her for taking photos,US NEWS
detroit to shut off drinking water at all public schools because of contamination,US NEWS
chicago fire kills 8 including 6 children during sleepover,US NEWS
7 arrested at protests over uncs toppled confederate statue,US NEWS
over 500 migrant kids are still separated from parents weeks after court deadline,US NEWS
more surveillance footage of parkland shooting released but questions remain,US NEWS
migrant parents coerced into signing documents they didnt understand complaint,US NEWS
boy dying of leukemia asks for racing stickers to cover his coffin,US NEWS
unc officials condemn silent sam confederate statue toppling,US NEWS
alligator kills woman walking dog in south carolina police,US NEWS
los angeles sheriffs department looking into asia argento sexual abuse case,US NEWS
trump praises border patrol agent who speaks perfect english at immigration event,US NEWS
fire that shut yosemite is now completely contained,US NEWS
ice man detained driving pregnant wife to hospital was wanted for murder,US NEWS
ice detains man driving pregnant wife to deliver their baby,US NEWS
animal lovers celebrate clear the shelters with pics of pets finding new homes,US NEWS
satanic temples baphomet raises hell over religious freedom in arkansas,US NEWS
dave dave las vegas artist whose father set him on fire when he was a boy dead at 42,US NEWS
worker dies after falling into vat of oil near walt disney world,US NEWS
twitter users mock jack dorseys rationale for alex jones 7day suspension,US NEWS
new mexico compound suspects released on bail judge receives death threats,US NEWS
los angeles to become first in us to install subway body scanners,US NEWS
sixth first responder dies fighting northern california wildfires,US NEWS
police union urges officers to protest miami dolphins after players kneel during anthem,US NEWS
family of airport worker who crashed plane shocked devastated,US NEWS
heather heyer remembered by lawmakers activists on charlottesville anniversary,US NEWS
wife of sutherland springs church shooter breaks silence i love him no matter what,US NEWS
liftoff nasa launches parker solar probe to touch the sun,US NEWS
plane stolen from seatac airport crashes on island in puget sound,US NEWS
heartbreaking seattle plane crash drama unfolded live on control tower broadcast,US NEWS
airbnb warns it may ban unite the right rally participants,US NEWS
army temporarily stops discharging immigrant recruits,US NEWS
puerto rico concedes hurricane maria deaths were more than 1400,US NEWS
police chief pens heartbreaking letter after learning son allegedly attacked sikh man,US NEWS
new york to cap uber lyft and other ridehail services,US NEWS
this is what californias largest wildfire looks like from space,US NEWS
shooter in kansas hate crime receives 3 additional life sentences,US NEWS
portland probing police action against antifascist protesters at farright rally,US NEWS
5 killed after plane crashes into southern california parking lot,US NEWS
california wildfires claim seventh victim still spreading,US NEWS
dc transit scraps idea for separate train for unite the right marchers,US NEWS
blaze bernsteins alleged killer faces hate crime sentencing enhancement,US NEWS
almond milk recalled for possible cows milk contamination,US NEWS
natural gas pipeline explosions in texas critically injure 5 workers,US NEWS
usc distances itself from les moonves after sexual assault allegations,US NEWS
gun rights activists defy court ruling post 3dprinted gun blueprints online,US NEWS
us judge temporarily halts release of 3d printed gun blueprints,US NEWS
california firefighters home burned down in carr fire while he fought other blaze,US NEWS
marine killed in car crash after visiting newborn daughter in hospital,US NEWS
family of duck boat drowning victims files 100 million lawsuit,US NEWS
firefighters start to gain ground on northern california wildfire,US NEWS
retired marine saves dozens of animals as california wildfire rages,US NEWS
5 stories you missed this week while michael cohen dominated the news,US NEWS
woman and 2 greatgrandchildren found dead in california fire,US NEWS
donald trump jr and robert muellers close airport encounter is now a meme,US NEWS
amazons face recognition tool confused 28 lawmakers with arrestees,US NEWS
seagrams heiress arrested in connection to nxivm sex cult case,US NEWS
police probe attack on sanctuary city mayor as hate crime,US NEWS
ritz bits goldfish crackers recalled over salmonella fears,US NEWS
sen orrin hatch reminds google that hes not dead,US NEWS
mcdonalds salads are making people sick,US NEWS
duck boat survivor who lost 9 relatives recounts tragedy i thought i was dead,US NEWS
dad of brother and sister parkland survivors fatally shot in robbery,US NEWS
parkland students are getting an official school therapy dog,US NEWS
these are the victims of the missouri duck boat accident,US NEWS
police injured in bizarre tractor chase in downtown denver,US NEWS
rescuers track wild burro spotted with arrow in his head,US NEWS
airman who inspired robin williams character in good morning vietnam dies at 79,US NEWS
familyofive youtube channel removed following child safety concerns,US NEWS
ceo gives own car to young employee who set out on foot for job 20 miles away,US NEWS
teacher who fired gun inside high school classroom sentenced to 2 years,US NEWS
adidas pledges to only use recycled plastic by,US NEWS
missing oregon woman found alive after car plunges off big sur cliff,US NEWS
university of louisville to remove papa johns from stadium name,US NEWS
stormy daniels arrest was an error says columbus police chief,US NEWS
woman at center of plane bae saga decries her invasion of privacy,US NEWS
zsa zsa bulldog crowned worlds ugliest pooch dies at 9,ENVIRONMENT
weve entered the era of fire tsunamis,ENVIRONMENT
relief from heat expected as california fires threaten thousands,ENVIRONMENT
multiple wildfires rip through california amid recordbreaking heat,ENVIRONMENT
illinois governor calls on neonazi candidate to drop out of congressional race,US NEWS
fourth of july celebrations light up cities across the us,US NEWS
woman harassed by capital gazette shooting suspect speaks out,US NEWS
deaf puppy rescued after spending 30 hours in 50foot hole,US NEWS
man arrested for allegedly starting one of several colorado wildfires,US NEWS
families belong together rallies protest trump immigration policies nationwide,US NEWS
stunned community mourns capital gazette shooting victims,US NEWS
these are the victims of the capital gazette shooting,US NEWS
rodan  fields fires woman dubbed pool patrol paula after alleged assault on black teens at pool,US NEWS
california man 77 accused of setting blaze shooting at firefighters,US NEWS
walgreens pharmacist denies woman miscarriage drug over personal morals,US NEWS
kate spade clothing brand pledges 1 million to suicide prevention groups,US NEWS
judge dismisses 16 lawsuits filed by survivors of charleston mass shooting,US NEWS
texas border patrol chase ends in crash killing at least 5 immigrants,US NEWS
new jersey arts festival shooting leaves 1 dead 22 injured,US NEWS
fyre festival organizer charged with selling fake tickets while out on bail,US NEWS
olympic skier bode millers 19monthold daughter drowns,US NEWS
air force captain awol for 35 years is arrested in california,US NEWS
calls to suicide hotlines rise sharply after celebrity deaths,US NEWS
precut melon in 8 states recalled for salmonella outbreak,US NEWS
cleveland house explosion ravages neighborhood leaves 1 dead,US NEWS
florida police recover body of missing woman attacked by alligator,US NEWS
malady mongers how drug companies sell treatments by inventing diseases,US NEWS
us suicide rates see sharp increase from to  cdc says,US NEWS
kim kardashian got involved with alice johnsons case so she could change a life,US NEWS
your private facebook posts may have been public for days,US NEWS
new jersey police wont face criminal charges for punching beachgoer in the head,US NEWS
soldier in stolen armored vehicle leads virginia police on insane twohour chase,US NEWS
parkland survivor david hoggs home swatted,US NEWS
watch rare footage of san franciscos earthquake devastation,US NEWS
parkland school resource officer breaks silence on haunting failure to stop shooter,US NEWS
giuliani trump couldnt be indicted even if he shot comey,US NEWS
seniors killed in parkland school shooting honored at graduation,US NEWS
fbi agent accidentally shoots nightclub customer when agent does a backflip,US NEWS
san diego police arrest shooter near rock n roll marathon finish line,US NEWS
two climbers killed in fall from yosemites el capitan,US NEWS
teacher accused of feeding puppy to turtle faces animal cruelty charge,US NEWS
hundreds of shoes form memorial in puerto rico after maria death toll spikes,US NEWS
facebook no longer the dominant social media platform for teens,US NEWS
trumps tariffs could cost millions of american jobs,US NEWS
sesame workshop loses challenge to melissa mccarthys naughty puppet movie,US NEWS
5 dead from storm damage as flash floods ravage north carolina,US NEWS
us to nkorea show us disarmament plans or no summit,US NEWS
roseanne returns to twitter to push more racism,US NEWS
veterans group slams trumps memorial day tweet,US NEWS
fire chief finds tv news crew dead minutes after interview,US NEWS
teacher who stopped indiana school shooter there was no other choice,US NEWS
battered woman slips note to dogs vet about armed boyfriend police say,US NEWS
every grave in minnesota military cemetery gets flag for first time in 35 years,US NEWS
retired english teacher corrects trumpsigned letter gives it nearfailing grade,US NEWS
subtropical storm alberto barrels up gulf coast prompting states of emergency,US NEWS
new lava flow encroaches onto power station property on hawaiis big island,US NEWS
attorney aaron schlossberg insists antispanish rant is not the person i am,LATINO VOICES
protesters throw a fiesta to razz lawyer who ranted at spanish speakers,LATINO VOICES
the controversial way some california schools are handling students misbehavior,EDUCATION
latino man insulted when starbucks barista writes slur on cup,LATINO VOICES
angry white dudes rant about people speaking spanish in nyc goes viral,LATINO VOICES
california school first in the nation to be digitally mapped for first responders,EDUCATION
states are favoring school choice at a steep cost to public education,EDUCATION
girls reportedly bleeding through pants due to charter school bathroom policy,EDUCATION
trump asks if there are hispanics in the room before demanding his wall,LATINO VOICES
what life looks like for a toddler growing up in a mexican womens prison,LATINO VOICES
desperate for teachers districts beg retirees to come back,EDUCATION
why more school districts are holding class just four days a week,EDUCATION
beyoncé announces 100000 in scholarships for hbcu students,EDUCATION
kentucky is learning that you cant have school without teachers,EDUCATION
parkland school district votes against arming teachers,EDUCATION
pennsylvania school district arms 500 teachers with mini baseball bats,EDUCATION
behind the scenes of venezuelas deadly prison fire,LATINO VOICES
hey laura ingraham david hogg actually did get into uc irvine,EDUCATION
chuck e cheeses now offers sensory sensitive sundays for special needs children,EDUCATION
linmanuel mirandas childhood letters are way too real for people who hated summer camp,LATINO VOICES
puerto rico to shutter 283 more schools this summer as education crisis deepens,EDUCATION
oklahoma teachers begin 110mile march to protest education funding,EDUCATION
teachers swarm kentucky capitol to protest pension changes school budget cuts,EDUCATION
lullaby of algebra how mixing music and math helps engage students,EDUCATION
threat assessments crucial to prevent school shootings,EDUCATION
samantha bee wants to make america give a damn about puerto rico again,LATINO VOICES
how american high schools teach the iraq war,EDUCATION
border patrol rips undocumented mom from daughters in emotional video,LATINO VOICES
the west virginia teacher strike not over yet,EDUCATION
tentative deal reached to end west virginia teacher strike,EDUCATION
this beauty vlogger empowers afrolatinas to embrace their blackness,LATINO VOICES
why west virginia teachers are on their first strike in 28 years,EDUCATION
akon says his bid to restore puerto ricos power was rejected,LATINO VOICES
universities tell applicants that protesting gun violence wont affect admissions,EDUCATION
west virginia teachers are making sure their students get fed while theyre on strike,EDUCATION
the simple way a growing number of states are hoping to improve kids brains,EDUCATION
all they will call you will be deportees,LATINO VOICES
texas district says students protesting gun violence will get suspended,EDUCATION
company that sells bulletproof gucci and hermès bags sees huge sales in school backpacks,EDUCATION
cecile richards reproductive justice and immigrant justice go hand in hand,LATINO VOICES
amara la negra drops first song and music video since record deal,LATINO VOICES
rapper french montana launches campaign to help dreamers go to college,LATINO VOICES
michelle rodriguez will star in virtual reality series the limit,LATINO VOICES
oscar isaac explains viral photo of him eating cheetos with chopsticks,LATINO VOICES
comedian julio torres has some hilarious valentines day perfume ideas,LATINO VOICES
john leguizamo tells moving story about black panther and representation,LATINO VOICES
pizzeria owner once slammed for blackface now stereotypes mexicans,LATINO VOICES
mexicos alpine ski team gear is a gorgeous tribute to the day of the dead,LATINO VOICES
junot díaz the african diaspora doesnt look the way it looks without systematic rape,LATINO VOICES
while teachers fight for better pay west virginia lawmakers discuss opossums,EDUCATION
cornell frats pig roast gave points for sex with heaviest woman,COLLEGE
watch what happened when this latina tried to learn spanish in 60 days,LATINO VOICES
fema contractor failed to deliver millions of meals to puerto rico lawmakers,LATINO VOICES
homeless students destroyed campuses invisible injuries what california schools learned from recent disasters,EDUCATION
jane the virgin star slams award shows for ignoring latinos year after year,LATINO VOICES
these 6 selena cards will make your valentine feel como la flor,LATINO VOICES
hey teens these tide pod conchas are actually edible,LATINO VOICES
the tacro is born a flaky mashup of a taco and a croissant,LATINO VOICES
linmanuel miranda and vanessa nadal welcome their second baby boy,LATINO VOICES
one day at a time star rips trump over sotu puerto rico remarks,LATINO VOICES
people went to a state of the union viewing party to throw flipflops at trumps face,LATINO VOICES
fifth harmonys lauren jauregui could be amy winehouses clone,LATINO VOICES
fema now says its not ending aid for puerto rico hurricane survivors,LATINO VOICES
john leguizamo took on donald trump at the peoples state of the union,LATINO VOICES
despacito video star claps back at trolls who attacked her grammys performance,LATINO VOICES
columbia university refuses to recognize graduate student union,EDUCATION
camila cabello recognizes dreamers ahead of u2s performance by statue of liberty,LATINO VOICES
were living for these twitter reactions to the despacito grammys performance,LATINO VOICES
despacito was robbed at the grammys and were all worse off for it,LATINO VOICES
modeling agencies enabled sexual predators for years former agent says,ARTS & CULTURE
shakira and malumas trap music video is finally here,LATINO VOICES
shakira and maluma wont stop teasing their steamy new music video,LATINO VOICES
chamillionaire responds to critics who dont get why he helped mexican immigrant,LATINO VOICES
the west side story remake already seems more authentic than the original,LATINO VOICES
one day at a time star addresses stigma of depression among latinos,LATINO VOICES
gina rodriguez on the lack of latino representation its dehumanizing,LATINO VOICES
hispanic media coalition accuses the academy of institutionalized racism,LATINO VOICES
the oscars are happy to recognize latino stories but not latino actors,LATINO VOICES
guillermo del toro dedicates oscar nods to young latino filmmakers,LATINO VOICES
camila cabello is the first woman to reach no 1 with debut album in 3 years,LATINO VOICES
reporter fangirls like crazy over ricky martin  and he hears the whole thing,LATINO VOICES
gina rodriguez slams hollywood for lack of latino leads,LATINO VOICES
rosario dawson opens up about being raped and molested as a child,LATINO VOICES
catherine zetajones defends portraying reallife latina in cocaine godmother,LATINO VOICES
party of five reboot to focus on latino siblings whose parents are deported,LATINO VOICES
camila cabellos vote for standout havana cover goes to a rubber chicken,LATINO VOICES
actor jeff hiller talks bright colors and bold patterns and more audio,ARTS & CULTURE
watch how this school in puerto rico reacts when power returns after 112 days,LATINO VOICES
a nicky jam bioseries is coming to netflix,LATINO VOICES
abandoning daca would be americas loss,LATINO VOICES
what common core won,EDUCATION
new yorker cover puts trump in the hole after racist comment,ARTS & CULTURE
j k rowling trolls trump for canceled uk visit with clucking great emoji,ARTS & CULTURE
former mexican president to trump your mouth is the foulest shithole in the world,LATINO VOICES
texas schools illegally excluded students with disabilities federal officials,EDUCATION
san juan mayor says trump made hurricane maria recovery about himself,LATINO VOICES
camila cabello gets candid about her dramatic split from fifth harmony,LATINO VOICES
jennifer lopez is returning to will & grace in 2 roles,LATINO VOICES
jane the virgin officially adds another latina director to its ranks,LATINO VOICES
dont celebrate trumps daca court loss too early advocates warn,LATINO VOICES
camila cabello hits pop chart milestone with havana ooh na na,LATINO VOICES
man surprises girlfriend by drawing them in different animation styles,ARTS & CULTURE
john leguizamo on when he realized the true struggle of being a latino actor,LATINO VOICES
actress shamed for wearing red to golden globes responds to critics,LATINO VOICES
guillermo del toro on how he balances the dark with the good im mexican,LATINO VOICES
the heartless end of tps for salvadorans,LATINO VOICES
this artist gives renaissancestyle sculptures a goofy modern twist,ARTS & CULTURE
a blueprint for a national legal defense fund,LATINO VOICES
eva longoria confronts e over pay inequality and catt sadler on live tv,LATINO VOICES
selena gomez wonders if life could have been better after visit to childhood home,LATINO VOICES
the new york times identified living legend rita moreno as guest in caption,LATINO VOICES
this dutch 23yearold epitomizes the future of american filmmaking,ARTS & CULTURE
broadway actor ben vereen accused of sexual assault in hair production,ARTS & CULTURE
jennifer lopez reacts to finesse remix with in living color clip drippin in nostalgia,LATINO VOICES
sculptures from this international ice and snow festival are mindboggling,ARTS & CULTURE
love & hip hop star amara la negra shuts down trolls saying shes in blackface,LATINO VOICES
the met museum is changing its payasyouwish admission policy,ARTS & CULTURE
one day at a time trailer reveals new season will tackle xenophobia,LATINO VOICES
america ferrera explains why she would never name her baby after herself,LATINO VOICES
children forced to deal with it and bundle up as classrooms lose heat,EDUCATION
the sisterhood of the traveling pants cast reunites for a special photo op,LATINO VOICES
love & hip hop star puts music producer in his place after he says afros arent elegant,LATINO VOICES
eva longoria celebrates growing family in cozy pregnancy photo,LATINO VOICES
ricky martin talks homophobia and showing tush on tv,LATINO VOICES
asianamerican creatives are coming together on a new hashtag and its damn beautiful,ARTS & CULTURE
duncan jones finds a literary way to remember his father david bowie,ARTS & CULTURE
cartoon perfectly sums up that back to work after holidays feeling,ARTS & CULTURE
cardi b is the only rapper with first 3 singles in top 10 simultaneously,LATINO VOICES
jennifer lopez and alex rodriguez just kill it in new years workout,LATINO VOICES
norm pattiz accused of sexual harassment to resign as uc regent,COLLEGE
mystery novelist sue grafton dead at 77,ARTS & CULTURE
dick van dyke cast member rose marie dead at 94,ARTS & CULTURE
6 bilingual crossover songs that prove latin music was king in,LATINO VOICES
the best comments from milo yiannopoulos editor on his spiked manuscript,ARTS & CULTURE
womenonly art shows stood out in  lets leave them there,ARTS & CULTURE
demi lovato is already cool for the summer in plunging cherry swimsuit,LATINO VOICES
merriamwebster tweets about doggos gets flooded with good boys and girls,ARTS & CULTURE
18 tweets that capture the struggle of translating for immigrant parents as a kid,LATINO VOICES
shakira postpones world tour again after vocal cord hemorrhage,LATINO VOICES
new mexico charter school ceo steals public money for 15 years hows that for oversight,EDUCATION
60 books we cant wait to read in,ARTS & CULTURE
a very vintage holiday photos recall christmas past,ARTS & CULTURE
newly reelected new york city mayor decides his school renewal plan failed but still claims success,EDUCATION
sesame street wins 100 million grant to create programming for refugee children,EDUCATION
jimmy fallon could barely keep it together during this cardi b interview,LATINO VOICES
new devos loan forgiveness plan another assault on students and gift to predatory schools,EDUCATION
40 celebrities sign letter urging democrats to uphold promise to protect dreamers,LATINO VOICES
coco is doing better in this country than in the united states or mexico,LATINO VOICES
to protect dreamers congress must pass the dream act,LATINO VOICES
narcos teaser reveals diego luna and michael peña will star in season 4,LATINO VOICES
hungry on campus,EDUCATION
gina rodriguez goes full fifty shades of jane on instagram,LATINO VOICES
jlo is more than her booty and this poet wants to set the record straight,LATINO VOICES
why do we call that holiday game yankee swap white elephant and dirty santa,ARTS & CULTURE
people arent sure what oxford dictionaries word of the year actually means,ARTS & CULTURE
even taylor swift loves broadways shoshana bean cynthia erivo covering her song,ARTS & CULTURE
linmanuel miranda to congress helping puerto rico is politically smart,LATINO VOICES
ice will not silence me,LATINO VOICES
ricky martin intensifies call to action for puerto rico,LATINO VOICES
selena gomez praises taylor swifts big heart in birthday message,LATINO VOICES
cards against humanity tackles wealth inequality sends money to poor,ARTS & CULTURE
new allegation photographer terry richardson sexually assaulted designer in his studio doorway,ARTS & CULTURE
coco director writes moving tribute after fathers death,LATINO VOICES
salma hayek transforms into a silver goddess for new role,LATINO VOICES
this latino artist just made history on the late show,LATINO VOICES
merriamwebster expertly sums up with its word of the year,ARTS & CULTURE
8yearold boy collects over 1000 toys for kids in puerto rico,LATINO VOICES
how one california school district is leading the way on new science standards,EDUCATION
adriana lima i wont take off my clothes anymore for an empty cause,LATINO VOICES
bobby cannavale chose his sons name in honor of his latino roots,LATINO VOICES
radio mogul under pressure to resign from powerful california university board,COLLEGE
want to start school later avoid these 10 common traps,EDUCATION
puerto ricos death toll may be 1052 new york times analysis finds,LATINO VOICES
these latinos reactions to coco prove representation matters,LATINO VOICES
jessica alba reveals what it would take for her to act again,LATINO VOICES
spike lees shes gotta have it show is black art thats free to be mediocre,ARTS & CULTURE
oscar isaac on the possibility of poe being an lgbtq character in star wars,LATINO VOICES
cardi b responds to backlash for calling herself the trap selena,LATINO VOICES
it has taken me years to understand what it means to be latino,LATINO VOICES
92 days have passed since trump ended daca we cant let another day pass without it,LATINO VOICES
the world war iiera women who broke up the disney boys club,ARTS & CULTURE
selena gomez makes her instagram private and fans are wondering why,LATINO VOICES
nyc met museum refuses to remove painting that petition says sexualizes girl,ARTS & CULTURE
to rewrite obama rules devos picks people tied to predatory colleges,EDUCATION
highly criticized frozen short is leaving theaters but not for the reason you think,LATINO VOICES
this new york activist wants to replace a statue of columbus with toussaint louverture,ARTS & CULTURE
the art of keeping guantánamo open,ARTS & CULTURE
devos stands with scoundrels not students  part 2,EDUCATION
devos department meeting again stalls over opposition to livestreaming,EDUCATION
data numbers education and audiences,EDUCATION
actual asian comic writers respond to marvel editorinchiefs yellowface controversy,ARTS & CULTURE
jlo says working with marc anthony on new album repaired their relationship,LATINO VOICES
beastie boys adam horovitz says he believes women accusing his father of sexual assault,ARTS & CULTURE
miguel tackles immigrant detention centers in his music video for now,LATINO VOICES
this emotional letter about coco shows the importance of inclusion in hollywood,LATINO VOICES
this guys digital art looks so real people want to travel to it,ARTS & CULTURE
bette midler says geraldo rivera never apologized for assaulting her in the 70s,LATINO VOICES
how a 90yearold bookstore got into the business of totes,ARTS & CULTURE
the political is personal how the gop tax on tuition waivers would affect my students,EDUCATION
mudbound has more to say about whiteness in america than any other trumpera movie,ARTS & CULTURE
miamis white nationalist and supremacy problem that nobody talks about,LATINO VOICES
judicial negligence compounds political negligence in south carolina,EDUCATION
this is what dacas end means for dreamers like me,LATINO VOICES
fizz pop bang teachers find new science standards fun but costly,EDUCATION
complicit is the word of the year according to dictionarycom,ARTS & CULTURE
puerto ricos farmers face a long road to recovery posthurricane maria,LATINO VOICES
floridas teacher gap is no mystery,EDUCATION
paint the world bleu,ARTS & CULTURE
the new tax attack on overly elite college endowments has potential merit,EDUCATION
the ugly business of defending free speech in,ARTS & CULTURE
watch this high schooler demand answers from her congressman on daca,LATINO VOICES
why wont senator portman come clean about his position on daca and ohios dreamers,LATINO VOICES
network for public education study exposes charter school scams,EDUCATION
street art mural of kevin spacey will soon be erased,ARTS & CULTURE
why a 450 million painting attributed to leonardo da vinci worries art historians,ARTS & CULTURE
our childrens american life the lockdown drills,EDUCATION
lost leonardo da vinci sells for record 450 million at auction,ARTS & CULTURE
a call to action for sleepfriendly schools,EDUCATION
how daddy puts the blame for toxic masculinity on spoiled teenage girls,ARTS & CULTURE
bridgepoint sec filing raises questions about continued federal funding,EDUCATION
devos department stacks negotiations deck with forprofit college lawyers,EDUCATION
strategies for evaluating the trump presidency in a high school classroom,EDUCATION
devos stands with scoundrels not students,EDUCATION
devos department tries to block public streaming of student debt hearing,EDUCATION
college supports for daca recipients are necessary important and fundamentally insufficient,LATINO VOICES
teacher seniority the seat belts of the education profession,EDUCATION
why does congress want to take 250 from every teacher,EDUCATION
yes you can support the barrio without pissing off its residents,LATINO VOICES
puerto ricos most vulnerable are still waiting for help 7 weeks after maria,LATINO VOICES
owner of troubled closed texas college now advises another forprofit school,EDUCATION
times editorial hypes charter schools,EDUCATION
kehinde wiley was destined to paint barack obama,ARTS & CULTURE
this news anchor just broke a major barrier for afrolatina journalists,LATINO VOICES
now more than ever and the distracting urgency of our words,ARTS & CULTURE
were as hidden as our clitorises how nancy friday liberated womens sexuality,ARTS & CULTURE
as trumps scandals mount filmmakers gravitate toward shortform responses,ARTS & CULTURE
los angeles charter school operators demand less oversight and accountability and fewer investigations,EDUCATION
trumpism enters schools when school officials become the bullies,EDUCATION
the making of alias grace a margaret atwood truecrime mystery,ARTS & CULTURE
university of wisconsininferior,EDUCATION
stunning day of the dead portraits capture the holidays unique beauty,LATINO VOICES
democracy requires citizenship education now more than ever,EDUCATION
eva longoria says latina wage gap is like ripping a dollar in half,LATINO VOICES
we must challenge the systemic hurdles all latina women face,LATINO VOICES
at work every latina could benefit from a little white man swagger,LATINO VOICES
demi lovato has fans seeing double with her selena costume,LATINO VOICES
more than 900 posthurricane deaths in puerto rico wont be physically examined,LATINO VOICES
marco rubio and susana martinez will fan the flames of racism when they stump for ed gillespie,LATINO VOICES
someone put up a plaque to mark the spot where trump bragged about groping women,ARTS & CULTURE
why harvard law school matters a new critique,EDUCATION
when booting dead white guys off reading lists is a good idea,ARTS & CULTURE
an accidental dictionary explores how errors created the english language,ARTS & CULTURE
i grew up gay and undocumented im done hiding in closets and shadows,LATINO VOICES
when ice comes calling in the ivy league,COLLEGE
as california prepares for earthquakes some charter schools skirt safety rules,EDUCATION
america ferrera is basically selena quintanillas twin in this pic,LATINO VOICES
marco rubio throws immigrants under the bus by supporting virginias xenophobic candidate,LATINO VOICES
the angriest librarian schools columnist over antilibrary tweets,ARTS & CULTURE
norman rockwells hallelujah,ARTS & CULTURE
3 deaths linked to an animalborne bacteria confirmed in puerto rico,LATINO VOICES
radical latinx artists reveal the violent sides of pregnancy and motherhood,ARTS & CULTURE
new mexican immigrants are fighting for their salaries,LATINO VOICES
as college costs rise congress must save the perkins student loan,COLLEGE
doctors fear a potentially deadly disease outbreak in puerto rico,LATINO VOICES
we talk about fonts all wrong heres a better way,ARTS & CULTURE
the collaborationists,COLLEGE
ohio charter eschools under investigation,EDUCATION
for dreamers who endured the horrors of joe arpaios arizona our work is not done,LATINO VOICES
school choice the old wolf in new sheeps clothing,EDUCATION
george saunders wins man booker prize for his first novel lincoln in the bardo,ARTS & CULTURE
peter cunninghams education post chaperoned by broad foundation,EDUCATION
high schoolers protest after teacher tells student to speak american,LATINO VOICES
san juan mayor it may be easy to disregard puerto rico because were a us colony,LATINO VOICES
i am an eagle scout i would join girl scouts if they let me,EDUCATION
returning to class the morning after a massacre,EDUCATION
stark and beautiful photos of resilience from the stormbattered us virgin islands,ARTS & CULTURE
ai weiwei believes the us has hit a low when it comes to human rights,ARTS & CULTURE
finding faces to lead the latino movement,LATINO VOICES
chinese museum removes photo series comparing black people to animals,ARTS & CULTURE
puerto rico governor calls white house after trumps unsettling fema tweets,LATINO VOICES
caspers traffic box program turns intersections into public art,ARTS & CULTURE
harvey weinsteins hachette imprint is shutting down,ARTS & CULTURE
hamilton fans get ready mandy gonzalez made new music with linmanuel miranda,LATINO VOICES
yes it is true i dont like school choice i admire teachers unions,EDUCATION
gina rodriguezs sweet salsa moves raise 10000 for puerto rico,LATINO VOICES
macarthur foundation announces its class of geniuses,ARTS & CULTURE
mark zuckerberg responds to backlash over puerto rico virtual reality video,LATINO VOICES
cmon matt damon youre better than this,EDUCATION
puerto rico governor asks congress for more aid citing 95 billion in damages,LATINO VOICES
puerto ricos official death toll hits 39 with the final number still unknown,LATINO VOICES
louisiana has a fiveyearold parent trigger law that no parent has ever used,EDUCATION
chimamanda ngozi adichie says the american left is creating its own decline,ARTS & CULTURE
i was blocked from facebook for criticizing school privatization,EDUCATION
buzzfeeds try guys tackle immigration and the results are emotional,LATINO VOICES
tom gaulds deceptively simple comics hold a mirror to human hypocrisies,ARTS & CULTURE
why marginalized youth in des moines need spoken word poetry,EDUCATION
mary jane director anne kauffman talks darkness and light in life and art,ARTS & CULTURE
a trip to israel with 50 latinx changed my life,LATINO VOICES
i survived hurricane maria thanks only to the kindness of strangers,LATINO VOICES
linmanuel miranda drops a starstudded benefit single for puerto rico,LATINO VOICES
how aim became a secular confessional box for a generation of teens,ARTS & CULTURE
after backlash fema once again has puerto rico power water stats on main website,LATINO VOICES
two photographers on bringing local stories to our nations attention,ARTS & CULTURE
the national book award finalists are revealed,ARTS & CULTURE
colin kaepernicks jersey hangs in the same museum as starry night,ARTS & CULTURE
why teachers suck,EDUCATION
housing crisis in california forces more students into homelessness,EDUCATION
the us cared for haitians better in than its own citizens in puerto rico now,LATINO VOICES
as puerto rico begs for help trump plans to attend golf trophy ceremony,LATINO VOICES
arizona teachers are abandoning ship heres why,EDUCATION
linmanuel miranda to trump youre going straight to hell for blasting san juan mayor,LATINO VOICES
fema insists containers sitting in san juan port arent filled with aid,LATINO VOICES
new research taking college classes in high school can lead to future success in college,EDUCATION
show up for kids so they can show up to school,EDUCATION
npr butchers pronunciation of mi gente and twitter responds accordingly,LATINO VOICES
immigration crackdown taking heavy toll on california students,EDUCATION
why im a pittsburgh street photographer,ARTS & CULTURE
pentagon appoints 3star general to lead recovery efforts in puerto rico,LATINO VOICES
a week after maria many americans still havent heard from loved ones in puerto rico,LATINO VOICES
what college is about reflections on the american university bias incident,COLLEGE
mr president puerto ricans are americans too,LATINO VOICES
standing up for and supporting latinx students on americas college campuses lessons from hispanicserving institutions,LATINO VOICES
how arts and culture are reshaping charleston,ARTS & CULTURE
guggenheim museum pulls controversial animalrelated art after threats of violence,ARTS & CULTURE
5 reasons to encourage your kid to read banned books,ARTS & CULTURE
milo yiannopoulos stay the hell off my campus,COLLEGE
forget cheat sheet  student outwits professor with enormous cheat poster,COLLEGE
want innovation how about integrated equitable schools,EDUCATION
nycs guggenheim museum under fire for show with live reptiles film of dogs strapped to treadmills,ARTS & CULTURE
americas mistreatment of hispanics is harrowing but should we be hopeful,LATINO VOICES
jlo ricky martin and more boricua stars post emotional pleas for puerto rico,LATINO VOICES
jay duplass on why straight cis men need transparent too,ARTS & CULTURE
eva longoria on metastatic breast cancer and the barriers for latinas,LATINO VOICES
reflections of a 50yearold teacher,EDUCATION
lets fund health care  not deadly immigrant detention centers,LATINO VOICES
what happens when a bigname author is sued for copyright infringement,ARTS & CULTURE
working with latinos to combat hate crimes,LATINO VOICES
racists flip out over artists harry potter picture with black hermione,ARTS & CULTURE
why california undocumented youth and i interrupted nancy pelosis dream act press conference,LATINO VOICES
ravitch responds to devos and school privatization,EDUCATION
merriamwebster isnt trolling you its just redefining what that means,ARTS & CULTURE
teach for americas houston tshirt sale,EDUCATION
two dacamented dreamers in alaska and texas on fighting to stay home,LATINO VOICES
to the woman who thanked me for being a teacher who cares,EDUCATION
canoe found after hurricane irma eyed as piece of florida history,ARTS & CULTURE
student protestors and their faculty allies at the evergreen state college win a battle but lose the war,COLLEGE
a classroom of tomorrow,EDUCATION
internship ideas for aspiring journalists besides editorial,EDUCATION
clergy wash immigrants feet at capitol to urge congress to act on dreamers,LATINO VOICES
twitter calls out museum curator for saying asian names are confusing,ARTS & CULTURE
why teachers need their freedom,EDUCATION
as much of miami returns to normal little havana sits in darkness,LATINO VOICES
why trumps sanctions against venezuela wont work,LATINO VOICES
postharvey is the worst time to lose daca,LATINO VOICES
keeping a clear mindset during school,COLLEGE
jlo explains the meaning of her album title for the first time,LATINO VOICES
silicon valley startup takes aim at momandpop stores first by stealing their name,LATINO VOICES
twitter users slam tech bros bodega box that intends to replace real ones,LATINO VOICES
dear teachers dont be good soldiers for the edtech industry,EDUCATION
here are the ya novels and childrens books longlisted for a national book award,ARTS & CULTURE
its not the end if you dont get into your college of choice,COLLEGE
what trump world schools look like,EDUCATION
senate appropriations has no funding for betsy devos private school voucher hopes,EDUCATION
what does the administrations decision to rescind daca mean,LATINO VOICES
to my former dreamer students i lied to you,LATINO VOICES
welcome back to school listen to the teachers,EDUCATION
the wisdom of the new york times magazines special issue on race and education,EDUCATION
previously unpublished kurt vonnegut stories arrive in the nick of time,ARTS & CULTURE
rescinding daca was not about immigration reform,LATINO VOICES
the 10 most toxic people for minority communities in the united states,LATINO VOICES
teen reveals shes undocumented with heartbreaking note and is met with love,LATINO VOICES
every teacher should be bad at something,EDUCATION
over 5 million families are at risk of being divided by deportation,LATINO VOICES
waiting for evidence before granting charter waivers,EDUCATION
betsy devos just threw campus rape survivors under the school bus,EDUCATION
how the hell do you appraise a crappy drawing by donald trump,ARTS & CULTURE
poignant new artwork shows little boy peering over usmexico border,ARTS & CULTURE
gina rodriguez is bringing a show about an undocumented family to tv,LATINO VOICES
dear secretary devos,EDUCATION
hurricane irma has already hit millions of americans,LATINO VOICES
california colleges undaunted by trumps decision to phase out daca,EDUCATION
amazon exec suggests publishers could promote books by slashing prices,ARTS & CULTURE
tina feys mean girls musical has its plastics and an official release date,ARTS & CULTURE
ending daca isnt just bad politics its bad policy,LATINO VOICES
daca 101 what it feels like to be a dreamer,LATINO VOICES
voucher champs take note illinois 75m tax credit offset funding does not exist,EDUCATION
an end for daca but not for dreamers,LATINO VOICES
trumps evangelical advisors urged him to protect dreamers,LATINO VOICES
despacito played on 2 calculators adds up to something special,LATINO VOICES
two millennials recreated annie hall with a cast of senior actors,ARTS & CULTURE
latinos react to daca repeal ending the program is about racism,LATINO VOICES
this thread highlights anxiety for dreamers over the uncertainty of daca,LATINO VOICES
what i know about teaching and learning with apologies to john dewey,EDUCATION
pulitzerprizewinning poet john ashbery dead at 90,ARTS & CULTURE
this spoken word poem is a beautiful love letter to undocumented people,LATINO VOICES
trumps war on dreamers and other immigrants is a war on social security,LATINO VOICES
want to study abroad heres how to ace your application,COLLEGE
roselyn sanchezs new bilingual book teaches kids how to latin dance,LATINO VOICES
teachers are still bringing harry potter magic to their classrooms 19 years later,EDUCATION
facebook twitter uber lyft defend daca in open letter to trump,LATINO VOICES
relief in sight for defrauded student borrowers,EDUCATION
opposition rallies against plan to put unqualified people in classrooms,EDUCATION
trapped mexican bakery staff bake hundreds of loaves for harvey flood victims,LATINO VOICES
miranda julys new art project is an interfaith charity store,ARTS & CULTURE
california could reap big economic benefits with passage of later school start bill,EDUCATION
jlo and arod will each donate 25000 to hurricane harvey victims,LATINO VOICES
to teach the whole child schools need recess,EDUCATION
this is how museums in and around houston prepared for tropical storm harvey,ARTS & CULTURE
altright childrens book shelved for blatantly copying pepe the frog,ARTS & CULTURE
attorneys general sue over devos handling of forprofit colleges,EDUCATION
i am a daca recipient mr president,LATINO VOICES
john leguizamo is tired of mainstream america dismissing latinos,LATINO VOICES
actually academics and athletics do mix pretty well,EDUCATION
on my first friend kindergarten and diversity,EDUCATION
is the idea of a good teacher all in your mind,EDUCATION
do test scores measure success,EDUCATION
top 5 ways to get ready for fall semester,EDUCATION
googleorg invests 1 million to help create latino nonprofit accelerator,LATINO VOICES
the married couple behind summers darkest and weirdest comedy,ARTS & CULTURE
cbs promises to increase latino representation on its shows,LATINO VOICES
why universities are phasing out luxury dorms,COLLEGE
teaching about totality and about charlottesville,EDUCATION
5 tips for teacher leaders,EDUCATION
a scifi magazine created entirely by writers and editors with disabilities is coming,ARTS & CULTURE
sesame street turns despacito into a bilingual ode to rubber ducks,LATINO VOICES
netflix disney and school choice,EDUCATION
jlo has the best response for anyone who thinks she cant do it all,LATINO VOICES
dear high school teacher who tried to discourage me from applying to ucla im a bruin now,LATINO VOICES
staterun new orleans high school act results nowhere near what is necessary for guaranteed fouryearcollege admission,EDUCATION
moving forward from charlottesville,EDUCATION
when graduating yale law school isnt enough,EDUCATION
demi lovato sings bodak yellow like a true cardi b fan,LATINO VOICES
kkk leader tells afrolatina journalist hell burn her out of his property,LATINO VOICES
this prairie city deserves your travel dollars heres why,ARTS & CULTURE
merriamwebster steps in after trump tells america to heel,ARTS & CULTURE
james corden uses despacito to sing a recap of this crazy af summer,LATINO VOICES
charlottesville is our fight too,LATINO VOICES
instead of focusing on yesterdays monuments artists are building tomorrows,ARTS & CULTURE
beware of the iii and other hidden hatred,EDUCATION
want a better future teach evidence and empathy,EDUCATION
billionaire charter school leader says black politician worse than the kkk,EDUCATION
reclaiming presidential moral leadership,ARTS & CULTURE
mom of student injured in charlottesville wants actions not words from trump,LATINO VOICES
today is not a normal monday for us in charlottesville,COLLEGE
if state takeover of new orleans schools worked act scores below 16 wouldnt be embarrassing,EDUCATION
roll out and roll up the lausds civil rights ipads four years later,EDUCATION
charter school advocates play the race card,EDUCATION
this photo of bruno mars celebrating versace on the floor video is 24k gold,LATINO VOICES
head of uva college republicans condemns nazis kkk while president trump hesitates,COLLEGE
godwins law creator supports calling racist demonstrators nazis,ARTS & CULTURE
as teachers we are responsible for james alex fields jr,EDUCATION
thoughts on charlottesville the many sides and white supremacy,LATINO VOICES
in texas your childs sleep depends on your school district,EDUCATION
what it means when a school district declares itself a safe haven or sanctuary a quick guide,EDUCATION
immigrant rights activists to congress not one dollar for trumps deportation machine,LATINO VOICES
inspired by skid row educator opening charter to help las homeless children and families,EDUCATION
heres what college students really want on their backtoschool shopping lists,COLLEGE
wilmer valderrama returns for felices los 4 salsa version video,LATINO VOICES
circle up teaching socialemotional skills year round,EDUCATION
starbucks horchata frappuccino is subjected to a latino taste test,LATINO VOICES
what if every school had this sign,GOOD NEWS
for the health of latino families the epa methane rule must stay in place,LATINO VOICES
jk rowling burns trump and fox with the power of her tweets again,ARTS & CULTURE
starbucks says ad targeting undocumented immigrants is completely false,LATINO VOICES
activist artist lights up trump hotel with message from putin,ARTS & CULTURE
aubrey plaza reveals disasters that went down on ingrid goes west set,LATINO VOICES
why 800000 american lives are at risk,LATINO VOICES
10yearold kindly alerts museum to mislabeled dinosaur exhibit,ARTS & CULTURE
parcc still trying to hold itself together,EDUCATION
alan peckolick revolutionary typographer dead at 76,ARTS & CULTURE
why journalists shouldnt write about education,EDUCATION
julia haft candell confounds the infinite at parrasch heijnen gallery,ARTS & CULTURE
west bank street art mural trolls donald trump over mexico border wall,ARTS & CULTURE
my dead father taught me everything i needed to know about fatherhood,LATINO VOICES
univisions maria elena salinas says goodbye to anchor chair with inspiring speech,LATINO VOICES
at creativity explored adults with disabilities express their own sexuality,ARTS & CULTURE
the silent raids that are tearing families apart,LATINO VOICES
i hope this weeks graduates acquired what i did at college lifelong friendships,COLLEGE
facebook sees minimal growth in diversity says it desperately wants a change,LATINO VOICES
charter schools are scamming the public with talk about school choice,EDUCATION
j k rowling wrongly blamed donald trump for snubbing a boy in a wheelchair,ARTS & CULTURE
outspeak wants your videos for back to school,COLLEGE
jlo posts moving photo of ex marc anthony after his mothers death,LATINO VOICES
double standard double spacing,EDUCATION
meet the 18yearold artist now showing in the museum of sex,ARTS & CULTURE
the most jawdropping street art from bristols upfest,ARTS & CULTURE
trumps latino boogeyman,LATINO VOICES
global series venezuelas collapse,LATINO VOICES
for venezuela there may be no happily ever after,LATINO VOICES
exclusive data show charter school students graduating from college at three to five times national average,EDUCATION
baffling antipot billboard aimed at latinos to come down after outrage,LATINO VOICES
when your fave looks like you the importance of queer latinx representation,LATINO VOICES
download these illustrations to protest discrimination against trans community,ARTS & CULTURE
a sketch by donald trump is headed to auction really,ARTS & CULTURE
facebooks hispanic workers finally begin to unionize,LATINO VOICES
early education can bring back the best of ourselves,EDUCATION
gina rodriguez points out whats still missing from superhero movies,LATINO VOICES
new course leads to big gains in number of girls minorities taking ap computer science exams,EDUCATION
5 of the most important reminders for all college freshmen,EDUCATION
the problem with public schools isnt low test scores its strategic disinvestment,EDUCATION
what do we do with the flat earthers,EDUCATION
school choicepast and present,EDUCATION
street artist shows courage has no gender with powerful stencils of famous faces,ARTS & CULTURE
zero tolerance is intolerance,EDUCATION
dascha polanco opens up about what makes her insecure,LATINO VOICES
demi lovato throws a starstudded pool party for sorry not sorry video,LATINO VOICES
converted city bus brings education to the hardesttoreach students,EDUCATION
malaysias state broadcaster bans despacito over obscene lyrics,LATINO VOICES
pulitzer prize winner tony kushner is writing a play about trump,ARTS & CULTURE
alec chooses to omit betsy devos from its conference speakers list,EDUCATION
tiny seal pup found tangled in fishing net saved in heartwarming rescue,GOOD NEWS
junot díaz wrote a kids book so his goddaughters could feel represented,LATINO VOICES
despacito is officially the most streamed song of all time,LATINO VOICES
safety is a top concern for indian students admitted to us schools for fall report,EDUCATION
swing latino takes colombian salsa to new heights on world of dance,LATINO VOICES
an attack on the aca and planned parenthood is an attack on the latino community,LATINO VOICES
musicals yes musicals are about to shake up podcasting,ARTS & CULTURE
from unruly hearts to open minds intellectual diversity in the age of polarization,COLLEGE
seven ways devos has failed higher education,EDUCATION
a lynda carter appearance in wonder woman 2 has already been discussed,LATINO VOICES
mexicanamerican duos new music video captures tragic effects of deportation,LATINO VOICES
partisan divide about college reflects our dislike of each other,EDUCATION
in campus sexual assault cases the us department of education must seek to balance the rights of both survivors and the accused,EDUCATION
the power of a xenophobic president,LATINO VOICES
where are all of the teachers going,EDUCATION
do girls have access to team sports many california schools arent telling despite law,EDUCATION
california law could change everything for the start school later movement,EDUCATION
gallerygoer loses balance knocks over so many pedestals of art,ARTS & CULTURE
in good news the metropolitan museum of art set a new attendance record,ARTS & CULTURE
11 daddy yankee hits you need to hear after youve overplayed despacito,LATINO VOICES
10 of the best prime day deals for your college kid,COLLEGE
being a naturalized american feels anything but natural,LATINO VOICES
how to embrace change,COLLEGE
daddy yankee becomes first latino artist to reach no 1 on spotify,LATINO VOICES
ny charter school allies move to undermine teacher certification,EDUCATION
the charter school charade offers rhetoric not evidence,EDUCATION
must we accept trumpism and a second rate education for poor kids,EDUCATION
devos should stop stalling enforce obama rules to protect students from fraud,EDUCATION
wonder woman of the 70s was a brainy latina,LATINO VOICES
north carolina cops respond to party complaint ride a giant waterslide instead,GOOD NEWS
chris martin sings chantaje with shakira shows off his spanish skills,LATINO VOICES
illustrators depict the everyday items giving hope to child refugees,ARTS & CULTURE
the best college graduation gift ever success on the first job,COLLEGE
trumps threats against journalism reflect a reality mexico knows all too well,LATINO VOICES
waking up to a new era of education,EDUCATION
jlo debuts new single during macys of july fireworks spectacular,LATINO VOICES
12 of the most fly photos taken by drones in,ARTS & CULTURE
celebrating july fourth should mean questioning united states history,EDUCATION
see the slick moves that got indias billy elliot into one of americas top ballet schools,GOOD NEWS
latinos in the us and the road to prison the new logic of the criminal justice system,LATINO VOICES
making cyberschool creepier,EDUCATION
secrets to a happy marriage from a 99yearold couple on their wedding anniversary,GOOD NEWS
the evergreen state college implosion are there lessons to be learned,COLLEGE
even scarier than real life,ARTS & CULTURE
chicago artist carefully placed real fake sculpture outside trump tower,ARTS & CULTURE
broad city star abbi jacobson to host modern art podcast,ARTS & CULTURE
24 times jk rowling wrote or said something that hit all the feels,ARTS & CULTURE
12 great new books to bring to the beach this summer,ARTS & CULTURE
michael bond paddington bear creator dead at 91,ARTS & CULTURE
immigrants they get the job done in amazing new hamilton mixtape video,ARTS & CULTURE
selenis leyva latinas are still unfortunately looked at as sex objects,LATINO VOICES
from kabul to mountain view worlds top girl coders headed to california this summer,EDUCATION
its time to dispel the myth that athletics can bankroll a college,COLLEGE
early wedding photos had no touching no smiles no hashtags,ARTS & CULTURE
holocaust education must expand beyond the classroom,EDUCATION
i just graduated college and im already freaking out about debt,COLLEGE
schools should be safe for all,EDUCATION
poets ode to refugees offers the world some muchneeded perspective,LATINO VOICES
china grants medical parole to jailed nobel peace laureate liu xiaobo,ARTS & CULTURE
a retrospective on harry potter midnight release parties,ARTS & CULTURE
embracethelatinx is an allinclusive tribute to latinos many identities,LATINO VOICES
la leads the way requiring schools to do more to help students with dyslexia,EDUCATION
meet brynneth pawltro kentucky towns new pit bull mayor,GOOD NEWS
martha the mastiff worlds ugliest dog is droopy gassy and gorgeous,GOOD NEWS
unfounded loyalty president obama and the hispanic community,LATINO VOICES
redesigning the rust belt an old german steel region gets a mindful modern makeover,ARTS & CULTURE
11 new podcasts to refresh your summer playlist,ARTS & CULTURE
theater community receives death threats following julius caesar controversy,ARTS & CULTURE
a national imperative a deep summers breath,COLLEGE
if youre graduating this year you need to read this,COLLEGE
is it time to level the playing field for college athletes,COLLEGE
interactive map how your state is implementing the every student succeeds act,EDUCATION
for the future of education answer the calling to the classroom,EDUCATION
pearson botches mississippi testing again mississippi immediately severs contract,EDUCATION
nabra hassanens killing sparks discussion of islamophobia among latinos,LATINO VOICES
every simpsons superfan should follow this surreal instagram account,ARTS & CULTURE
art of iranian immigrants reveals the creative potential of inclusivity,ARTS & CULTURE
this one is for the guys out there,LATINO VOICES
american teenagers are using slam poetry to make sense of trump,ARTS & CULTURE
mariah carey releases rainbow merch in support of the lgbtq community,LATINO VOICES
the dangers of climate change are real in this new comic anthology,ARTS & CULTURE
a letter to the immigrant father thank you,LATINO VOICES
what we talk about when we talk about race a new play shows its not what it seems,ARTS & CULTURE
bruce springsteen on broadway the boss eyes intimate residency,ARTS & CULTURE
as social and emotional learning expands educators fear the fizzle,EDUCATION
is school choice just expanding privilege,EDUCATION
e tu gop trump caesar and the american rubicon,ARTS & CULTURE
the street art hiding on the floor of the world trade center,ARTS & CULTURE
dog who ran away amid shooting at congressional baseball practice is found,GOOD NEWS
dobby the houseelf still brings generosity to the harry potter universe and beyond,ARTS & CULTURE
after 46 years yoko ono is finally credited for cowriting imagine,ARTS & CULTURE
a look at the most dangerous ropefree ascent ever,GOOD NEWS
how arts and culture make new york a place for all of us,ARTS & CULTURE
hear janet mock read a passage about selling a girlfriend experience as a stripper,ARTS & CULTURE
how to avoid school choice accountability,EDUCATION
tracy k smith is americas new poet laureate,ARTS & CULTURE
the revolutionary street art project that inspired banksy and empowered a citys youth,ARTS & CULTURE
much ado,ARTS & CULTURE
uproar over trumpedup julius caesar ignores the plays actual meaning,ARTS & CULTURE
the president of the united states made an appearance at the tonys,ARTS & CULTURE
5 unexpected things we learned on the harry potter studio tour,ARTS & CULTURE
stephen colbert likens trump presidency to worst musical ever at the tonys,ARTS & CULTURE
aisle view stirring up the deplorables,ARTS & CULTURE
international pisa tests show how evidencebased policy can go wrong,EDUCATION
trumps insidious dual assault on the american creative class,ARTS & CULTURE
10 lost buildings of new york city,ARTS & CULTURE
17 cleaning supplies that are actually design pieces,ARTS & CULTURE
are universities responsible persons,COLLEGE
sponsors pull out of trumpinspired julius caesar show with assassination scene,ARTS & CULTURE
ice arrests new york teen hours before his prom,LATINO VOICES
a complete list of the tony award winners,ARTS & CULTURE
jk rowling delivers strong message to cool guy who called theresa may a whore,ARTS & CULTURE
watch camila cabello sing despacito like a boss,LATINO VOICES
the commencement speech no one asked me to give yet,COLLEGE
17 impressive photos of laurie hernandez doing her thing,LATINO VOICES
que siga la fiesta,LATINO VOICES
read a chapter of mark twains previously unpublished childrens book,ARTS & CULTURE
teaching climate science in the age of trump,EDUCATION
exclusive how safe is my child at school new interactive maps allow nyc and la parents to compare classrooms,EDUCATION
cher is gifting us with a broadway musical based on her life,ARTS & CULTURE
artist realizes only appropriate use of trump tweets is plant food,ARTS & CULTURE
the urgency of indecent art paula vogel on love creation and injustice,ARTS & CULTURE
too many forprofit colleges defraud students and taxpayers alike,EDUCATION
banksy pulls free uk election print offer amid police probe,ARTS & CULTURE
17 years later monty python writer finally wraps don quixote filming,ARTS & CULTURE
heres how jk rowling wants to protest donald trumps uk state visit,ARTS & CULTURE
a harry potter superfan and a nasa engineer are creating a real leaky cauldron,ARTS & CULTURE
princetons asian stereotypes comments fuel fear and insecurity,COLLEGE
no money more problem,LATINO VOICES
funny or die cut trump into handmaids tale and he fits in perfectly,ARTS & CULTURE
bob dylan finally gave his required nobel prize lecture here it is,ARTS & CULTURE
margaret atwood speaks out against antiabortion legislation in the us,ARTS & CULTURE
teachers union president joins antiunion operative to praise charter schools,EDUCATION
the creative process is a healing one  an opera,ARTS & CULTURE
california law spurs reforms after high school suicide cluster,EDUCATION
female access to education isnt enough,EDUCATION
lawsuit accuses glass artist dale chihuly of plagiarizing work,ARTS & CULTURE
student who graduated on nyc subway gets the ceremony he deserves,LATINO VOICES
writers group is raising money to send girls to see wonder woman,ARTS & CULTURE
9 other superheroines who deserve their own movie adaptations,ARTS & CULTURE
jackie cruz and diane guerrero rethink their friendship after bff quiz,LATINO VOICES
a tale of two commencement speeches,COLLEGE
with summer break comes the danger of students doing nothing,EDUCATION
yes we graduated now quit romanticizing our suffering,LATINO VOICES
these shoes are changing the lives of single mothers and seniors in colombia,LATINO VOICES
college degrees belong in the hands of undocumented families,LATINO VOICES
la supt john whites job is the subject of a   lawsuit,EDUCATION
how trumps harsh education cuts undermine his economic growth goals,EDUCATION
unclear language isnt just annoying its politically dangerous,ARTS & CULTURE
people across manchester are getting bee tattoos to honor bombing victims,ARTS & CULTURE
alanis morissettes jagged little pill is getting turned into a musical,ARTS & CULTURE
the bachelorette told a cheating bro to gtfo and it was glorious,ARTS & CULTURE
being convinced were always right is our next national emergency,ARTS & CULTURE
minnesota museum to remove gallows exhibit after native american protest,ARTS & CULTURE
the trump education budget will dangerously favor fast food teachers,EDUCATION
millennials are uncertain not entitled,COLLEGE
poor and middleincome families need a better way than 529s to save for college,EDUCATION
director john scheinfeld on the spiritual journey of jazz icon john coltrane,ARTS & CULTURE
denis johnson acclaimed author of jesus son dead at 67,ARTS & CULTURE
an americans reply to umd commencement speaker yang shuping,COLLEGE
youve graduated now what,COLLEGE
the release of the education budget,EDUCATION
lookups for body slam surge 136900 percent before montana election,ARTS & CULTURE
everything is exhausting right now and merriamwebster has the perfect word for us,ARTS & CULTURE
oops ivanka and jared failed to disclose their milliondollar art collection,ARTS & CULTURE
how to dress your resume for the job you want not the skills you have,COLLEGE
elite universities are compromising student mental healthcare amid heightened stress culture,COLLEGE
we cant wait solutions to k12 sexual harassment and assault,EDUCATION
president trumps major accomplishment regarding latinos,LATINO VOICES
just put my degree in the mail  notre dame and bethunecookman class of,EDUCATION
how recent grads can avoid the most common entrylevel mistakes,EDUCATION
bill gates wants you to read trevor noahs memoir this summer,ARTS & CULTURE
orgullosas new campaign challenges misconceptions about latina beauty,LATINO VOICES
donald trump gave the pope a sculpture his holiness will probably regift,ARTS & CULTURE
a show all about fighters,LATINO VOICES
evan pricco curates what in the world at urban nation in berlin,ARTS & CULTURE
the painful truth about the pressures of academic life,ARTS & CULTURE
why dont my students want to be facebook friends any more,EDUCATION
watch shakira surprise nyc fans with a performance in the park,LATINO VOICES
neil gaiman will dramatically read dr seuss if we raise 1 million for refugees,ARTS & CULTURE
one of the biggest challenges new york artists face is affording supplies,ARTS & CULTURE
itatí cantoral returns to oitnb as soraya for an acting lesson,LATINO VOICES
in  casting a black actor derailed a staging of this famous play,ARTS & CULTURE
teachers at a chicago charter school plan to strike on,EDUCATION
calif high school student wins election on antimuslim joke video,EDUCATION
america ferrera wants to change the way americans view activism,LATINO VOICES
basquiat painting sells for record 1105 million at sothebys auction,ARTS & CULTURE
controversial puerto rican nationalist oscar lopez rivera returns to chicago,LATINO VOICES
bachelorette rachels contestant bios by the numbers,ARTS & CULTURE
no excuse teaching,EDUCATION
as schools adopt socialemotional programs a new harvard guide offers help,EDUCATION
in trumps america frustration is so high that headdesk is a verb,ARTS & CULTURE
the romphim isnt just lame wordplay its a sign of male fragility,ARTS & CULTURE
nick kroll and john mulaneys oh hello is the perfect netflix special,ARTS & CULTURE
basis inside the acclaimed school network thats blended together the worlds best education practices,EDUCATION
will the citys cultural plan walk the talk of equity,ARTS & CULTURE
how master of none captures the loneliness of constant connectivity,ARTS & CULTURE
portraits of librarians celebrate americas bookish unsung heroes,ARTS & CULTURE
leaving money on the table and dividing america without knowing it,LATINO VOICES
etiquette tips for celebrating graduations,COLLEGE
haunting sculpture offers a surreal glimpse at the future of climate change,ARTS & CULTURE
stunning photos debunk the myth that queerness is unafrican,ARTS & CULTURE
for a moderate conservative at uc berkeley a battle on two fronts,COLLEGE
as a queer kid in rural france this writer was subjected to extreme violence,ARTS & CULTURE
what mexican music festival lineups look like with only female acts,LATINO VOICES
no putins piano recital doesnt make him any softer,ARTS & CULTURE
immigration officials asking about fourthgrader turned away by nyc school,LATINO VOICES
people are mad handmaids tale doesnt respect scrabble rules,ARTS & CULTURE
betsy devos at bethunecookman commencement lots of opposition,EDUCATION
can this man save detroit public schools,EDUCATION
happy mothers day to the moms who teach,EDUCATION
9 things graduates should know about postcollege work,COLLEGE
10 things every high school senior should know now,EDUCATION
happy little you can now surf random bob ross videos online forever,ARTS & CULTURE
the special education leader who taught me what compassion looks likein switzerland,EDUCATION
this 14yearolds poem breaks apart the wage gap,ARTS & CULTURE
eva longoria got a call from her mother after recent pregnancy rumors,LATINO VOICES
someone made erotic art about trump meeting the pope,ARTS & CULTURE
nationwide art project is making space for historic women in all 50 states,ARTS & CULTURE
ok so heres what laughing up their sleeves actually means,ARTS & CULTURE
tina fey confirms that unlike fetch the mean girls musical is going to happen,ARTS & CULTURE
billionaire cash is flooding los angeles to push trumpdevos school choice agenda,EDUCATION
heres how washington dc can drive innovation in education throughout the countrywith no strings attached,EDUCATION
richard ford on his new memoir and the challenge of writing about the south,ARTS & CULTURE
13 mlb players denounce repression and deaths in their native venezuela,LATINO VOICES
margaret atwood just schooled us all on what  is really about,ARTS & CULTURE
grace and frankie actress writing a book to help women run for office,ARTS & CULTURE
young new yorkers street artists and keeping teens out of jail,ARTS & CULTURE
latinxs show their pride and resilience with spectacular grad caps,LATINO VOICES
milo yiannopoulos claims he will sue simon & schuster and selfpublish his book,ARTS & CULTURE
pepe the frog is dead cartoonist kills off stoner amphibian hijacked by altright,ARTS & CULTURE
the elementary education of donald trump,EDUCATION
preemptive move fails pearson shareholders turn on ceo,EDUCATION
i was an activist in college i still am,COLLEGE
flying pigs will block trump tower for one glorious day this summer,ARTS & CULTURE
al madrigal explains why he thinks many latinos would rather vote republican,LATINO VOICES
signing day for the future superstars of education,EDUCATION
is pisa data worthless,EDUCATION
school choice designed to fail,EDUCATION
when your abuela dies on mothers day,LATINO VOICES
banksy unveils brexitinspired mural showing dismantling of eu flag,ARTS & CULTURE
ivanka trumps book uses toni morrison quote to equate busyness with slavery,ARTS & CULTURE
mike pence uses cinco de mayo party to claim latinos are a priority for trump,LATINO VOICES
nazilooted libraries items must be returned to owners and heirs,ARTS & CULTURE
flipping the switch,EDUCATION
the gallery trying to get women artists paid,ARTS & CULTURE
solid gold lifesize darth vader mask on sale for 14 million,ARTS & CULTURE
harry potter and the cursed child is officially coming to broadway next spring,ARTS & CULTURE
mike pence reportedly hosting white house cinco de mayo party internet reacts accordingly,LATINO VOICES
testing opt out parent wants conference school calls police just in case,EDUCATION
james comey causes searches for nauseous to spike on merriamwebster,ARTS & CULTURE
ivanka trumps vapid new book earns a series of savage reviews,ARTS & CULTURE
the worst dressed person at the met gala was actually this naked artist in a box,ARTS & CULTURE
j k rowling magically trolls donald trump for tweeting in the third person,ARTS & CULTURE
hillary clinton borrows handmaids tale resistance slogan in planned parenthood speech,ARTS & CULTURE
the handmaids tale is already locked in for a second season,ARTS & CULTURE
those brad pitt photos arent just memeworthy theyre kind of radical,ARTS & CULTURE
jane goodall kindly asks ivanka trump to actually take her advice,ARTS & CULTURE
women dressed up as handmaids to defend reproductive rights in missouri,ARTS & CULTURE
about that naked dude who crashed the met gala,ARTS & CULTURE
why i decided not to do a phd,EDUCATION
this is rei kawakubo the designer breaking down binaries at the met,ARTS & CULTURE
what these 13 may day activists want trump to know about immigrants,LATINO VOICES
workers fired after day without immigrants protest stand up to exbosses,LATINO VOICES
anonymous texas school art delivers a message to donald trump,ARTS & CULTURE
amy krouse rosenthals daughter continues her late mothers last project,ARTS & CULTURE
michael moore is taking his criticism of trump to broadway,ARTS & CULTURE
hero saves cat from the thames,GOOD NEWS
nightmarish sculpture is haunting runners in a chicago park,ARTS & CULTURE
george rr martin wrote this adorably geeky fan letter when he was 15,ARTS & CULTURE
video shows dramatic rescue from truck flipped during flood,GOOD NEWS
priestdaddy takes on priesthood fatherhood and the patriarchy,ARTS & CULTURE
huffpost welcomes honorary take your child to work day bloggers,EDUCATION
echoes of world war ii  and a loud explosion or two  on a southern road trip,ARTS & CULTURE
president trump in the eyes of kids parents and teachers,EDUCATION
colleges have become unsafe spaces for ideas,EDUCATION
70 years on primo levis if this is a man is still a powerful reminder of what it means to be human,ARTS & CULTURE
todays feminist horror owes a lot to this overlooked century artist,ARTS & CULTURE
now you can learn game of thrones fictional language for real,ARTS & CULTURE
first latino arabamerican running for congress views his heritage as an asset,LATINO VOICES
vito acconci radical performance art icon dead at 77,ARTS & CULTURE
this instagram account is documenting every antidonald trump sticker in nyc,ARTS & CULTURE
watch the emotional moment this dreamer is surprised with a full scholarship,LATINO VOICES
sheeple has been added to the dictionary,ARTS & CULTURE
rep steve king tweets latina constituent do you always lie in english,LATINO VOICES
these muslim jewish and christian artists use music to break barriers,ARTS & CULTURE
salma hayeks dogs crashed a wedding over cake and the story is hilarious,LATINO VOICES
public art project is giving away 4000 free copies of handmaids tale,ARTS & CULTURE
13 times latinos refused to stay silent during trumps first 100 days,LATINO VOICES
32 museums across nyc are trading places and taking fans with them,ARTS & CULTURE
the handmaids tale is a master class on the power of rebellion,ARTS & CULTURE
salma hayek gives the mexican slang lesson you didnt know you needed,LATINO VOICES
stephen king has a gentle message for trump voters,ARTS & CULTURE
the hand youre dealt,LATINO VOICES
in captured people in prison draw the people who should be,ARTS & CULTURE
jk rowling highlights an important thread about the realities of anxiety,ARTS & CULTURE
teaching gatsby under obama was eerie teaching it under trump is crushing,EDUCATION
artist crowdfunds over 11k to paint a plagiarized mural of michelle obama,ARTS & CULTURE
this poem about the darkness of depression gets beautifully animated,ARTS & CULTURE
flawed voucher plans foreshadow trump administrations school reforms,EDUCATION
when trump goes low latinos go high,LATINO VOICES
handmaids tale showrunner is already talking about future seasons,ARTS & CULTURE
video captures dramatic san francisco cliff rescue,GOOD NEWS
so you want to talk about ghost in the shell the whitewashed edition,ARTS & CULTURE
engagement with cuba is a bipartisan issue,LATINO VOICES
americas charter schools have a commitment problem,EDUCATION
adorable portraits explore the lives of bigcity shop cats,ARTS & CULTURE
margaret atwood responds to casts claim that handmaids tale isnt a feminist story,ARTS & CULTURE
french artist hatches live chicks and avoids egg on his face,ARTS & CULTURE
j balvin nicky jam say they changed the notion that reggaetón is misogynist,LATINO VOICES
you can soon buy tickets to the mean girls musical you pathetic loser,ARTS & CULTURE
ivanka trump will skip her book tour due to ethical concerns,ARTS & CULTURE
bill murray is a classical musician now,ARTS & CULTURE
bill oreillys book publisher says it will continue to support him,ARTS & CULTURE
7 ways college students can get their voice heard,COLLEGE
weird people are protesting an art performance featuring 500 liters of bull blood,ARTS & CULTURE
artist gives historical women of color the glorious crowns they deserve,ARTS & CULTURE
los angeles getty center to reopen after bomb threat,ARTS & CULTURE
old hollywood portraits capture stars in candid moments between takes,ARTS & CULTURE
la school board puts money and lobbying muscle behind state bills drafted to shackle charter schools,EDUCATION
teaching college through a prison telephone,EDUCATION
nuart aberdeen already has locals saying haste ye back,ARTS & CULTURE
kevin spacey is here to save the annual tony awards,ARTS & CULTURE
thingsonlywomenwritershear documents heartbreaking sexism in creative fields,ARTS & CULTURE
stephen colbert is turning one of his popular segments into a book,ARTS & CULTURE
trinity lutheran v comer 7 things to know about a scotus preschool case with big school choice implications,EDUCATION
broadways new princess elsa is absolute fire and ice,ARTS & CULTURE
trump urges twitter followers to read a completely blank book,ARTS & CULTURE
huma abedin wants 2 million for her memoir,ARTS & CULTURE
an indecent budget proposal,EDUCATION
a onewoman show explores the fragmented life of frida kahlo,ARTS & CULTURE
help a queens museum create a permanent home for jim hensons muppets,ARTS & CULTURE
ballet hispánico is giving latino artists a voice they deserve,ARTS & CULTURE
meet pearl mackie the 20something shaking up doctor who,ARTS & CULTURE
review teethmarks on my tongue by eileen battersby,ARTS & CULTURE
margaret atwood on the handmaids tale i made nothing up,ARTS & CULTURE
fancy food market eataly is going to help save leonardo da vincis last supper,ARTS & CULTURE
heres why legal immigration is way harder than you think,LATINO VOICES
why the strategy to end discrimination against asian americans in admissions is all wrong,EDUCATION
heres how jeff sessions is preparing to pack us prisons with bodies,LATINO VOICES
wall street bull sculptor says nyc violated his rights with fearless girl,ARTS & CULTURE
7yearold refugee who tweeted during aleppo siege is writing a memoir,ARTS & CULTURE
sylvia plath alleged abuse by ted hughes in unpublished letters,ARTS & CULTURE
these 6 usps stamps are a mouthwatering tribute to latino cuisine,LATINO VOICES
field guide to choice advocates,EDUCATION
10 ways college grads can make their resumes stand out,COLLEGE
beyond the prestige race choosing your college,COLLEGE
merriamwebster dictionary trolls united airlines over definition of volunteer,ARTS & CULTURE
beyoncés pregnancy photographer is turning his attention to trumps america,ARTS & CULTURE
man takes risky plunge to save his dog from icy pond because  love,GOOD NEWS
latino usa goes to la fiesta de los vaqueros in tucson,LATINO VOICES
10 steps to overcoming fomo,GOOD NEWS
harry potter play has magical recordbreaking turn at award show,ARTS & CULTURE
handmaids tale waitlists surge in libraries across america,ARTS & CULTURE
colson whiteheads the underground railroad wins pulitzer prize,ARTS & CULTURE
john grisham calls string of arkansas executions a spectacular legal train wreck,ARTS & CULTURE
john leguizamo says learning latino history in school wouldve changed his life,LATINO VOICES
hidden figures author to write two new books on overlooked black icons,ARTS & CULTURE
houston police announce decrease in latinos reporting rape violent crimes,LATINO VOICES
alec baldwin calls out publisher for errors in his new memoir,ARTS & CULTURE
undocumented youth seek solidarity and sanctuary,LATINO VOICES
heroin distributor once set up fake wv prep school in apartment,EDUCATION
organizing against the trumpdevos miseducation agenda,EDUCATION
to my undocumented friend you are here to stay,LATINO VOICES
to the women who gained weight in college,LATINO VOICES
star wars fans should be very excited about this new backstory book,ARTS & CULTURE
to make womens stories prestige tv just add a murder plot,ARTS & CULTURE
11 republican lawmakers sign letter in support of arts funding,ARTS & CULTURE
margaret atwood offers new insights on tyranny in updated handmaids tale audiobook,ARTS & CULTURE
jesse jackson likens latinos building border wall to black people building slave ships,LATINO VOICES
why miss rizos decided to empower dominican women to love their curls,LATINO VOICES
whats the future of corporate school reform during the trump administration,EDUCATION
the altright curriculum,EDUCATION
a museum in germany is asking designers to give peace a new sign,ARTS & CULTURE
gina rodriguez latinos need to work together to close the wage gap,LATINO VOICES
naomi klein is writing an antitrump manifesto very very quickly,ARTS & CULTURE
lowincome students are vulnerable in a shifting college access landscape,COLLEGE
schools need title ix because the criminal system is broken,EDUCATION
artist proposes a new way of seeing nude women at the museum,ARTS & CULTURE
congressional candidate wendy carrillo on why she stood up to david duke on twitter,LATINO VOICES
sweat playwright plans companion piece to groundbreaking broadway play,ARTS & CULTURE
a play about a small pennsylvania city is what art should look like in trumps america,ARTS & CULTURE
dramatic video shows hero rescuing fallen man on subway tracks,GOOD NEWS
california roads got safer when undocumented immigrants got drivers licenses,LATINO VOICES
a devastating story of friendship and heartbreak that definitely passes the bechdel test,ARTS & CULTURE
a painter searches for a more interconnected vision of humanity,ARTS & CULTURE
mysterious carving of a womans face emerges during church restoration,ARTS & CULTURE
another reason not to give up on your novel jk rowling will be really disappointed,ARTS & CULTURE
meet the women directors revolutionizing horror films,ARTS & CULTURE
marvel exec suggests comic sales fell because readers didnt want female characters,ARTS & CULTURE
stown new podcast from serial creators makes history,ARTS & CULTURE
supporting our international student community,COLLEGE
whats a white btch like you doing in a school like this,EDUCATION
in africa forprofit school chain plays legal hardball,EDUCATION
is kenyatta ac hinkle the antischutz,ARTS & CULTURE
how i got involved in campus safety as a student activist,COLLEGE
pop art pioneer james rosenquist dead at 83,ARTS & CULTURE
latina surprises bffs who lost their parents with sweetest gifts,LATINO VOICES
stephen kings new book with his son involves feral women abandoned men,ARTS & CULTURE
how the mindy project embraced and transcended the traditional romcom,ARTS & CULTURE
the real reason students shouldnt sit in class,EDUCATION
14 stunning embroidery instagrams thatll make you fall thread over heels,ARTS & CULTURE
climate changedeniers spam thousands of teachers with antiglobal warming packages,EDUCATION
mary gaitskill on rape culture and her new essay collection somebody with a little hammer,ARTS & CULTURE
rip dandelion the first crayola crayon to retire from the 24pack,ARTS & CULTURE
artist creates haunting ode to the countless black female bodies that have disappeared,ARTS & CULTURE
elena ferrantes beloved book series is headed to hbo,ARTS & CULTURE
22 stunning photos from the sony world photography awards,ARTS & CULTURE
how to buy art and resist hate too,ARTS & CULTURE
publisher blames russians for fake amazon listing of antitrump book update,ARTS & CULTURE
whats really going on inside your favorite songs,ARTS & CULTURE
thanksfortyping shows once again that women do the dirty work,ARTS & CULTURE
bob dylan will finally accept his nobel prize this weekend,ARTS & CULTURE
video breaks down why machismo isnt synonymous with latino men,LATINO VOICES
undocumented student who posted viral tax form selfie asks trump for his receipts,LATINO VOICES
a book about resisting tyranny turns into an incredible public art project,ARTS & CULTURE
artists trumpbeast is a chilling portrait of the current administration,ARTS & CULTURE
moonlight director barry jenkins to turn last years biggest book into a tv series,ARTS & CULTURE
chicano starts petition against mexico will pay costume on amazon,LATINO VOICES
in  margaret atwood made a stirring case for investing in culture,ARTS & CULTURE
hannah skandera booted from consideration as devos assistant,EDUCATION
hovering over the precipice desperate pearson reaches out,EDUCATION
people policy and power envisioning a new honduras,LATINO VOICES
georgia campus sexual assault survivors and advocates oppose last minute move to pass controversial campus rape bill,COLLEGE
relive your college years with this thoughtful hilarious novel,ARTS & CULTURE
seven years ago a mexican artist turned the usmexico border into a bridge,ARTS & CULTURE
toronto cancels us class trips due to trump travel ban concerns,EDUCATION
linmanuel miranda says so much more than thank you during his acceptance speeches,ARTS & CULTURE
just 18 snoozing animal photos to take your mind off politics,GOOD NEWS
shakiras bachata moves are fire in deja vu music video,LATINO VOICES
the profound impact of the nea and neh in one simple graphic,ARTS & CULTURE
that viral harry potter puppet video is 10 years old & now in highdef,ARTS & CULTURE
under trump muslim book publishers are fighting against hate,ARTS & CULTURE
a white artists painting of emmett till sparks protest controversy and a viral hoax,ARTS & CULTURE
the full handmaids tale trailer is a dystopian nightmare and a call to action,ARTS & CULTURE
jane austen apparently made up two fake marriages for the lulz,ARTS & CULTURE
a striking number of college students are hungry and homeless,EDUCATION
pussy riot offers advice on how to defy stupid ape donald trump,ARTS & CULTURE
america ferrera representation is how most of us learn what is possible,LATINO VOICES
white artists emmett till painting incites anger at whitney biennial,ARTS & CULTURE
this 14yearold latina is leading her team to the world robotics championship,LATINO VOICES
what happens if a nuclear bomb goes off in manhattan,ARTS & CULTURE
podcasts are the new xanax,ARTS & CULTURE
blood and betrayal in the southwest,LATINO VOICES
the most clichéd and most exclamationprone authors by the numbers,ARTS & CULTURE
ed sheerans shape of you gets an unexpected latin remix,LATINO VOICES
cinco de mayo parade organizers cancel celebration over fears of ice crackdown,LATINO VOICES
acclaimed horror comic artist bernie wrightson dead at 68,ARTS & CULTURE
director of christian organization calls on christians to support public schools,EDUCATION
living a risky life as an artist in lebanon,ARTS & CULTURE
a third way for universities,COLLEGE
nazithemed trump billboard to stay up as long as hes president owner says,ARTS & CULTURE
winning fourth grade robotics team told to go back to mexico,LATINO VOICES
acclaimed poet and playwright derek walcott dead at 87,ARTS & CULTURE
360degree photographs invite you inside americas most majestic libraries,ARTS & CULTURE
danny devito makes a monumental debut on broadway in the price,ARTS & CULTURE
mute teen fulfills his dream of becoming a rapper despite not having a jaw,LATINO VOICES
trumps budget proposes to eliminate arts agencies as many feared,ARTS & CULTURE
arts advocates denounce proposed elimination of the nea and neh,ARTS & CULTURE
chelsea clinton to publish childrens book titled she persisted,ARTS & CULTURE
latino rep calls out republicans for normalizing steve kings racist comments,LATINO VOICES
ivana trump is writing a nonpartisan book about raising her children,ARTS & CULTURE
musicians from countries affected by trumps travel ban fight back at sxsw,ARTS & CULTURE
watch this onceundocumented immigrant destroy her states case for banning sanctuary cities,LATINO VOICES
youll fall in love with this mariachi version of the beauty and the beast song,LATINO VOICES
students around the country are sending letters to trump via a large vagina sculpture,ARTS & CULTURE
the sickly sweet childrens books that inspired henry dargers dark imagination,ARTS & CULTURE
this is my country,LATINO VOICES
man travels to historic art locations just to paint the patterns on his shirts,ARTS & CULTURE
a bunch of artists made absolutely chilling images inspired by get out,ARTS & CULTURE
9 parking garage designs that are works of art,ARTS & CULTURE
lookups of complicit surge after snl sketch spoofs ivanka trump,ARTS & CULTURE
huff posts entertainment instagram whats new,ARTS & CULTURE
f scott fitzgeralds longlost short story savages the publishing industry,ARTS & CULTURE
joan didions new book explores the bubble of the american south,ARTS & CULTURE
four black artists join forces to purchase nina simones childhood home,ARTS & CULTURE
why laurie hernandez owning her natural curly hair is so important,LATINO VOICES
tondo tondo tondo,ARTS & CULTURE
what are teachers looking for when they want to leave teaching,EDUCATION
strangely compelling shybot roams california desert avoiding humans,ARTS & CULTURE
huffposts instagram whats new,ARTS & CULTURE
robert james waller bridges of madison county author dead at 77,ARTS & CULTURE
watch taina asili take a sledgehammer to trumps racism and sexism,LATINO VOICES
dan rather to write a book on what unites us,ARTS & CULTURE
jk rowling shows two faces of donald trump on international womens day,ARTS & CULTURE
hamilton cast members donate salaries from performance to honor womens day,ARTS & CULTURE
artist updates if you see something say something posters with message of resistance,ARTS & CULTURE
74yearold man arrested after alleged massacre of kim kardashians books,ARTS & CULTURE
antisemitisms threats transcends the jewish people,COLLEGE
alvin ailey introduces new works we love accordingly,ARTS & CULTURE
a real school of wizardry is opening in an english castle this year,ARTS & CULTURE
margaret atwoods advice for young feminists be informed be aware,ARTS & CULTURE
telemundo actors join union in a first for us spanishlanguage television,LATINO VOICES
read the fierce letters women throughout history have written to call out sexism,ARTS & CULTURE
making students pledge to the test,EDUCATION
these are the realities of mental health from anxiety to z,ARTS & CULTURE
how jane the virgin gets motherhood right,ARTS & CULTURE
margaret atwood admits the handmaids tale is more relevant than ever,ARTS & CULTURE
free school lunches kept me from starving,EDUCATION
feminist scifi writers dream up a better future for women and reproductive health,ARTS & CULTURE
artist honors the legacy of britains radical suffragettes,ARTS & CULTURE
usborn latino found illegal spraypainted on his volkswagen,LATINO VOICES
laurie hernandez wants to be the latina role model she never had,LATINO VOICES
george rr martins beauty and the beast wouldve been bloody af,ARTS & CULTURE
empathy  humanitys greatest lost art,ARTS & CULTURE
to the people who still refer to undocumented people as illegal,LATINO VOICES
7 tips for choosing the best idea for your novel,ARTS & CULTURE
this documentary shows theres more to perus socalled cocaine valley,LATINO VOICES
harrowing video captures teen sobbing as ice arrests her dad on the way to school,LATINO VOICES
banksy built a hotel overlooking the israelpalestine barrier,ARTS & CULTURE
white tears is the horror story la la land should have become,ARTS & CULTURE
the sartorial genius of georgia okeeffe,ARTS & CULTURE
artist honors the history of broken promises that preceded standing rock,ARTS & CULTURE
poet has fire response for anyone who asks where are you really from,LATINO VOICES
french artist dazed after living in a rock for a week,ARTS & CULTURE
diego luna talks filming his first sex scene before he ever had sex,LATINO VOICES
diving into lordes dreamy and dramatic album art,ARTS & CULTURE
your new favorite adult coloring book honors the drag kings and queens of the south,ARTS & CULTURE
how a ghaniangerman artist uses personal style to express her hybrid identity,ARTS & CULTURE
whoops selfie snapper smashes sculpture days after exhibit opens,ARTS & CULTURE
garbage collector rescues books from the trash for lowincome kids,LATINO VOICES
renowned chef defends immigrants regardless of status in rousing speech,LATINO VOICES
dreamer delivers powerful response to donald trump in spanish,LATINO VOICES
these iconic women artists deserve a special place in the history books,ARTS & CULTURE
linmanuel miranda is raffling a hamilton date to raise money for immigrants,LATINO VOICES
st vincents sleek ernie ball collaboration is an equalopportunity guitar,ARTS & CULTURE
this is what trumps immigration crackdown is doing to school kids,LATINO VOICES
getting older is a thing of beauty in these portraits of centenarians around the world,ARTS & CULTURE
artist is casually spending the week living inside a giant boulder,ARTS & CULTURE
mysterious jk rowling tweet has fantastic beasts fans freaking out,ARTS & CULTURE
seth rogen uses the oscars to reveal hes a major hamilton fan,ARTS & CULTURE
sage elf jaden smith is leaving his art on the streets for lucky mortals to find,ARTS & CULTURE
this dance inspired by moonlight is almost as gorgeous as the real thing,ARTS & CULTURE
the myth of the liberal campus,COLLEGE
the letter you should write to your k12 schools,EDUCATION
these emerging artists are more than ready to defend the first amendment,ARTS & CULTURE
finally a web series that navigates the horrors of being a woman online,ARTS & CULTURE
new podcast to explore richard simmons disappearance from the public eye,ARTS & CULTURE
oitnb star jackie cruz explains why she wants the white girl roles,LATINO VOICES
art museums provide safe spaces for trans students across the country,ARTS & CULTURE
oscar isaac to play title role in new york production of hamlet,ARTS & CULTURE
a free ladyled zine is here to school you on reproductive rights,ARTS & CULTURE
schools stand up for trans students as gop withdraws protections,EDUCATION
artists inspiring national anthem performance is a literal work of art,ARTS & CULTURE
mural shows 37 real and repulsive things politicians have said about women,ARTS & CULTURE
this feminist film got snubbed by the oscars but you should watch it anyway,ARTS & CULTURE
yayoi kusamas infinity rooms are here to turn your instagram feed into art,ARTS & CULTURE
a previously unknown walt whitman novella was discovered  and its not great,ARTS & CULTURE
met director fears elimination of nea marks new assault on art,ARTS & CULTURE
fourthgeneration harlem artist challenges what it means to be an american,ARTS & CULTURE
milo yiannopoulos canceled book is a lesson in battling hate speech,ARTS & CULTURE
i am not hostile to change,EDUCATION
the one book you need to read to understand the plight of refugees,ARTS & CULTURE
indie movie theaters nationwide to protest donald trump by screening,ARTS & CULTURE
simon & schuster cancels milo yiannopoulos book deal following pedophilia controversy,ARTS & CULTURE
in praise of women whove explored  and conquered  on foot,ARTS & CULTURE
in annual newsletter gates goes silent on education,EDUCATION
10 ideas that could save american poetry,ARTS & CULTURE
betsy devos please bring down the hammer on campus sexual assault,EDUCATION
5 tips for talking history to your kindergartener,EDUCATION
conservatives want religion on classroom walls not in classrooms,EDUCATION
school starts too early in the morning state lawmaker says,EDUCATION
the trump administration is targeting the entire latino community,LATINO VOICES
if charter schools dont reject this doctrine theyll cease to be labs of innovation,EDUCATION
activist artist dread scott on why we need a revolution,ARTS & CULTURE
california school under fire after teachers mock students participating in immigrants strike,LATINO VOICES
200 artists from around the world launch initiative to fight fascism through art,ARTS & CULTURE
auditions for broadways harry potter and the cursed child are happening,ARTS & CULTURE
allwomen motorcycle crew turns feminism up a gear,ARTS & CULTURE
artist addresses the racist history of photographing men of color,ARTS & CULTURE
linmanuel miranda is too busy planning his oscars date with mom to worry about macpegoting,ARTS & CULTURE
us gets a taste of life without immigrants in nationwide protests,LATINO VOICES
sara bareilles to step into leading role of broadways feminist musical waitress,ARTS & CULTURE
to protest trumps travel ban museum temporarily removes all work by immigrant artists,ARTS & CULTURE
philip pullman is dropping new antiauthoritarian fantasy trilogy,ARTS & CULTURE
brown girls web series creator says joy is a powerful political weapon,ARTS & CULTURE
celebrities and activists share letters toimmigrantswithlove on twitter,LATINO VOICES
latinos send heartfelt messages of love to their families for vday,LATINO VOICES
eve ensler wants to topple the patriarchy with revolutionary love,ARTS & CULTURE
its galentines day so linmanuel miranda made a playlist dedicated to ladies,ARTS & CULTURE
bookstore trolls piers morgan tweets entirety of harry potter at him,ARTS & CULTURE
jesse & joy dedicated grammy to hispanics in tearful acceptance speech,LATINO VOICES
betsy devos and public school visits a brief guide,EDUCATION
mexico warns its people about new reality in the united states,LATINO VOICES
pennsylvania legislature plans to take away teachers sick days,EDUCATION
tennessee teacher jessi bohons viral townhall video defends obamacarestrong pull up the weak,EDUCATION
bridging the divide at the checkout line,GOOD NEWS
ouch jk rowling just burned trump supporter piers morgan bad,ARTS & CULTURE
law enforcement k9 cant hide how much he loves his partner,GOOD NEWS
how a betsy devos department of education could lead to a massive transfer of public funds into the private sector,EDUCATION
rethinking the college mental health crisis do bubble wrap and special snowflake myths prevent a vision for needed change,EDUCATION
how the grammys gloss over great indigenous music being made today,ARTS & CULTURE
why one artist believes ambivalence is a form of feminist resistance,ARTS & CULTURE
deported moms teen daughter gives heartbreaking speech in her defense,LATINO VOICES
this afrolatina is raising funds to open the bronxs only bookstore,LATINO VOICES
artists with disabilities toy with gender norms on and off the canvas,ARTS & CULTURE
behold the first historically accurate portrait of mr darcy,ARTS & CULTURE
jane the virgin star explains what the show gets right about latinos,LATINO VOICES
marc trujillo nowhere and everywhere,ARTS & CULTURE
eva longoria im a really good director because im a woman,LATINO VOICES
tarot readers describe how their clients have changed since the election,ARTS & CULTURE
yo soy afrolatina,LATINO VOICES
an interview with soprano katerina mina,ARTS & CULTURE
what did we learn from the betsy devos confirmation money wins,EDUCATION
seattle symphony responds to trumps travel ban with concert celebrating muslim nations,ARTS & CULTURE
one judges order for hate crime committers read more books,ARTS & CULTURE
here is jake gyllenhaal singing his heart out ahead of his broadway musical debut,ARTS & CULTURE
why linmanuel miranda says we shouldnt judge hollywood diversity by the oscars,LATINO VOICES
artist captures striking portraits of refugee children trump would turn away,ARTS & CULTURE
meet the latina behind those mesmerizing beyoncé pregnancy photos,LATINO VOICES
the debacle at berkeley,COLLEGE
love facebook and infidelity,FIFTY
this is not a time to let a who has it worse conversation divide black and latino communities,LATINO VOICES
yale reverses course on symbols of white supremacy,COLLEGE
how betsy devos ignored and targeted michigan republicans to advance her hardline education ideology,EDUCATION
how cropped tops became part of my activism,LATINO VOICES
beyond the symbolism of the womens march,GOOD NEWS
the bottom line homesick for another world by ottessa moshfegh,ARTS & CULTURE
an adaptation of george orwells  is coming to broadway,ARTS & CULTURE
drunk feminist films lets you get smashed and smash the patriarchy too,ARTS & CULTURE
sculptor who voluntarily went to japanese prison camp to help became trapped himself,ARTS & CULTURE
14 iranian artists explore just how complex immigration and identity can be,ARTS & CULTURE
bolshoi prima ballerina describes the emotional intensity of dancing swan lake,ARTS & CULTURE
even when announcing her pregnancy beyoncé gives black artists a platform,ARTS & CULTURE
teen plans to tell the immigrant stories trumps administration never would,LATINO VOICES
this queer immigrant illustrator starts every morning with a work of activist art,ARTS & CULTURE
dictionaries are tracking trumpian word usage to update the english language accordingly,ARTS & CULTURE
badass librarian tracks down hackers clears students name,ARTS & CULTURE
a latino actor might be playing the lead in the scarface reboot,LATINO VOICES
a book of hillary clintons personal essays is coming,ARTS & CULTURE
in response to muslim ban publisher will only release books by authors from affected countries,ARTS & CULTURE
black lives matter art show organizer wants to wake people up to injustice,ARTS & CULTURE
amy adams explains her relationship with the aliens in arrival,ARTS & CULTURE
searches for betrayal spike after spicer is asked to define it,ARTS & CULTURE
sales have skyrocketed heres what to read next,ARTS & CULTURE
artists are offering free drawings in exchange for aclu donations,ARTS & CULTURE
gina rodriguez promises to use new tv deal to spotlight faces unseen,LATINO VOICES
i am a public school teacher give me all the refugees youve got,EDUCATION
scientists are artists too,ARTS & CULTURE
the lunar new year isnt only for chinese people,GOOD NEWS
an alert wellhydrated artist in no acute distressepisode thirtyfive the birth of a book the end of a story,ARTS
this oscarnominated documentary about autism celebrates the outsider,ARTS & CULTURE
roe v wade play shows how much is at stake for young women today,ARTS & CULTURE
hamiltons schuyler sisters are singing at super bowl li,ARTS & CULTURE
dc museum dedicated to women in art broke attendance record inauguration weekend,ARTS & CULTURE
an exhaustive list of art projects threatened by the proposed nea cuts,ARTS & CULTURE
ny city council speaker defies trumps immigration order in passionate speech,LATINO VOICES
young women of color encouraged to contribute to solangeinspired syllabus,ARTS & CULTURE
hamilton star wayne brady says to fight for the arts in trump era,ARTS & CULTURE
step into a feminist artists overgrown garden of girly delights,ARTS & CULTURE
the devil wears prada is coming to broadway thats all,ARTS & CULTURE
roxane gay yanks upcoming book from simon & schuster imprint,ARTS & CULTURE
selenas brother posts old video of her covering only in my dreams,LATINO VOICES
the art nerds of twitter drag trump with trumpartworks,ARTS & CULTURE
ad turns this land is your land into the immigrant anthem this country needs,LATINO VOICES
publisher says milo yiannopoulos book wont incite hatred discrimination,ARTS & CULTURE
youll want to read this scorching satire of american values,ARTS & CULTURE
sales spike after kellyanne conways orwellian interview,ARTS & CULTURE
invasion day portraits celebrate the lives of todays indigenous women,ARTS & CULTURE
reminder a latina has never won the oscar for best actress,LATINO VOICES
mark twain wrote this neverbeforepublished fairy tale for his daughters,ARTS & CULTURE
america ferrera breaks down the role of artists in times like these,LATINO VOICES
19 signs by latinas that gave us vida during the womens march,LATINO VOICES
people have book recommendations for trump if hed only read one,ARTS & CULTURE
hamildemos are the rough cuts of hamilton songs fans dream of,ARTS & CULTURE
appointing betsy devos is like hiring a football coach who hates football,EDUCATION
donald trump says our schools are flush with cash theyre falling apart,EDUCATION
mykki blanco celebrates inauguration day by tattooing fk trump on his chest,ARTS & CULTURE
dark new book shows the grim reality of resisting oppression,ARTS & CULTURE
today you can watch a clown read donald trumps inauguration speech,ARTS & CULTURE
carnage is the top dictionary search on trumps inauguration day,ARTS & CULTURE
artists band together with a message for trump we make america,ARTS & CULTURE
trump reportedly plans to end national arts funding,ARTS & CULTURE
war on women protest signs dont sugarcoat gender inequality,ARTS & CULTURE
donald trump clearly likes reading books if theyre about him,ARTS & CULTURE
john lewis book will be donated to schools in need,ARTS & CULTURE
teachers share tips for empowering students in trumps america,LATINO VOICES
bookstore will hand out free copies of we should all be feminists on inauguration day,ARTS & CULTURE
marvels new shehulk reminds us that anger can serve a purpose,ARTS & CULTURE
taran killams hamilton look is giving us major jebidiah atkinson vibes,ARTS & CULTURE
nasty women is the intersectional essay collection feminists need,ARTS & CULTURE
fake inaugural poem is a puzzling ode to trumps purpose and strength,ARTS & CULTURE
shelter dogs get swimming lessons in adorably fetching photos,ARTS & CULTURE
junot diaz discusses the surreal lunch he had with president obama,LATINO VOICES
library book finally returned 100 years later in san francisco,ARTS & CULTURE
nasty women art shows raise over 50000 for planned parenthood,ARTS & CULTURE
the best inauguration week music wont be found at the capitol building,ARTS & CULTURE
obama possible aspiringnovelistinchief once wrote short fiction,ARTS & CULTURE
miserable cat with 5 pounds of matted fur undergoes incredible transformation,GOOD NEWS
clever browser extension helps you find new library books  on amazon,ARTS & CULTURE
hope artist shepard fairey made some commanding poster art for the march on dc,ARTS & CULTURE
betsy devos government sucks and we dont fire teachers enough,EDUCATION
trumps deportation plan will affect generations of immigrants,LATINO VOICES
radically flawed the truth about vouchers,EDUCATION
devoss disqualifying record,EDUCATION
safe space versus comfort zone protecting open dialogue on campus,EDUCATION
i asked artists about empathy here is what they said,ARTS & CULTURE
how gender and race affect education today,EDUCATION
rex tillerson has a long troubled history with venezuela,LATINO VOICES
artist turns donald trumps most controversial quotes into comic book covers,ARTS & CULTURE
student transforms college rejection letter into viral work of art,ARTS & CULTURE
get unstuck three ways to get out of a career rut,EDUCATION
how to survive in a conspiracy theorists world,ARTS & CULTURE
mexican president donald trumps border wall is against our dignity,LATINO VOICES
this 12yearold toy store owner will inspire you to act on your dreams,LATINO VOICES
todrick hall discusses his return to broadway after youtube stardom,ARTS & CULTURE
laurie hernandez proves shes kinda like your average teen,LATINO VOICES
gina rodriguez reminds us fierceness has nothing to do with size,LATINO VOICES
george lucas loves art so much hes opening a 1 billion museum,ARTS & CULTURE
a brickandmortar amazon bookstore is coming to nyc,ARTS & CULTURE
chilling book about parental love is a ghost story for the modern age,ARTS & CULTURE
the folk art paintings keeping obamas legacy alive in urban neighborhoods,ARTS & CULTURE
marlon james new fantasy trilogy is inspired by lotr and african epics,ARTS & CULTURE
jk rowling says criticizing donald trump is both a pleasure and a duty,ARTS & CULTURE
dc museums nasty women tour celebrates art historys feminist heroes,ARTS & CULTURE
gael garcía bernal and diego luna remind us theyre the original bromance,LATINO VOICES
the painting depicting cops as pigs is back on the capitol wall  again,ARTS & CULTURE
i am not your negro trailer shows the lasting power of james baldwins words,ARTS & CULTURE
artists call for global culture strike on americas inauguration day,ARTS & CULTURE
the quick search you should do in your rental property due diligence,EDUCATION
taking control of you and your journey,EDUCATION
stage door ute lempers songs from the broken heart confucius,ARTS
social media friendships artists as a tribe and an homage to artist david park,ARTS & CULTURE
community teams up to save cat found hanging from garage door,GOOD NEWS
so thats what ok stands for,ARTS & CULTURE
real housewives of isis spoof galvanizes fans and haters,ARTS & CULTURE
reminder boycotting milo yiannopoulos publisher is not censorship,ARTS & CULTURE
lets eat grandma is your teenage nightmare,ARTS & CULTURE
great science fiction isnt just about facts its about imagination,ARTS & CULTURE
how john leguizamo pioneered one of primetime tvs first attempts to reach latinos,LATINO VOICES
silencing milo,COLLEGE
grandma finds out shes been accidentally praying to an lotr elf,LATINO VOICES
chicago cop loses police powers in offduty killing of unarmed man,LATINO VOICES
meet the adorable newborn elephant that just joined disneys herd,GOOD NEWS
weird theres an alexis bledel in this handmaids tale adaptation,ARTS & CULTURE
the hiphop artists who use words to change the world,ARTS & CULTURE
theres a reason why indie bookstores are thriving,ARTS & CULTURE
technology allows tattoo artist to really get cuttingedge,ARTS & CULTURE
student graduates in dress and heels in powerful protest against homophobia,LATINO VOICES
new york governor unveils plan to help lower income students afford college,EDUCATION
nearly 700 nasty women artists have teamed up to protest trump,ARTS & CULTURE
how this latina is helping undocumented immigrants understand their rights,LATINO VOICES
sleaterkinney just made bowies rebel rebel the political anthem of,ARTS & CULTURE
fake news social media and the downfall of the us,EDUCATION
dear minnesota football players stop perpetuating rape culture,COLLEGE
the best technology for the new year,ARTS & CULTURE
carrie fishers books were wiped out by demand so theyre being reprinted,ARTS & CULTURE
new book defending donald trump is actually an elaborate prank,ARTS & CULTURE
margaret atwood cautions america against dictators of any kind,ARTS & CULTURE
sexually explicit books could be under fire in virginia schools,ARTS & CULTURE
ciswhitemalecom redirects to jonathan franzens facebook page,ARTS & CULTURE
exploring the shadowy world of a cuban feminist legend,ARTS & CULTURE
how an obama cutout is helping me survive a trump presidency,GOOD NEWS
8 great secrets you can learn from a dog,GOOD NEWS
the desirable american name,COLLEGE
from nprs latino usa turn the beat around,LATINO VOICES
get out of our way baby boomers,LATINO VOICES
boomers were times man of the year fifty years ago,FIFTY
smoke and mirrors behind the scenes of student filmmaking,COLLEGE
donna quesada art review,ARTS
el evo ya no es pueblo,LATINO VOICES
jargon legalese and the bluebook my conversation with judge richard a posner,COLLEGE
hispanic evangelicals the politics of proximity,LATINO VOICES
rick perry to be head of department of energy,GOOD NEWS
betsy devos is the least qualified candidate for secretary of education ever,EDUCATION
transformational parenting,GOOD NEWS
latina student who filmed build a wall chant speaks out about backlash,LATINO VOICES
critics threaten boycotts of simon & schuster over milo yiannopoulos book deal,ARTS & CULTURE
on letting go,LATINO VOICES
why linmanuel miranda will always be a fearless ally of planned parenthood,LATINO VOICES
11 things we learned from women in film this year,ARTS & CULTURE
wtf milo yiannopoulos inks book deal with simon & schuster,ARTS & CULTURE
a note to my fellow teachers  they are on to us,EDUCATION
george rr martin accurately summarizes  let this wretched year come to an end,ARTS & CULTURE
12 illustrations that pay tribute to the late great carrie fisher,ARTS & CULTURE
watership down author richard adams dead at 96,ARTS & CULTURE
13 times latinos filled us with hope and pride in,LATINO VOICES
obamas next chapter write a new book,ARTS & CULTURE
what comes next rockwell reminds us,ARTS & CULTURE
the invaluable lessons of watership down a dark classic every kid should read,ARTS & CULTURE
let emma watsons year in books inspire your reading list,ARTS & CULTURE
three black heroines thoughts on race relations,EDUCATION
top 5 sizzling hot winter music festivals in frigid new york city,ARTS
how the state of education will affect the global landscape lets prepare the united states for a future ready movement,EDUCATION
the global search for education the rich the poor and what the worlds millennials think,EDUCATION
if the holidays are driving you mad baby bjork reading the nativity story will help,ARTS & CULTURE
zoe saldana has a mindful alternative to a new years resolution,LATINO VOICES
yiyun li to be orphaned from my native language felt  like a crucial decision,ARTS & CULTURE
mom walks 26 miles in freezing wilderness to help save family,GOOD NEWS
john williams has never seen star wars doesnt think much of his scores,ARTS & CULTURE
classic scifi story about race and gender in the south gets an update,ARTS & CULTURE
amber tamblyn is working on a novel about rape culture,ARTS & CULTURE
npr reporter squashes question about vetting puerto ricans,LATINO VOICES
pearl jams eddie vedder hundreds of others just made this familys christmas,GOOD NEWS
sex and politics the photographic stories of dina litovsky,ARTS & CULTURE
the radical feminist comic book we need to survive a trump presidency,ARTS & CULTURE
weird that thomas edison kind of invented the tattoo gun no,ARTS & CULTURE
defending their lives in ride the cyclone,ARTS
paying the price of imperfect information,EDUCATION
be grateful at the holidays for sprinkles of happiness,FIFTY
george michaels last christmas,GOOD NEWS
teaching and learning in a posttruth world,EDUCATION
jk rowlings heartfelt christmas tweets are what we all need right now,ARTS & CULTURE
guy records heartwarming moment he surprised his mom for christmas,GOOD NEWS
pregnant server gets a 900 tip just in time for christmas,GOOD NEWS
animal shelter celebrates when all of its dogs are adopted in time for christmas,GOOD NEWS
new years resolutions of selfgrowth for my fellow 20somethings,COLLEGE
a no bullsht holiday letter,FIFTY
discovering in parenthesis,ARTS
the global search for education top global teacher bloggers  the best holiday gifts for your students,EDUCATION
stage door finians rainbow,ARTS
at 70 years old marina abramović is still learning from heartbreak,ARTS & CULTURE
an afghan street artist boldly brings womens stories to life,ARTS & CULTURE
35 over 35 honors authors who found success later in life,ARTS & CULTURE
sharon van etten is also dying to know what happens next on the oa,ARTS & CULTURE
artist mines google maps for the literal saddest places on earth,ARTS & CULTURE
artists really really dont want their work on ivanka trumps walls,ARTS & CULTURE
when is onscreen assault ok,ARTS & CULTURE
this burger king will turn your unwanted xmas gift into a whopper,GOOD NEWS
after my injury its time to head back to school,COLLEGE
the 10 most uplifting moments of,GOOD NEWS
was awful for pretty much everything except podcasts,ARTS & CULTURE
lordess and savior bjork celebrates winter solstice with a little patriarchy smashing,ARTS & CULTURE
monopoly sets up holiday hotline to settle family disputes,ARTS & CULTURE
pantsuit nation is becoming a book and not everyone is pleased,ARTS & CULTURE
these abandoned buildings are adorned with stunning portraits of women,ARTS & CULTURE
video breaks down how whiteness as a construct shaped the election,LATINO VOICES
sharon joness classic christmas cover is now an adorable claymation video,ARTS & CULTURE
in just over 100 years the met has only staged two operas by women,ARTS & CULTURE
dr rachel owen artist and thom yorkes expartner dead at 48,ARTS & CULTURE
cindy stowells brilliance  how jeopardy inspires a legacy,GOOD NEWS
this year has ignited a fire in me that i didnt know i had,LATINO VOICES
street artist to america my womanhood is not up for debate,ARTS & CULTURE
latino poet gets honest about being judged for not knowing spanish,LATINO VOICES
what this afrolatina poet has learned to be true since election day,LATINO VOICES
nearly everything that happened in  in one highly detailed illustration,ARTS & CULTURE
sadly puppy isnt merriamwebsters word of the year,ARTS & CULTURE
how praise became a consolation prize,EDUCATION
where do schools close most often for weather,EDUCATION
to my high school classmates who thought my identity was worth sacrificing,COLLEGE
how our vocabulary gives away our age,FIFTY
the prospect ny launches with limited editions by baron von fancy,ARTS
thomas bayrle at lenbachhaus münchen kunstbau video,ARTS
5 things i discovered from taking a month off from writing,ARTS & CULTURE
two of puerto ricos new overlords are accused of helping create its debt crisis,LATINO VOICES
the truth about retiring and living abroad with children,FIFTY
bringing joy to a loved one with alzheimers,FIFTY
we have no idea how many latinos get arrested or imprisoned in the us,LATINO VOICES
of course theres an a cappella rudolphthemed hamilton parody,ARTS & CULTURE
why eva longoria will never run for public office,LATINO VOICES
most notable quote of  trump saying he could shoot somebody and not lose votes,ARTS & CULTURE
pedro villanuevas family is still waiting for answers 6 months after cops killed their unarmed son,LATINO VOICES
chickfila cashier in neck brace sling has extraordinary reason to work,GOOD NEWS
allow aparna nancherla to break down why mocking donald trump is so dangerous,ARTS & CULTURE
handwritten jk rowling book snags 470000 at auction,ARTS & CULTURE
bernie sanders new book takes corporate media to task,ARTS & CULTURE
lizzie velasquez shares moving message about online bullying,LATINO VOICES
quickthinking offduty firefighter saves restaurant full of people from carbon monoxide,GOOD NEWS
the anti christmas song you didnt know you needed,LATINO VOICES
netflixs dark new adaptation series will be super faithful to the books,ARTS & CULTURE
stressedout teenage hero follows along with bob ross on microsoft paint,ARTS & CULTURE
activist with cerebral palsy has an inspiring message for kids with disabilities,LATINO VOICES
stop trying to make movies great again,ARTS & CULTURE
hate crimes in libraries see postelection spike,ARTS & CULTURE
overdue library book returned after 120 years,ARTS & CULTURE
photographer captures the beauty of the burkini without a political agenda,ARTS & CULTURE
answering eisenhowers call,EDUCATION
what dc schools wont report many naep subgroup gains slowed under rheehenderson,EDUCATION
another hero departed monuments man bernard taper,ARTS
to house its poorest brazil must go beyond home ownership  and look abroad for inspiration,LATINO VOICES
good news we can cancel the common core tests,EDUCATION
photos shine a spotlight on just how beautiful traffic lights can be,ARTS & CULTURE
this blind deaf poodle greets every day with a joyful spirit,GOOD NEWS
bob dylan honored at nobel prize banquet despite absence,ARTS & CULTURE
age friendliness on our minds,FIFTY
an open letter to the secretary of education designate from thousands of american clergy,EDUCATION
kate mckinnon to join ranks of comic book movie stars as the lunch witch,ARTS & CULTURE
mark burnett presents a donald trump inauguration day,ARTS & CULTURE
over 1 million people rsvp to girls quinceañera after invite goes viral,LATINO VOICES
this countrys capital just made it punishable to catcall women,LATINO VOICES
book publishers are scrambling to release trump survival guides,ARTS & CULTURE
artist chronicles her transition in hilarious and heartfelt comics,ARTS & CULTURE
this famous harry potter tree is getting surgery,ARTS & CULTURE
remembering the young lords black panther allies history forgot,ARTS & CULTURE
special education case at supreme court could prove costly for schools,EDUCATION
matt damon wants you to know he didnt steal a role from a chinese actor,ARTS & CULTURE
twitter erupts at rick santorum for telling dreamer to leave the us,LATINO VOICES
meet the teens bringing classic poetry off the page and into the real world,ARTS & CULTURE
muslimowned restaurant offers free christmas dinners to the elderly and homeless,GOOD NEWS
a look into the nyc that was never built,ARTS & CULTURE
my thoughts on the oakland ghost ship fire and the plight of artists in our society,ARTS & CULTURE
bob dylan will skip the nobel ceremony but he did write a speech,ARTS & CULTURE
betsy devos and her 16 school choice yearbook,EDUCATION
letters to the college athlete are you a puppet,COLLEGE
exploring what its like to be muslim and latino,LATINO VOICES
resistance begins at home fighting federal immigration policy on the local level,LATINO VOICES
professor watchlist who is being targeted,EDUCATION
im a liberal professor and my conservative students terrify me,EDUCATION
k12 schools need to know what works,EDUCATION
unlv erupts after instructor threatens to turn in undocumented immigrant students,LATINO VOICES
these 15 street art murals will make you want to visit upfest,ARTS & CULTURE
the first,ARTS
art basel in miami beach  the best events of the week,ARTS
el chapecoense y el piloto boliviano,LATINO VOICES
syrianmexican family talk trumps election in powerful video,LATINO VOICES
holy hogwarts harry potter and the cursed child is headed to broadway,ARTS & CULTURE
how the internet gave birth to troll politics and presidentelect trump,ARTS & CULTURE
how art helped an lgbtq woman survive incarceration,ARTS & CULTURE
what mexicans have to say to americans worried about trump,LATINO VOICES
authors and organizations sign pledge to protect free speech under trump,ARTS & CULTURE
watch your favorite musicians perform the hamilton mixtape live,ARTS & CULTURE
how to write a sex scene three authors weigh in,ARTS & CULTURE
two feminists are turning the degrading things politicians say about women into art,ARTS & CULTURE
bob dylan didnt attend nobel prize meetandgreet hosted by president obama,ARTS & CULTURE
these folks know almost nothing about latin american capitals,LATINO VOICES
linmanuel miranda and the rock made a musical parody about millennials,ARTS & CULTURE
george r r martin is gonna drink some tequila and finally finish his next damn book,ARTS & CULTURE
is the dream over for dreamers,LATINO VOICES
university of chicago offers students trump 101 class,COLLEGE
san diego museum exhibit defaced with antiimmigrant messages,LATINO VOICES
transgender latinas team up against discrimination,LATINO VOICES
painting sold by jewish couple to escape nazis is returned to grandchildren,ARTS & CULTURE
pussy riot to perform in political happening during art basel miami beach,ARTS & CULTURE
yes hamilton was magnificent but dinner with voltaire was better,EDUCATION
a message to fidel castro apologists,LATINO VOICES
artist revisits classical paintings transforming women from eye candy to heroes,ARTS & CULTURE
public library reports hate crimes against muslims in graffitied books,ARTS & CULTURE
xenophobia is dictionarycoms word of the year,ARTS & CULTURE
elian gonzalez reacts to fidel castros death on cuban state tv,LATINO VOICES
trump first offered jerry falwell jr us secretary of education job,EDUCATION
tonight we could have a new chess champion,ARTS & CULTURE
from nprs latino usa reservations,LATINO VOICES
how to become a sexually empowered woman,FIFTY
5 things we did as children in the 1970s that kids today dont do,FIFTY
the hypocrisy of prodeportation cuban americans,LATINO VOICES
a feminist meets fidel castro,COLLEGE
cubanamericans celebrate fidel castros death in miamis little havana,LATINO VOICES
dad fidel castro has died and i wish you were still here,LATINO VOICES
gloria estefan pens a powerful response to fidel castros death,LATINO VOICES
a woman stands up to her bully in gripping new novel,ARTS & CULTURE
tips for visiting elderly relatives during the holidays,FIFTY
how grief took up residence in my heart,FIFTY
transforming despair into solutions a leader we can all be thankful for,GOOD NEWS
amazon deletes protrump trolls nasty reviews of megyn kellys book,ARTS & CULTURE
jk rowling sends harry potter books to 7yearold fan in wartorn syria,ARTS & CULTURE
dallas is where i finally get to see the famous french déjeûner sur lherbe painting by monet,ARTS
prethanksgiving jayful mayhem involving large appliances,FIFTY
richard ford & colm tóibín conversation narrators are unreliable,ARTS
comedian breaks down the hilarious struggles of a latino thanksgiving,LATINO VOICES
ana navarro to trump stop fighting broadway start fighting white supremacists,LATINO VOICES
let these brilliant lady puns wash away your postelection angst,ARTS & CULTURE
disneys first black animator is finally getting the attention he deserves,ARTS & CULTURE
a brief history of americas most controversial prefix,ARTS & CULTURE
hamilton star brandon victor dixon says cast has nothing to apologize for,ARTS & CULTURE
protrump trolls target megyn kellys new book on amazon,ARTS & CULTURE
steven van zandt says hamilton actors bullied mike pence,ARTS & CULTURE
sessions disqualified all dominicans senators must now disqualify him,LATINO VOICES
on jan fabre part 2 scenes from the moral education of the human race,ARTS
hamilton brouhaha,ARTS
the global search for education the millennial bloggers  what next after brexit and the us election,EDUCATION
the bottom line swing time by zadie smith,ARTS & CULTURE
hamilton casts message to pence is what free speech looks like,ARTS & CULTURE
unadoptable sadfaced cat shows that everyone deserves a chance,GOOD NEWS
the ghosts  both welcome and not so welcome  that linger in my house,FIFTY
with president trump as top role model teachers could have a lot of explaining to do,EDUCATION
texas cops spread holiday cheer by handing out turkeys instead of tickets,GOOD NEWS
bizarre photos capture the unreality of the election season,ARTS & CULTURE
famous authors sign letter questioning due process for campus sexual assault cases,ARTS & CULTURE
wildly relaxing sand art is the creative therapy our world needs,ARTS & CULTURE
fairytale photos cast rescued lab animals as heroes of their own stories,ARTS & CULTURE
juan gabriel wins first ever latin grammys three months after death,LATINO VOICES
a catholics crippling grief this latinas powerful word after trumps election,LATINO VOICES
teaching history in trumps america,EDUCATION
terrance hayes gives stirring speech on race and poetry at national book awards,ARTS & CULTURE
donald trumps locker room talk got him nominated for bad sex in fiction award,ARTS & CULTURE
worlds earliestknown ten commandments stone fetches 850000 at auction,ARTS & CULTURE
la borinqueñas best friend is a chinesedominican badass,LATINO VOICES
what would hermione granger do shed fight like hell,ARTS & CULTURE
enrique iglesias dog adorably does the mannequin challenge,LATINO VOICES
oxford dictionaries word of the year perfectly sums up life right now,ARTS & CULTURE
40 rad women worldwide who fought for change in extraordinary ways,ARTS & CULTURE
latin american and latinx artists to take over southern california art scene in,ARTS & CULTURE
a tv series about selenas life is in the works,LATINO VOICES
artists are drawing the faces of marginalized people in an effort to spread love,ARTS & CULTURE
the most underrated part of youre the worst is the music,ARTS & CULTURE
11 signs president obama is basically an honorary asian,GOOD NEWS
death cab for cutie to fans our shows are safe spaces,ARTS & CULTURE
a tribe called quest releases a perfect meditation on the sad state of america,ARTS & CULTURE
teacher reportedly told kids donald trump will deport their parents,LATINO VOICES
ana navarro explains why its hard for marginalized groups to give trump a chance,LATINO VOICES
hayao miyazaki is coming out of retirement to make another film,ARTS & CULTURE
heartbreaking and free poster honors the woman president we couldve had,ARTS & CULTURE
poets and performers rap their way through your favorite classic books,ARTS & CULTURE
9 comics for any bookworm who needs a good laugh right about now,ARTS & CULTURE
donald j trumps vision for education,EDUCATION
stop saying not my president,LATINO VOICES
hundreds join man and dog for their final walk on the beach together,GOOD NEWS
how artists survive they become rat bastards,ARTS & CULTURE
podcasts to help you make sense of americas present and future,ARTS & CULTURE
yoko ono issues rather appropriate response to donald trumps win,ARTS & CULTURE
museumgoer takes selfie by century sculpture knocks over century sculpture,ARTS & CULTURE
linmanuel miranda freestyles about lifes most annoying minor inconveniences on ellen,ARTS & CULTURE
teaching trump,EDUCATION
new yorkers dismayed at election results can seek out subway therapy,ARTS & CULTURE
an eerie series that examines whether we ever truly die on the internet,ARTS & CULTURE
it may not feel like it but love did trump hate,LATINO VOICES
america ferrera posts tearful message on postelection grief,LATINO VOICES
experiencing this mourning from a college campus,COLLEGE
let linmanuel mirandas words be every americans response to you moving to canada,ARTS & CULTURE
george rr martin says winter is coming after donald trump win,ARTS & CULTURE
these are the latinos running for office to watch on election night,LATINO VOICES
powerful poem reminds us that tonight we could make history,ARTS & CULTURE
star of bomba estéreos soy yo calls trump a bully in new video,LATINO VOICES
91yearold immigrant becomes us citizen just in time to vote,LATINO VOICES
the entirety of broadway wants you to get out and vote today,ARTS & CULTURE
zoo streaming red pandas all day to ease election day pandamonium,GOOD NEWS
put your election day mind at ease with these geeky book puns,ARTS & CULTURE
performance artist stalked trump for a year and developed an interesting theory,ARTS & CULTURE
not even merriamwebster knows what a mazel tov cocktail is,ARTS & CULTURE
veteran with ptsd reunited with dog that was stolen from familys yard,GOOD NEWS
condescending liberals and a guitarplaying officer entertained nyc marathon runners,GOOD NEWS
shepard faireys new art blatantly condemns demagogue donald trump,ARTS & CULTURE
joan didion has a new book coming out next year obviously it sounds great,ARTS & CULTURE
sorry game of thrones fans george rr martin is busy campaigning for hillary,ARTS & CULTURE
law schools closing,EDUCATION
obama citizens whose family members are undocumented have even greater reason to vote,LATINO VOICES
this election decides our future for a generation,COLLEGE
latinasos will coronate president hillary clinton,LATINO VOICES
the time is now act participate and vote,LATINO VOICES
george r r martin nails why donald trump is unfit to lead this nation,ARTS & CULTURE
these feline portraits show a haven for cats and kids in wartorn aleppo,GOOD NEWS
what it feels like to near age 90,FIFTY
the first 5 things to do after an alzheimers diagnosis,FIFTY
the whole enchilada,LATINO VOICES
trisector athlete in education daniel rabuzzi and the mouse movement,EDUCATION
reporter publication held liable in rolling stone rape story lawsuit,COLLEGE
mexican immigrant challenges trumps hateful rhetoric with powerful photo series,LATINO VOICES
wilmer valderrama theres nothing more patriotic than voting,LATINO VOICES
women artists are channeling the magic of the feminine occult,ARTS & CULTURE
afrolatina poet explains what she thinks is tragic about this election,LATINO VOICES
cubs win brings baseball and hamilton together in perfect harmony,ARTS & CULTURE
cubs fan listens to world series at dads grave fulfilling pact,GOOD NEWS
mesmerizing photos of twins show us what the closest bond looks like,ARTS & CULTURE
junot diaz urges latinos to fight for justice and equality in powerful video,LATINO VOICES
hundreds of scarves hung in veterans park to bundle those in need,GOOD NEWS
emma watson is hiding feminist books on the train,ARTS & CULTURE
heres why teaching kids about classical music is worthwhile,ARTS & CULTURE
star of soy yo reprises her fearless role to urge latinos to vote,LATINO VOICES
tvs horrifying trend halloween lasts all year now,ARTS & CULTURE
abuela as potus a candidate the entire country can get behind,LATINO VOICES
laurie hernandez wrote a memoir and were flipping out,LATINO VOICES
giving kids the confidence to learn through play,EDUCATION
20 years later earths strangest ecological experiment is still relevant,ARTS & CULTURE
a brief and spooky history of the word boo,ARTS & CULTURE
mexico city stages james bondinspired day of the dead parade,LATINO VOICES
bolshoi brings a wild ballet once banned by stalinist russia back to life,ARTS & CULTURE
author salman rushdie slams trump on facebook come on america focus,ARTS & CULTURE
hero cop rescues kid riding his toy car through real traffic,GOOD NEWS
latina journalist breaks down why saying illegals is wrong on so many levels,LATINO VOICES
5 tips for a successful boudoir photoshoot  and why every woman should have one,ARTS & CULTURE
measuring health care from the vantage point of those needing care,FIFTY
teaching english by the beach in vietnam,FIFTY
rockabye baby jenůfa at the metropolitan opera,ARTS
eva longoria slams donald trump says shes more american than he is,LATINO VOICES
the madness of a white mans revenge is a tale as old as time,ARTS & CULTURE
this is what american history looks like to young fans of hamilton,ARTS & CULTURE
challenging my own definition of what it means to feel beautiful,FIFTY
4 helpful things every voter over 50 should know,FIFTY
social enterprise is the winning ticket for everyone,FIFTY
first nighter kenneth branagh in john osbornes the entertainer kemp powerss thrilling one night in miami peter shaffers amadeus undone how to hide a lion for kids,ARTS
around the world in 30 days october,EDUCATION
picture book spells out exactly why voting this year is essential,ARTS & CULTURE
new childrens book by stephen king will haunt your waking dreams,ARTS & CULTURE
32 illustrators who nail what its like to be a woman today,ARTS & CULTURE
sexpositive artist marilyn minter celebrates glam glitter and gunk,ARTS & CULTURE
delightful vintage photos of women in trees are what you need right now,ARTS & CULTURE
electionthemed coloring book is about as meditative as were gonna get,ARTS & CULTURE
the bachelor franchise needs to stop giving chad a platform for his bs,ARTS & CULTURE
ice cube is cowriting starring in a genrecrossing oliver twist musical,ARTS & CULTURE
paul beatty becomes first american to win man booker prize for fiction,ARTS & CULTURE
disturbing photos sum up the horror that has been trumps campaign,ARTS & CULTURE
these shiny legs are creating hysteria on the internet,ARTS & CULTURE
new york public librarys human google is here to answer your burning questions,ARTS & CULTURE
i was naive says subject of discredited rolling stone rape story,COLLEGE
dreamlike photos capture the vanishing landscape of black life in america,ARTS & CULTURE
diego lunas short film celebrates the immigrants that make the us great,LATINO VOICES
this roald dahl clothing line is a childhood dream come true,ARTS & CULTURE
meet shakespeares official coauthor,ARTS & CULTURE
toxic chemicals from a nuke site ate through these haunting photos,ARTS & CULTURE
you too can learn proper napkin etiquette at the plazas finishing school,ARTS & CULTURE
100 commonly misspelled words that would make any language nerd shutter,ARTS & CULTURE
peek inside elena ferrantes chilling childrens book,ARTS & CULTURE
from nprs latino usa tipping point,LATINO VOICES
did you know i dropped out of high school,EDUCATION
eric trump poses with woman wearing latina against trump shirt,LATINO VOICES
kittens recovering after photographer rescued them from brush fire,GOOD NEWS
rolling stone defamation trial uva student who made up rape story got tattoo to mark it,COLLEGE
lab rescued from well after doggy pal found spot where he fell,GOOD NEWS
campus sexual assault investigations continue,EDUCATION
jorge ramos exposes hate groups rise in the age of trump,LATINO VOICES
what all firstgeneration college students must know,COLLEGE
from russia to paris with love,ARTS
your favorite disney fairy tales are being retold through classic paintings,ARTS & CULTURE
kurt vonnegut once said nobel laureate bob dylan was worst poet alive,ARTS & CULTURE
photos show how different prisons and jails look around the world,ARTS & CULTURE
how the dictionary became the hilarious election watchdog we needed,ARTS & CULTURE
step inside the technicolor dream world of brazilian love motels,ARTS & CULTURE
le tigre reunites in full pantsuit glory to deliver a prohillary anthem,ARTS & CULTURE
beautiful 5minute film uses a piñata to prove love trumps hate,LATINO VOICES
woman and her dog slay halloween with most excellent waynes world costumes,GOOD NEWS
tim kaine spanish was the language of our country before english,LATINO VOICES
rolling stone defamation trial over uva rape story begins,COLLEGE
laurie hernandez killed it during her dwts salsa performance obviously,LATINO VOICES
should we value friend love more than romantic love,ARTS & CULTURE
a palestinian woman spent 20 straight months in her room creating art,ARTS & CULTURE
5000 jackolanterns stun in haunting halloween display,ARTS & CULTURE
evil genius mom came up with the perfect rules to keep heating bills down,GOOD NEWS
paintings of feminist protestors celebrate the women who bare it all to fight back,ARTS & CULTURE
watch how immigration on the border has drastically changed since the 1940s,LATINO VOICES
donald trump sucks at pottery excels at creeping out women in throwback commercial,ARTS & CULTURE
tvs coolest mom talks about her empowering role,ARTS & CULTURE
on behalf of the amherst mens soccer team,COLLEGE
8 iconic photos of bob dylan newly anointed nobel laureate,ARTS & CULTURE
word origin comics the abcs of education,EDUCATION
dont raise the massachusetts charter cap just yet,EDUCATION
are these the 10 most influential poets in history or nah,ARTS & CULTURE
latina magazine urges latinos to send trump to the dustbin of history,LATINO VOICES
high school volleyball player slays national anthem after recording fails,GOOD NEWS
teen who died battling cancer gets honored with homecoming king crown,GOOD NEWS
why i want to fk donald trump reflects the very real anger surrounding this election,ARTS & CULTURE
in a time of demagogy author sees true humanity in immigrants,ARTS & CULTURE
dear internet its time to savepepe,ARTS & CULTURE
why maria hinojosa has dedicated her career to telling latino stories,LATINO VOICES
hundreds support teen cancer survivor who used her makeawish to host food drive,GOOD NEWS
pizza deliveryman checks on strangers grandma after hurricane,GOOD NEWS
obama says hispanic culture is woven into our daily lives,LATINO VOICES
nobel prize in literature awarded to bob dylan,ARTS & CULTURE
chris pratt perfect human being hangs out with patients at childrens hospital,GOOD NEWS
that time the hitchhikers guide to the galaxy hilariously skewered democratic elections,ARTS & CULTURE
why do american voters need their candidates to seem cool,ARTS & CULTURE
dr seuss was into taxidermy in the most seussical possible way,ARTS & CULTURE
parents ask cop to be godfather after he saved their choking baby,GOOD NEWS
new death cab for cutie video delivers trump a gentle emo burn,ARTS & CULTURE
woman perfectly breaks down why shes not just a nurse,GOOD NEWS
artist simulates what its like to have a shareddeath experience,ARTS & CULTURE
random online photo leads to navy veterans rescue from flooded house,GOOD NEWS
portia munson talks color and empowerment at frieze,ARTS & CULTURE
latinos sound off on the worst of the second presidential debate,LATINO VOICES
bald eagle survives hurricane matthew then gets stuck in car grille,GOOD NEWS
diane guerrero being the daughter of immigrants is a very american story,LATINO VOICES
teenage bedrooms remind us of the lifechanging magic of making a mess,ARTS & CULTURE
during the debate these two did the unthinkable and united the country,GOOD NEWS
americas schools are built for tomorrows followers,EDUCATION
a doctors advice on how you can take fewer medications,FIFTY
how grief became my new vocation,FIFTY
how to build the village you need as a caregiver,FIFTY
jimmy carter donald trump and violence against women,COLLEGE
from chennai to new york my week at the united nations general assembly,COLLEGE
how the turnip prize grew from a joke into a global contest,ARTS & CULTURE
this letter about ducks totally nails a huge problem with pit bull bans,GOOD NEWS
hillary clinton addresses young latinas youre the daughters of trailblazers,LATINO VOICES
this 6yearolds question could be donald trumps toughest yet,LATINO VOICES
stunning soundsuits address the realities of racial profiling in america,ARTS & CULTURE
gina rodriguez is giving trailblazing women the awards show they deserve,LATINO VOICES
kids in hospitals get free dance classes to lift their spirits,GOOD NEWS
boy mows lawns to buy gravestone for father he never met,GOOD NEWS
airbnb users are offering free rooms to hurricane matthew evacuees,GOOD NEWS
calligraphers instagram videos are drawing acclaim,ARTS & CULTURE
hello kitty wine is a thing cheers to that,GOOD NEWS
americas biggest mall will close on thanksgiving so people can be with family,GOOD NEWS
the national poetry day hashtag is getting a little offtopic,ARTS & CULTURE
brooklyn gallery conned into hosting prodonald trump art show with martin shkreli,ARTS & CULTURE
a dark comedy podcast indulges your weird obsession with murder,ARTS & CULTURE
theres going to be a concert on the usmexico border,LATINO VOICES
jennifer lopez and marc anthony are working on an album together,LATINO VOICES
reallife merman is living the fab life weve always dreamed of,GOOD NEWS
watch teachers tell students just how much they mean to them in powerful video,GOOD NEWS
the girl on the train is gripping even if you know the plot twist,ARTS & CULTURE
un to launch space mission for nations that cant afford programs,GOOD NEWS
an old spanish prison is now a gorgeous makeshift art museum,ARTS & CULTURE
how comics can help us understand the refugee crisis,ARTS & CULTURE
girl 8 is youngest person accepted to this university thanks to powerful viral video,GOOD NEWS
cop gets on level with boy having a bad day wipes his tears,GOOD NEWS
dozens of artists filled a detroit neighborhood with largerthanlife murals,ARTS & CULTURE
lorna simpson creates haunting meditations on the state of blackness in america,ARTS & CULTURE
hillary clintoninspired flash mob is propantsuit antidonald trump,GOOD NEWS
these dudes are turning the tables on girlfriends who steal their hoodies,GOOD NEWS
large and in charge cat photos spotlight felines who have more to love,GOOD NEWS
one poster captures just how remarkable a hillary clinton presidency would be,ARTS & CULTURE
artist races against time to paint mural on melting arctic iceberg,ARTS & CULTURE
painting valued at 26 turns out to be a raphael masterpiece worth 26 million,ARTS & CULTURE
christopher walkens floating heads currently haunting a queens park,ARTS & CULTURE
filmmakers shadowy doodles draw inspiration from the mundane,ARTS & CULTURE
ruth bader ginsburg the internet icon may be coming to a museum near you,ARTS & CULTURE
pa charter management ceo not publicly accountable for sealed sexual harassment settlement,EDUCATION
what casting a latina on snl means for the rest of us,LATINO VOICES
male writer outs female writer who wanted anonymity,ARTS & CULTURE
arnold palmers quintessential style,FIFTY
watch the magical moment a whale breaches right next to swimmers,GOOD NEWS
dreamlike novel lays bare the emotional fallout of child abuse,ARTS & CULTURE
bb9 the art of collaboration and the third mind,ARTS
an open letter to donald trumps legion of supporters,FIFTY
remembering high school,EDUCATION
hats apples umbrellas a pipe that is not a pipe magritte the magician of art,ARTS
curious george is celebrating a birthday and you wont believe how old he is,ARTS & CULTURE
this 3yearolds makeup tutorial trumps a smoky eye video any day,GOOD NEWS
this massive painting is best viewed from the eiffel tower,ARTS & CULTURE
in inge moraths photographs womanhood is beautiful and urgent,ARTS & CULTURE
police recover 2 van gogh paintings stolen in,ARTS & CULTURE
toddler imitates irish dancer for adorable street performance duet,GOOD NEWS
portraits of postapartheid south africa try to shed light on inequality,ARTS & CULTURE
snoop dogg painted a masterpiece just for martha stewart,ARTS & CULTURE
unexpected marriage proposal sweeps woman off her feet literally,LATINO VOICES
colorado to use pot tax to fund antibullying programs in schools,GOOD NEWS
homeless learn coding job skills in programs that help provide fresh start,GOOD NEWS
this unicornthemed café is everything weve ever wanted in life,GOOD NEWS
clintonsupporting super pacs target latino voters,LATINO VOICES
humanizing portraits give detained immigrants the dignity they deserve,ARTS & CULTURE
18 latinos share their honest thoughts about hillary clinton,LATINO VOICES
the profound reason we should all read internationally not locally,ARTS & CULTURE
melissa joan hart explains it all about being a 90s queen,ARTS & CULTURE
man who was paralyzed receives experimental treatment can now use hands,GOOD NEWS
trump doubles down on nauseating miss universe attack she gained a massive amount of weight,LATINO VOICES
gina rodriguez rapping nicki minajs super bass is everything,LATINO VOICES
dont forget trumpery is a synonym for total garbage,ARTS & CULTURE
why young latino voters are more important than ever,LATINO VOICES
woman returns 5000 she found inside pizza box gets tasty reward,GOOD NEWS
emotional mlb video is a reminder of josé fernándezs love of family,LATINO VOICES
how much would you pay for andy warhols panties,ARTS & CULTURE
ladies and gentlemen our language is too gendered,ARTS & CULTURE
bighearted teen surprises coach with the air jordans he always wanted,GOOD NEWS
nicolas maduro and the military,LATINO VOICES
what my grandmothers depression taught me about suicide,FIFTY
how to rediscover your passion for reading,FIFTY
this could be the solution to your retirement woes,FIFTY
these joyful former lab chimps just cant get enough watermelon,GOOD NEWS
dina brodsky the secret life of trees,ARTS & CULTURE
teen takes her south dakota high schools ranch day to the next level,GOOD NEWS
sonia sotomayor junot díaz among hispanics honored at heritage awards,LATINO VOICES
america ferrera explains why its so important for latinos to vote,LATINO VOICES
video artist mary reid kelley on why the urge to apply makeup is fundamentally human,ARTS & CULTURE
man uses mcdonalds monopoly tickets to feed those in need,GOOD NEWS
this store lets you pay what you can for groceries that would otherwise be tossed,GOOD NEWS
lost dalmatian found spoton place to wait for his humans a firehouse,GOOD NEWS
new york public librarys fancy new book train looks pretty magical,ARTS & CULTURE
just try to look away from this absurdly flat mouse found in a century book,ARTS & CULTURE
maybe its time to retire the word genius,ARTS & CULTURE
latinx artists are using this hashtag to showcase their incredible talent,LATINO VOICES
brits kick butt smoking in england hits record low,GOOD NEWS
what hillary clinton told us about mexico and the political power of young latinos,LATINO VOICES
artists launch kickstarter campaign to fund latinx anthology,LATINO VOICES
this cafe makes it a point to hire workers with autism,GOOD NEWS
trans model breaks down why some people identify as latinx,LATINO VOICES
a modernday fairy tale that works to make sense of war,ARTS & CULTURE
broad city star praises immigrant teen whose life inspired viral video,LATINO VOICES
theaster gates wants to turn former chicago police station into art center,ARTS & CULTURE
donations pour in for homeless man friend who found new jersey bombs,GOOD NEWS
landscaper in canada becomes king in ghana still mows lawns,GOOD NEWS
htgawm star karla souza explains why shes a spoiled american,LATINO VOICES
11 latinos nail the beauty and pride of hispanic heritage,LATINO VOICES
macy gray says she used to be ashamed of her unique voice,ARTS & CULTURE
farmer turning cattle ranch into animal sanctuary so cows wont be slaughtered,GOOD NEWS
only linmanuel miranda could turn trumps tweets into something we want to pay attention to,ARTS & CULTURE
powerful drawings show what it feels like to be lost in a book,ARTS & CULTURE
stranger takes out cash so homeless woman can buy ticket to see family,GOOD NEWS
these are the faces of european regions facing depopulation today,ARTS & CULTURE
starbucks worker pays it forward at manhattan bomb scene,GOOD NEWS
former foster kid helps students in similar situation move into college,GOOD NEWS
aweinspiring images pay tribute to canadas radical black feminists,ARTS & CULTURE
obama to honor pioneering latina writer sandra cisneros with national medal of arts,LATINO VOICES
grammarfixing app is the ultimate mic drop for pedants,ARTS & CULTURE
meet this years getty images instagram grant winners,ARTS & CULTURE
ivanka trump once touted this formerly undocumented womans story,LATINO VOICES
this woman is feeding thousands in need by couponing like a boss,GOOD NEWS
tiny oneeyed chihuahua inspires music in young man homebound with tourette syndrome,GOOD NEWS
stray kittens born without eyelids get a second chance thanks to strangers,GOOD NEWS
the harmonic sorcery of jerry bergonzispotlight on standards,ARTS
edward albee pulitzerwinning playwright dead at 88,ARTS & CULTURE
in the island i call home,LATINO VOICES
teachers guide to coping with stress is the reading we all need,GOOD NEWS
paralympian made tv host who wears prosthetic leg proud to be disabled,GOOD NEWS
buy f scott fitzgeralds old home and make it your side of paradise,ARTS & CULTURE
you can now take a dump in a solidgold toilet and call it art,ARTS & CULTURE
soledad obrien on how mentors can change a young persons life,LATINO VOICES
the strippeddown history of underwear from whalebone girdles to spanx,ARTS & CULTURE
these teachers help underserved students get basic supplies,GOOD NEWS
100yearold tortoises sex drive saved his species from extinction,GOOD NEWS
man facetimes wrong number makes friends with random kid,GOOD NEWS
this woman climbed the highest mountains on every continent for a powerful reason,ARTS & CULTURE
occupation dragonslayer holds on to dreams in a post911 world,ARTS & CULTURE
while you were out living your life mom became a compliment on the internet,ARTS & CULTURE
teen rocks t rex costume crowned homecoming queen,GOOD NEWS
watch the emotional reunion of parents and their kids after 22 years,LATINO VOICES
americas election cycle is so scary that haunted houses are getting political,ARTS & CULTURE
squee a dictionary editor defended the use of internet slang,ARTS & CULTURE
teaching the not visible,EDUCATION
12 years a slave actress storm reid is your new scifi queen,ARTS & CULTURE
roald dahls true genius was as an audiobook reader,ARTS & CULTURE
when white feminists get honest they also need empathy,ARTS & CULTURE
400 students surprise teacher battling cancer with sweet serenade,GOOD NEWS
firefighter honors 911 victims climbs 110 stair flights in full gear at gym,GOOD NEWS
stem student calculates angle of her dab as only a math lover would,GOOD NEWS
ladies yoko ono wants you to participate in her next artwork,ARTS & CULTURE
try to find the 12 dots in this grid and youll swear youre hallucinating,GOOD NEWS
teen wins free pizza for a year gives it to homeless kids instead,GOOD NEWS
what gloria estefan did when she was told she might never walk again,LATINO VOICES
man behind discovery channel believes the future of documentary is virtual,ARTS & CULTURE
arkansas residents jim and alice walton pony up 1835000 to raise charter cap in massachusetts,EDUCATION
8 things the us must do now to save public education,EDUCATION
timelapse photos show how the twin towers defined new york city,ARTS & CULTURE
life lessons learned while bringing art to hospital patients,ARTS & CULTURE
educational test still incentivizes cheating,EDUCATION
the future of learning projectbased placebased experiential authentic constructivism,EDUCATION
jacob wetterlings loved ones exude strength and grace after killers confession,GOOD NEWS
turning 65 heres when you should enroll in medicare,FIFTY
why a bruce springsteen concert will change you forever,FIFTY
the czech city of prague is full of character and quirks,FIFTY
teaching the greeks and critical thinking  part 11 does the belief in an afterlife affect ones view of this life,EDUCATION
group starts movement to honor jacob wetterling boy whose remains were found,GOOD NEWS
on reality tv women should just feel grateful to be loved,ARTS & CULTURE
football team gives cheerleader with cancer a colorful surprise,GOOD NEWS
sonia sotomayor opens up about the heavy burden of her job,LATINO VOICES
10 things i learned while everyone else was getting married,COLLEGE
new study reveals hollywood is an epicenter of cultural inequality,LATINO VOICES
how these indigenous rappers are using hiphop to preserve their language,LATINO VOICES
doug aitken takes his art to the pacific ocean with underwater sculptures,ARTS & CULTURE
new pottermore story reveals the original slytherin antihero,ARTS & CULTURE
make these absurdist stories about modern dating your next book club pick,ARTS & CULTURE
zoe saldana nails why its so important to raise multicultural children,LATINO VOICES
ufc fighter comes to injured 6yearolds rescue after hiking fall,GOOD NEWS
this stubborn pooch is all of us not wanting to get out of bed,GOOD NEWS
dreamy photos of women reading celebrate the incredible legacy of female authors,ARTS & CULTURE
taco trucks on every corner business group wants them at every polling site instead,LATINO VOICES
woman adopts 4 senior chihuahuas who are still full of puppy love,GOOD NEWS
boy with autism reunites with college football player from viral lunch photo,GOOD NEWS
olympic gymnast danell leyva says embracing feminism is common sense,LATINO VOICES
striking portraits show refugees with their most prized possessions,ARTS & CULTURE
a dead cats wedding reveals how humans dealt with death a century ago,ARTS & CULTURE
baby wallaby kicks wellmeaning kayaker in the head during sea rescue,GOOD NEWS
london replica goes up in flames on great fires 350th anniversary,ARTS & CULTURE
taco trucks and other easy targets for racists,LATINO VOICES
labor days 4 work steps for love,EDUCATION
kaepernick sports politics the anthem the pledge and schools,EDUCATION
mad about brock turner maybe you shouldnt be,COLLEGE
humble cop touches hearts with selfless gesture for homeless man,GOOD NEWS
how to be a bornagain sex goddess after the hot mess of menopause,FIFTY
when you start to spot those little gray hairs,FIFTY
this is the reason youre not happy after 50,FIFTY
how to figure out what you should do for a living,COLLEGE
blind dog gets by with a little help from best pomeranian friend,GOOD NEWS
rescuers pull dog from rubble 10 days after italys earthquake,GOOD NEWS
the simple ingredient for sustained happiness according to psychologists,FIFTY
an open letter to my former therapist,FIFTY
the forefront of progress california passes historic legislation to protect farm workers,LATINO VOICES
summer school così fan tutte at the mostly mozart festival,ARTS
these latinos nail why us citizens arent the only americans,LATINO VOICES
classmates take field trip to girls adoption ceremony shower her with love,GOOD NEWS
librarian who amassed millions by living humbly leaves entire fortune to college,GOOD NEWS
filmmaker alejandro g iñárritu pens scathing oped denouncing peña nietos meeting with trump,LATINO VOICES
these people took on puerto rican slang and it was nítido,LATINO VOICES
good samaritans rescue stray dog from a ridiculously tight spot,GOOD NEWS
disturbing ad shows how trump is teaching students to hate,LATINO VOICES
this nonprofits shelter pup sleepovers aim to help spur adoption,GOOD NEWS
these classic movie titles sound way better when abuela says them,LATINO VOICES
high school football team recruits female player,GOOD NEWS
therapy golden retriever helps comfort rape victims during counseling sessions,GOOD NEWS
édgar ramírez stands in solidarity with venezuelan protests amid painful crisis,LATINO VOICES
a moulin rouge musical is headed to the stage because it cancan,ARTS & CULTURE
one artist is encouraging strangers to share their information offline,ARTS & CULTURE
getting your st together with an audience,ARTS & CULTURE
phew those famous white streaks on the scream are not bird poop,ARTS & CULTURE
these women started a free book share on their citys public transportation,GOOD NEWS
the wild tooreal dating show that came before the bachelor,ARTS & CULTURE
selenas wax figure makes its debut at madame tussauds hollywood,LATINO VOICES
college football player spots boy sitting alone at lunch and joins him,GOOD NEWS
beloved mcdonalds fry cook honored with huge retirement party,GOOD NEWS
its impossible not to forgive this dude for his brilliant apology present,GOOD NEWS
orphaned orangutans story shows why we need responsible palm oil policies,GOOD NEWS
its  and even the dictionary is full of sexist disses,ARTS & CULTURE
president obama mourns the death of juan gabriel in touching statement,LATINO VOICES
boy buys sandwiches for police using hardearned allowance,GOOD NEWS
airborne rally car misses hitting worlds luckiest dog by just inches,GOOD NEWS
authors are rallying to preserve langston hughes harlem home,ARTS & CULTURE
eva longoria launches emoji app fit for strong women to use,LATINO VOICES
this 19000 squarefoot flower carpet is the ultimate gesture of friendship,ARTS & CULTURE
mans facebook post got 500 people to come to struggling restaurant in 1 day,GOOD NEWS
this man made an airbnb for refugees looking for a place to stay,GOOD NEWS
the hilarious hipster classifieds youll probably never see online,GOOD NEWS
balloon athletes star in olympically awesome animation,ARTS & CULTURE
now that the olympics are over what is next for brazil,LATINO VOICES
how a tiny crippled street dog spoke and found a special home,GOOD NEWS
juan gabriel mexican singer and icon dead at 66,LATINO VOICES
modern day activists call it historic trauma,EDUCATION
savannah college of art and designs brilliantly built museum exhibition,ARTS
what it would be like if latinx people talked like white people on dates,LATINO VOICES
castaways rescued after writing out enormous sos in the sand,GOOD NEWS
one mans quest to document the highways that tore his city apart,ARTS & CULTURE
montreals osm concludes couchetard virée classique with record attendance,ARTS
my mothers dog speaks the truth,FIFTY
5 reasons why north american retirees are flocking to mexico,FIFTY
compassionate officers send fallen cops kids off to first day of school,GOOD NEWS
prince william gives moving advice to teen who lost his mom to cancer,GOOD NEWS
judge who sentenced brock turner quits criminal court,COLLEGE
comedian breaks down why trump and hugo chávez are soul sistas,LATINO VOICES
south asian gods take selfies look absolutely divine in witty series,ARTS & CULTURE
terrifying dinild trimp art makes us long for the days of naked trump statues,ARTS & CULTURE
gina rodriguez explains why latinos need to have each others back,LATINO VOICES
denée benton aka ruby on unreal is headed to broadway,ARTS & CULTURE
mans unexpected reaction to teen who held him up at knifepoint retold in powerful video,LATINO VOICES
library used its 3d printer to make prosthetic hand for girl,GOOD NEWS
hands of stone director on how lack of diversity heightens hateful rhetoric,LATINO VOICES
teen recreates old photo for school id slays the tbt game,GOOD NEWS
some really talented people hung out last night and you were not invited,ARTS & CULTURE
antitrump shirt inspired by america ferrera is the best political statement,LATINO VOICES
adorable 9yearold just wants louisiana flood victims to have a good slice of pizza,GOOD NEWS
this artist created a show just for dogs and they loved it,ARTS & CULTURE
this firstyear teachers rap is now on our playlist no joke,GOOD NEWS
how an ordinary ballpoint pen became arts most democratic medium,ARTS & CULTURE
teen with autism is a worldclass recordbreaking runner,GOOD NEWS
i dont use my parents as a piggy bank and neither should you,COLLEGE
stanfords new hard liquor ban actually isnt unusual,COLLEGE
hero cop catches kids jumping from burning homes secondstory window,GOOD NEWS
grandma uber helps women get home safely after a fun night out,GOOD NEWS
hulus the handmaids tale adds joseph fiennes will be bananas,ARTS & CULTURE
this virtual reality device nails the real latino experience,LATINO VOICES
graduate students at private universities can now unionize,COLLEGE
im with her and so should you,COLLEGE
stop blaming teachers send texts instead,EDUCATION
vet works out with 10yearold amputee says boys willpower is inspiring,GOOD NEWS
olympic runners who collided during race get sportsmanship award,GOOD NEWS
former miss universe becomes us citizen in time to cast vote against trump,LATINO VOICES
amber tamblyn doesnt agree with body shaming donald trump,ARTS & CULTURE
5 words that are nearly impossible to pronounce in spanish,LATINO VOICES
5 dating lessons learned from the everquotable dorothy parker,ARTS & CULTURE
toddler survives boat crash by floating in air pocket for nearly an hour,GOOD NEWS
the innocents a film review,ARTS & CULTURE
why i went to summer camp,COLLEGE
dear teachers,EDUCATION
choosing sides on school inclusion,EDUCATION
art is essential not extra,EDUCATION
game of thrones actress natalie dormer joins celebrity call to help refugees,ARTS & CULTURE
mom schools everyone her first time using family whatsapp group,GOOD NEWS
a feminist art show wants you to eat it or beat it,ARTS & CULTURE
why i know turning 60 will be one big party,FIFTY
the surprising victims of opioid addiction,FIFTY
orlando survivor angel colon takes first steps by himself since tragedy,GOOD NEWS
jk rowling tweets hilarious response to confusing olympic sport,GOOD NEWS
starr leaves baylor university faculty post after sex assault scandal,COLLEGE
for her 105th bday all she wanted was a burly tattooed firefighter,GOOD NEWS
rihanna visited her boobs and for just a moment the world was ok,ARTS & CULTURE
rosie perez wants to understand why anyone would vote for trump,LATINO VOICES
policeman does routine to beyonces formation and its so lit,GOOD NEWS
laurie hernandez just scored her first endorsement deal,LATINO VOICES
chimamanda ngozi adichie would like to think ivanka trump secretly opposes her fathers ideals,ARTS & CULTURE
louisiana couple cooks barbecue for entire shelter of flood victims,GOOD NEWS
photos of americas quirkiest conventions will bring out your inner freak,ARTS & CULTURE
chicago bar selling antitrump beer,LATINO VOICES
louisiana residents show devastating floods cant destroy their resilience,GOOD NEWS
john stamos honors beloved dog who died in sweet instagram post,GOOD NEWS
famous signs are suddenly missing letters to prove a crucial point,GOOD NEWS
brazilian artists pay tribute to olympic refugee team in stunning murals,ARTS & CULTURE
mario lopez and son take on 22 pushup challenge to honor vets,LATINO VOICES
couple didnt have funds for a wheelchair so they built one for their baby,GOOD NEWS
laurie hernandezs agent says brands are lining up to work with the olympian,LATINO VOICES
these artists are living out their dreams in a handmade floating house,ARTS & CULTURE
breathtaking videos show a different picture of life in rios favelas,ARTS & CULTURE
jk rowling has more to share about the wizarding world in pottermore presents,ARTS & CULTURE
why women in theater need festivals like fringenyc,ARTS & CULTURE
vibrant selfportraits question the feminine ideals all women face,ARTS & CULTURE
dude takes the trippiest picture after he sees his phone background irl,GOOD NEWS
salma hayek sends cute message to her cousin competing at rio,LATINO VOICES
marina abramović shockingly compares aborigines to dinosaurs in upcoming memoir,ARTS & CULTURE
no your eyeballs arent broken  theres a portrait on that grassy hilltop,ARTS & CULTURE
pokemon go players hooked on catching womans crocheted creatures,GOOD NEWS
allies offer to walk muslims to mosque after new york shooting,GOOD NEWS
hope artist shepard fairey explains why hes voting for hillary clinton,ARTS & CULTURE
on this day you can watch drunk linmanuel miranda explain the plot of hamilton,ARTS & CULTURE
colombias caterine ibargüen wins gold medal in womens triple jump,LATINO VOICES
lyric southern gothic from photographer sally mann,ARTS & CULTURE
rio  uss brenda martinez makes it to semifinals after finishing in 1500m,LATINO VOICES
tennis player monica puig wins puerto ricos first olympic gold medal,LATINO VOICES
harrowing video shows baton rouge woman dog pulled from sinking car,GOOD NEWS
david leffel at the frederick weisman museum of art,ARTS & CULTURE
adorable 4eared cat named batman finds forever home,GOOD NEWS
a slush fund at mr jeffersons university,COLLEGE
simone biles is a superhero in this perfect olympic tribute art,ARTS & CULTURE
childrens choir surprises disney princess with incredible a cappella,GOOD NEWS
the plot of every original babysitters club book based on the covers,ARTS & CULTURE
from nprs latino usa true grit,LATINO VOICES
10 women photographers who are changing the way we see the world,ARTS & CULTURE
the fabergé egg of green design james chudas architecture,ARTS
j balvin to receive vision award at hispanic heritage awards,LATINO VOICES
homeless person defends man from thieves who wanted his wheelchair,GOOD NEWS
this hallucinatory 1970s sculpture garden brings the tarot deck to life,ARTS & CULTURE
these are the scars of people who have narrowly escaped death,ARTS & CULTURE
girls at firefighter camp extinguish sexist stereotypes,GOOD NEWS
pokémon go brings life back to struggling local ice cream shop,GOOD NEWS
this years dominican day parade is all about the ladies,LATINO VOICES
youll wonder why you never napped like this commuter on the train,GOOD NEWS
set to stun,EDUCATION
john leguizamos marketing firm is changing the latinx narrative,LATINO VOICES
vigil held for 14yearold boy shot and killed by lapd justice for jesse,LATINO VOICES
los angeles police shot and killed a 14yearold boy after responding to a vandalism report,LATINO VOICES
gina rodriguez says latinos have a shared struggle,LATINO VOICES
boy offers to mow lawns for money to buy school supplies gets surprise in return,GOOD NEWS
incredibly detailed timelapse video shows the frenzy of everyday life in rio,ARTS & CULTURE
instead of bday gifts this boy asks for shoes for people in need,GOOD NEWS
this poet says what every person with multicultural heritage needs to hear,ARTS & CULTURE
this powerful artwork will move you to make a difference,ARTS & CULTURE
british library to celebrate harry potters anniversary with new exhibition,ARTS & CULTURE
supermarket has the best response to complaint about dead worm,GOOD NEWS
laurie hernandez winked at the olympic judges and we all fell in love,LATINO VOICES
laurie hernandezs brother writes a sweet message for the gold medalist,LATINO VOICES
cynthia erivo just slayed a beyoncé song for ham4ham,ARTS & CULTURE
stranger things intro gets smiley hugfilled 80s sitcom makeover,GOOD NEWS
artist transforms vintage flower photos into your new best friends,ARTS & CULTURE
new ad targets latin americans to increase latino voter turnout in the us,LATINO VOICES
book review apocalypse now redux,ARTS & CULTURE
allgirls tball team takes on boys is nobodys sweetie,GOOD NEWS
traveling portrait gallery will capture the faces of navajo nation,ARTS & CULTURE
for 50 years this feminist ceramicist has told stories with clay,ARTS & CULTURE
latina redefines what it means to be undocumented in powerful video,LATINO VOICES
powerful spoken word performance commemorates the tragic deaths of black men,ARTS & CULTURE
dude makes his own olympics because not everyone can be a world champ,GOOD NEWS
street artists epic ode to the olympics might break world record for largest mural,ARTS & CULTURE
these 50 images capture the rare beauty of rios street art scene,ARTS & CULTURE
meet the latino millennials of the obama white house,LATINO VOICES
data complicates students claim that columbia is biased against men in sexual assault cases,COLLEGE
colleges rarely apologize for mishandling rape cases and survivors are sick of it,COLLEGE
bride gets walked down the aisle by a man with her fathers heart in tearful ceremony,GOOD NEWS
law professors defend use of preponderance standard in campus rape cases,COLLEGE
how to know the difference between unhappiness and true depression,FIFTY
the one truth every only child can understand,FIFTY
3 important questions to help you conquer your fears,FIFTY
chaka khan returns to an adoring atlanta audience at the cobb performing arts center,ARTS
when they go low we middlescents go high,FIFTY
how does a 20something virgin go about losing her vcard,ARTS & CULTURE
how to plan the adventure of a lifetime in malaysian borneo,FIFTY
hillary and donald what to do when you hate them both,FIFTY
the private thought i shared with my best friend,FIFTY
latinos face digital divide in health care,LATINO VOICES
are professors too liberal,COLLEGE
10 latino us athletes well be watching at the rio olympics,LATINO VOICES
a definitive ranking of every bailey school kids book ever written,ARTS & CULTURE
boys damage norways most famous stoneage artwork trying to make it easier to see,ARTS & CULTURE
photographer chronicles the new african diaspora in vibrant portraits,ARTS & CULTURE
the feminist comic series for fans of stranger things,ARTS & CULTURE
artists website invites privileged individuals to make reparations to people of color,ARTS & CULTURE
singapore prime ministers wife rocks a dinosaur clutch at white house,GOOD NEWS
uber driver to see son compete in olympics thanks to passenger,GOOD NEWS
why you should focus on building your life instead of your resume,GOOD NEWS
allfemale skate crew challenges patriarchy gentrification in nyc,LATINO VOICES
latin american athletes to watch at the rio olympics,LATINO VOICES
latino celebrities explain why voting is crucial in habla y vota trailer,LATINO VOICES
drake has been stealing all of your dominican tíos dance moves,LATINO VOICES
15 profound thoughts on whether this burger is an avocado or avocadont,LATINO VOICES
documenting the last tattoofaced women of the lai tu chin tribe,ARTS & CULTURE
a letter from my wife on the anniversary of my autism diagnosis,GOOD NEWS
these researchers are trying to take the guesswork out of combating sexual assault,COLLEGE
these cats outgrew their bed but theyll never outgrow each other,GOOD NEWS
teen whose life inspired viral minidoc gives back to his peers,LATINO VOICES
7 scifi writers predict the future of the olympics,ARTS & CULTURE
dog confiscated under antipit bull law returns home,GOOD NEWS
olympian yvonne treviño hayek and salma hayek are totally related,LATINO VOICES
teens ask for summer jobs after gangs try to recruit them,GOOD NEWS
hillary clinton to address hispanic black journalists at convention,LATINO VOICES
that one time in everyone at the dnc did the macarena,LATINO VOICES
sheila e says this election is embarrassing for us as a country,LATINO VOICES
jk rowling says harry potters story is done with the release of cursed child,ARTS & CULTURE
jessica alba neyo lead moving tribute to end gun violence at teen choice awards,LATINO VOICES
what redditors wish they knew before starting college,COLLEGE
on anniversary of first campus mass shooting texas students can now carry guns,COLLEGE
oakland artists take on gentrification as tech boom threatens their city,ARTS & CULTURE
boy with rare illness holds on long enough to become honorary marine,GOOD NEWS
9 things to make the most out of your high school senior year,COLLEGE
jeremy lins space jam 3 anime spoof is out of this world,GOOD NEWS
why white actors should not be cast in latinx roles  on broadway or off,ARTS & CULTURE
three female cartoonists open up about drawing hillary clinton,ARTS & CULTURE
couple reunited with wedding ring lost in hawaii thanks to gps coordinates,GOOD NEWS
why you should be able to use medicare when retiring abroad,FIFTY
trumps hatred of all the m folk,FIFTY
how my grandkids took care of me,FIFTY
dolores huerta calls out trump for treating latinos like newcomers,LATINO VOICES
now you can protest donald trumps wealth in this luxury art hut,ARTS & CULTURE
pup who chewed off own foot has successful surgery thanks to donations,GOOD NEWS
114 colorado professors condemn donald trumps rhetoric as he speaks at uccs campus,COLLEGE
brave bulldog tries to save girl in horror movie from certain trouble,GOOD NEWS
artist imagines a future in which pets date have sex fall in love,ARTS & CULTURE
thanks to joe bidens speech searches for malarkey are up 17400 percent,ARTS & CULTURE
support pours in for 4yearold whose prosthetic was stolen,GOOD NEWS
artist imagines a healthcare system that doesnt fail women of color,ARTS & CULTURE
the problem with standardized tests is exposed in playful new book,ARTS & CULTURE
the ultimate poster art for every person who bingewatched stranger things,ARTS & CULTURE
new jersey student loan agency to staff dont tell borrowers about help unless they ask,COLLEGE
guy reveals to his buddy hes a kidney match cue happy tears,GOOD NEWS
boy with cystic fibrosis gets wish to be garbage man during best day ever,GOOD NEWS
officer washes blind homeless mans feet,GOOD NEWS
artist photographs diverse american neighbors around the country,ARTS & CULTURE
man gets kidney from fellow judge and bff says she gave him back his life,GOOD NEWS
whos fighting for college for the forgotten majority,COLLEGE
texas facing a lawsuit makes it easier for usborn children of immigrants to get brith certificates,LATINO VOICES
pokémon of new york parodies hony and its perfectly charming,GOOD NEWS
celebrate national mutt day by telling us why you love your pooch,GOOD NEWS
in solitary confinement for a crime he didnt commit herman wallace built his dream house,ARTS & CULTURE
eva longoria schools donald trump in powerfully personal dnc speech,LATINO VOICES
is your hoarding habit a work of art,ARTS & CULTURE
app wants to send dncs 50000 attendees leftovers to those in need,GOOD NEWS
julian castro is disappointed at not getting vp nod but says clinton will get the hispanic vote,LATINO VOICES
10 political figures who resemble famous artworks,ARTS & CULTURE
democrats want to open more doors to college but can they help students graduate,COLLEGE
debtfree college isnt as simple as waiving tuition,COLLEGE
america ferrera breaks down why latino trump supporters exist,LATINO VOICES
what every great breakup anthem has in common,ARTS & CULTURE
brexit voter accused of destroying niqab sculpture in drunken museum rampage,ARTS & CULTURE
on birthday bindi irwin shares photo of steve irwin full of love and light,GOOD NEWS
hospice nurses moving adele rendition goes viral for all the right reasons,GOOD NEWS
the work of white educators,EDUCATION
cnn pundit ignites fury after criticizing tim kaines use of spanish,LATINO VOICES
the global search for education just imagine secretary hargreaves,EDUCATION
why women view clothes shopping so differently,FIFTY
how paul toughs helping children succeed helped this teacher better understand our craft,EDUCATION
the most heartwarming image from the republican national convention,GOOD NEWS
donald trumps ardent supporters love mexican food,LATINO VOICES
50 years after his death architects buildings are still shaping history,ARTS & CULTURE
this nurse had the best response when asked if her rainbowcolored hair affects her job,GOOD NEWS
why im reluctant to wear a bikini now that im older,FIFTY
the perfect movies for anyone who needs cheering up,FIFTY
this paradise may be the best place to retire in europe,FIFTY
super petite from the ever expanding john hollenbecks claudia quintet,ARTS
tinnitus experienced by 10 of americans experts say,FIFTY
flowers get a geometric makeover in mindbending photos,ARTS & CULTURE
elderly stranger pays for mans groceries in beautiful moment of solidarity,GOOD NEWS
the unexpected effect pokémon go had on a boy with autism,GOOD NEWS
linmanuel miranda to receive star on puerto ricos walk of fame,LATINO VOICES
demi lovato eva longoria and america ferrera announce theyre going to the dnc,LATINO VOICES
trumps call for mass deportations isnt such a big hit with rnc attendees,LATINO VOICES
dog given months to live takes epic road trip,GOOD NEWS
nearblind shelter dog gets by with the help of seeingeye collie,GOOD NEWS
this guy is living inside a kennel for 2 days to help homeless pets,GOOD NEWS
student deals with breakup in a way only a boss lady could,GOOD NEWS
girl terrified of flying gets vip treatment from hero flight attendant,GOOD NEWS
book lover turns boring steps into a stairway to literary heaven,ARTS & CULTURE
george takei warns what a trump presidency could mean for america,LATINO VOICES
baton rouge woman prays with someone outside my race sends message of solidarity,GOOD NEWS
this girl made an awesome ghostbusters costume and is our new shero,GOOD NEWS
people tweeted old notes they wrote on their phones and theyre beyond,GOOD NEWS
harry potter fans want their own pokemon go and will cast a spell if they have to,GOOD NEWS
afrolatina music artists talk identity empowerment and feminism,LATINO VOICES
inspired by scandinavian folklore artists disguise senior citizens in wearable sculptures made from nature,ARTS & CULTURE
a textbook that paints mexicanamericans as lazy could be coming to a school near you,LATINO VOICES
protesters ask america to wall off donald trump not mexico,LATINO VOICES
artists alluring travel photos will teach you to look beyond touristy landmarks,ARTS & CULTURE
this hilarious pokemon go note sums up how all the olds feel,GOOD NEWS
star wars fans rendition strikes a chord with composer john williams,GOOD NEWS
now you can watch bob ross and paint on him too,ARTS & CULTURE
why poetry is the best medium for kids who want to change the world,ARTS & CULTURE
college presidents in cleveland would rather not talk about donald trump,COLLEGE
family of latino teen killed by undercover cops will sue,LATINO VOICES
leave it up to a parent to get a teen to do chores through pokémon go,GOOD NEWS
viral photo of simple kind gesture offers reminder to stay united,GOOD NEWS
justice sonia sotomayor to receive huge award this september,LATINO VOICES
what happens when your abuelita gets her hands on your pokemon go,LATINO VOICES
black lives matter protest becomes bbq and real talk with police,GOOD NEWS
mexican singer arrested over video depicting violence against women,LATINO VOICES
the republican plan for higher education less red tape and less money,COLLEGE
meet the octogenarian artist whos been creating erotic art for 50 years,ARTS & CULTURE
after tv host uses motherhood to justify bigotry moms clap back on twitter,GOOD NEWS
should schools ban cellphones,EDUCATION
how to live the good life in this mexican retirement paradise,FIFTY
the bed and breakfast that turned out to be anything but charming,FIFTY
manatee drops by to say hi to girl on a paddleboard,GOOD NEWS
this super chill manatee just wants to hang out,GOOD NEWS
my mom was a unionized public school teacher thats why im a reformer,EDUCATION
fire crews save cat found dangling from grate by her neck,GOOD NEWS
rare rossini and hot jazz at caramoor,ARTS
nations largest teachers union endorses teaching climate justice,EDUCATION
gina barreca asks if you lean in will men just look down your blouse,FIFTY
here are the latinos nominated for the emmys,LATINO VOICES
dope new song celebrates hardworking latinos who help raise america,LATINO VOICES
chris pratts son is adorably diplomatic about dads bad pancake art,GOOD NEWS
artists hope one enormous quilt can uproot rape culture in america,ARTS & CULTURE
this big dog and little bird are inseparable pals,GOOD NEWS
gay talese promotes new book he promised not to promote on late night,ARTS & CULTURE
group buys fishing net so others cant will save up to 10000 sharks,GOOD NEWS
teen has perfect comeback to tweet about how muslims cant eat bacon,GOOD NEWS
artists around the world respond to devastating attack on nice,ARTS & CULTURE
allgirls soccer team provides community for undocumented immigrants,LATINO VOICES
gina rodriguez is the coolest spanish teacher youve never had,LATINO VOICES
after dallas shooting trained comfort dogs offer emotional support,GOOD NEWS
jimmy carter takes sweet selfies with young fellow cancer survivor,GOOD NEWS
timelapse videos of a hyperrealist master will make you lose your damn mind,ARTS & CULTURE
misty copeland to join disneys liveaction nutcracker movie,ARTS & CULTURE
animal shelter wants pokemon go players to walk dogs,GOOD NEWS
boston bombing survivor donates hightech blade feet to 5yearold amputee,GOOD NEWS
this activist group is giving trump the wall he actually deserves,LATINO VOICES
watch misty copeland dance to the heavenly sounds of cynthia erivos voice,ARTS & CULTURE
heres what happened when we played pokémon go at moma,ARTS & CULTURE
saddam husseins novella is coming to bookstores near you maybe,ARTS & CULTURE
miss rizos stands up for teen shamed by school for rocking natural hair,LATINO VOICES
yale worker facing felony charge for breaking stainedglass window depicting slaves,COLLEGE
woman says pokemon go is the reason she could help a boy in distress,GOOD NEWS
girls lemonade stand raises 10000 for slain dallas police officers,GOOD NEWS
taylor swift shows everyones in her squad with visit to childrens hospital,GOOD NEWS
why this author thinks the bachelor is ruining your relationships,ARTS & CULTURE
dont play pokémon go at the holocaust museum ok,ARTS & CULTURE
sing her name concert uses classical music to pay tribute to black lives,ARTS & CULTURE
the fomo is real for people who dont have pokemon go,GOOD NEWS
muslim teen responds to hateful islamophobes with dance party full of love and life,GOOD NEWS
queer photographer revisits traumatic high school sports tryouts in stunning series,ARTS & CULTURE
riceko is what happens when artists recreate rothko paintings using rice,ARTS & CULTURE
internet sends superhero sketches to support boy who has cancer,GOOD NEWS
disney emojis are coming soon and theyre game changers,GOOD NEWS
deborah kass creates warholstyle antitrump art for hillary clinton,ARTS & CULTURE
meet the badass 16yearold boricua repping the us at the olympics,LATINO VOICES
students from donald trumps alma mater you do not represent us,COLLEGE
linmanuel miranda takes bow as hamilton one last time,LATINO VOICES
see the painstaking process behind sculpting this spellbinding scarecrow,ARTS & CULTURE
birthday girl buys local cops lunch after seeing dallas shooting on tv,GOOD NEWS
buddhist monks buy lobsters destined for the dinner table and set them free,GOOD NEWS
for white people who believe colorblindness is enough,COLLEGE
i graduated wheres my job,COLLEGE
linmanuel mirandas mom shares anecdotes of little lin at hamilton farewell,LATINO VOICES
latinos sound off on twitter about what matters to them this election and beyond,LATINO VOICES
chewbacca mom sings heartfelt song in grief over latest violence,GOOD NEWS
injured baby beaver enjoys some r&r after golf course rescue,GOOD NEWS
mega millions winning ticket sold in indiana worth 540 million,GOOD NEWS
thousands of naked blue people flood city streets for dramatic photoshoot,ARTS & CULTURE
when your mother can no longer remember your birthday,FIFTY
the alarming phone call i got from my daughter in dallas,FIFTY
politicians take note latinos care about more than just immigration,LATINO VOICES
this activist wants you to rethink ugly produce,GOOD NEWS
texts from my cats shows felines in all their adorable kookiness,GOOD NEWS
author of the 100 series on the centurieslong history of dystopias,ARTS & CULTURE
whales chase dolphins in a playful game of tag,GOOD NEWS
burrito boyz serves hot meals to homeless people in san diego,GOOD NEWS
following sniper attacks images of love profess support for dallas,ARTS & CULTURE
just look at these painfully adorable mountain lion kittens,GOOD NEWS
transgender men now allowed to join one of nations oldest fraternities,COLLEGE
welp there is now a tinder app for art,ARTS & CULTURE
haunting portraits show hunters at the spots they killed their trophies,ARTS & CULTURE
veterans mentor chicagos atrisk youth help them cope with trauma,GOOD NEWS
want to engage young latino voters there are apps for that,LATINO VOICES
major lgbt rights group condemns harvard policy on final clubs,COLLEGE
artist creates an imaginary history of queerness from found photos,ARTS & CULTURE
dog trapped for 5 weeks on freeway median adopted by cop who saved her,GOOD NEWS
puppies discover their reflections try to play with new friend,GOOD NEWS
this portuguese street art will take you on a trippy journey,ARTS & CULTURE
the unsolved mystery of a missing girl told in touching photos,ARTS & CULTURE
obama biden wont visit universities that fall short in addressing sexual assault,COLLEGE
hedgehog champion could be the cutest job around,GOOD NEWS
finding the courage to confront depression,FIFTY
on the future of wagnerism part 8 macon georgia the road leads back to you,ARTS
on the future of wagnerism part 9 waltzing with the enemy,ARTS
how to heal a seemingly intractable family rift,FIFTY
on the a wsouleo dna tests inspire new photo series on race and identity,ARTS
thoughts on 54 below blood brothers and cabaret,ARTS
ballet zaida debuts video project interview with creator oliver endahl,ARTS
the one thing that really was better when we were kids,FIFTY
orlando sheriffs office gets down in hilarious keep dancing video,GOOD NEWS
sharpshooting army veteran saves bald eagle stuck up a tree,GOOD NEWS
great generosity mindset  motivational,EDUCATION
christo and jeanneclaude the floating piers video,ARTS
michigan schools an example of needed vigilance nationwide,EDUCATION
cop quietly pays for familys essentials after shoplifting bust,GOOD NEWS
when your loved one with alzheimers no longer recognizes you,FIFTY
the day i failed at jury duty,FIFTY
why i love my shelf full of halffinished books,FIFTY
an avantgarde artist for avantgarde minds a major retrospective of francis picabia at the kunsthaus zurich,ARTS
interview with jeff koons,ARTS
america ferrera on the one thing white male actors never have to worry about,LATINO VOICES
lowincome shoppers now get discount at california farmer markets,GOOD NEWS
man proudly displays ostomy bag urges others to not be ashamed,GOOD NEWS
this sneaky wine purse is the answer to every winos prayers,GOOD NEWS
eva longoria posts a moving message about how selena inspired her,LATINO VOICES
radio dj suspended after making tone deaf remarks about local latino fest,LATINO VOICES
gay talese says his new book isnt credible then defends it,ARTS & CULTURE
fed up cops have the perfect solution for people who leave dogs in hot cars,GOOD NEWS
vet clinic pays tribute to late pup in sweetest way,GOOD NEWS
boy spends his allowance on hundreds of books for inmates,GOOD NEWS
this family of surfing pigs is a pixar movie waiting to happen,GOOD NEWS
ucla professor accused of sexually harassing grad students is returning,COLLEGE
how a filipino designer helped bring a story of liberian women to life,ARTS & CULTURE
girl writes compassionate letter to west virginia flood victims,GOOD NEWS
loyal dog saves owner during house fire and he returns the favor,GOOD NEWS
new york times commissions literary short fiction based on the election,ARTS & CULTURE
in new comic book a badass ladywolf fights off horror stereotypes,ARTS & CULTURE
dick van dyke leads magical singalong at walt disneys childhood home,GOOD NEWS
rolling stone wins lawsuit dismissal over debunked uva rape story,COLLEGE
a new novel about teenage rebellion is summers fieriest read,ARTS & CULTURE
the greatest love story never told comes to the new york stage,ARTS & CULTURE
breaking news author cormac mccarthy didnt die,ARTS & CULTURE
oitnb star laura gómez advocates for lgbt rights in latin america,LATINO VOICES
jk rowling gives her north american school a backstory and a sorting quiz,ARTS & CULTURE
thomas pogge has done damage to yale philosophy department colleague says,COLLEGE
comic captures what its like to spend a decade in immigration limbo,LATINO VOICES
the bottom line chronicle of a last summer by yasmine el rashidi,ARTS & CULTURE
sheila e is moved to tears after delivering powerful prince tribute at bet awards,LATINO VOICES
bon jovi surprises fan who has cancer proving rock star status,GOOD NEWS
meet mano a mano cubas first and only gay male chorus,ARTS & CULTURE
powerball winners build a fire station for small town keep winning,GOOD NEWS
bighearted 11yearold knits 50 hats for kids with cancer,GOOD NEWS
poets break down why they wont let you mispronounce their names,LATINO VOICES
gripping photos capture a young roma generation on the outskirts,ARTS & CULTURE
bloody mural depicting refugees plight upsets berliners,ARTS & CULTURE
shelter fakes dogs death to free her from abusive owner,GOOD NEWS
the surprising way your name can give away your age,FIFTY
the brave way i stepped out of my comfort zone,FIFTY
top 10 crazy cruise tips for baby boomers 7,FIFTY
is higher education suffering a crisis of budget buildings or failure to adapt,EDUCATION
remove barriers that you place in the path to success,ARTS
sweet dog greets family with heartshaped cushion every day,GOOD NEWS
inmates running the asylum maratsade the persecution and assassination of jeanpaul marat as performed by the inmates under the direction of the marquis de sade long beach playhouse studio theatre,ARTS & CULTURE
bradford j salamon visages ii at launch la,ARTS & CULTURE
an adorable way to entertain your loved one with alzheimers,FIFTY
psychology superheroes in a california school district,EDUCATION
two stories from the frontlines of millennial caregiving,LATINO VOICES
arthouse summer films not to be missed,ARTS
from the ugliest color to significant others this weeks curios,EDUCATION
how to answer the common application essay for college admissions,EDUCATION
cops hilariously troll teen looking for a fake id on twitter,GOOD NEWS
selena gomez has adorable danceoff with 7yearold who has rare illness,GOOD NEWS
diners can give their leftovers to people in need with special togo boxes,GOOD NEWS
here are reallife ballerinas enjoying the beauty of degas iconic works,ARTS & CULTURE
artist terence koh chants names of orlando victims into outer space,ARTS & CULTURE
keep dancing orlando is the beautiful tribute city needs right now,GOOD NEWS
the homo cholo explores the importance of social spaces for queer latinxs,LATINO VOICES
how a romance skeptic fell head over heels for the genre,ARTS & CULTURE
jenny holzer takes over ibiza as art helps revive the islands glorious past,ARTS & CULTURE
watch this 11yearold latino muslim stand up to trumps hateful rhetoric,LATINO VOICES
grownass woman submits portrait to newspaper callout for kids hilarity ensues,GOOD NEWS
hispanics were more likely to be scratched in brooklyn voter purge,LATINO VOICES
david duchovny wants you to film your dog licking your face,GOOD NEWS
this bronx educator reminds us why good teachers are simply the best,EDUCATION
an art project over 40 years in the making lets people walk on water,ARTS & CULTURE
mexicanamerican slam poet schools donald trump on us history,LATINO VOICES
cdc puerto rico could see hundreds of zikainfected babies with microcephaly,LATINO VOICES
273 million latinos will vote in novemberheres what theyre thinking,LATINO VOICES
stray kitten steals spotlight during live broadcast,GOOD NEWS
the perfect illustrations for all you foodies currently daydreaming about eating,ARTS & CULTURE
doctor to run across the us in support of kids health care,GOOD NEWS
an alarming number of cal state students go hungry and the university is trying to find ways to help,COLLEGE
broadway superstars sing stirring tribute to orlando shooting victims,ARTS & CULTURE
the best advice from obamas commencement speeches as president,COLLEGE
andrew lloyd weber donates 13 million to underfunded art programs,GOOD NEWS
no criminal charges for police in mexican farmworkers death,LATINO VOICES
diagnosed with rare terminal cancer artist finds acceptance through art,ARTS & CULTURE
stranger on bus shuts down bigot after his ignorant comment to muslim mom,GOOD NEWS
watch kids read moving love letters to their incarcerated dads,GOOD NEWS
monopoly the musical to hit broadway hasbro announces,ARTS & CULTURE
wilmer valderrama is your newest ncis agent,LATINO VOICES
ethereal photographs capture the world of snails,ARTS & CULTURE
chewbacca mom scores her own laughing star wars action figure,GOOD NEWS
rainbow makes poignant appearance over orlando vigil,GOOD NEWS
selfless schoolboys spot a retiree struggling with yardwork finish it for him,GOOD NEWS
how feminist academics dealt with an ethics professor accused of harassment,COLLEGE
watch artist recreate iconic van gogh paintings on water,ARTS & CULTURE
the way we learn today is just wrong,EDUCATION
dear graduate dont be afraid to leave your hometown,COLLEGE
facing the coach that gave my rapists a onegame suspension,COLLEGE
wharton class of graduation speech we are different in a good way,COLLEGE
feisty french bulldog cant walk but hes as playful as any puppy,GOOD NEWS
jk rowling sends flowers to funeral of orlando shooting victim,ARTS & CULTURE
starved dogs thrown from van are learning to trust humans again,GOOD NEWS
vanderbilt rape trial finds brandon vandenburg guilty,COLLEGE
a wwii vets advice to his daughter lasts a lifetime,FIFTY
whatever you do never vomit on a us senator,FIFTY
why voters apparently want a woman president whos june cleaver,FIFTY
musthaves for photographers this summer,ARTS
moving beyond illegal immigration settlers latinxs and imagined illegality,LATINO VOICES
peter beard last word from paradise at guild hall out of africa,ARTS
superhero cops save boy with autisms birthday after no kids show up,GOOD NEWS
bo bartlett the intermediary,ARTS & CULTURE
leaving america after the elections heres a great option,FIFTY
an overflow of artwork at street art fair la,ARTS
can we stop erasing latinos from the orlando massacre,LATINO VOICES
sue paterson and bursting into life at hollywoods montalban theatre,ARTS
public pianos vandalism & the metrics of hope or how to win 99 of bets,ARTS
if van gogh could talk about art therapy,ARTS
hundreds of officers attend funeral for wwii veteran with no family,GOOD NEWS
how organizations are helping latinos affected by the orlando shooting get the help they need,LATINO VOICES
after boy is killed by gator at disney his hometown unites to support family,GOOD NEWS
how this puerto rican granpa became the star of a hilarious hbo series,LATINO VOICES
amped dog loves his toy more than we will ever love anything in life,GOOD NEWS
these daddoggie duos are serious family goals,GOOD NEWS
hero fisherman gives plastictrapped turtle a second shot at life,GOOD NEWS
watch this dad break down why he wont call his daughter a princess,LATINO VOICES
artist explores the vibrant complex history of blackness on television,ARTS & CULTURE
this heartfelt note between soldier brothers came full circle,GOOD NEWS
ricky martin says break your silence calls for gun control after orlando,LATINO VOICES
compassionate theme park workers show support for orlando after shooting,GOOD NEWS
meet the man replacing linmanuel miranda in hamilton,ARTS & CULTURE
after shooting orlando chefs provide thousands of free meals,GOOD NEWS
views from the sexy the drake sketchbook that will make drizzy fans cry salty tears of joy,ARTS & CULTURE
this years provincetown film festival trailer pays tribute to jackson pollock and edward hopper,ARTS & CULTURE
brontë society just as melodramatic as the brontës would have wanted,ARTS & CULTURE
churches offer to host free funerals for victims of orlando shooting,GOOD NEWS
rainbow appears over orlando nightclub creates symbolic moment,GOOD NEWS
valencia college mourns 7 of its students killed in pulse nightclub shooting,COLLEGE
how one photograph prompted colin powell to support obama,ARTS & CULTURE
she loves me to be the first live streamed broadway show,ARTS & CULTURE
lgbtq latinxs and allies share heartfelt messages in honor of orlando shooting victims,LATINO VOICES
why this ballet dancer wants to stand out and stand up for workers rights,ARTS & CULTURE
artist pairs her own teenage diary entries with photos of girls around the world,ARTS & CULTURE
watch these dogs react to a human who barks as well as they do,GOOD NEWS
this genderswapping hamilton performance is the future of broadway,ARTS & CULTURE
prosecutor in rape trial exvanderbilt football player violated the laws of human decency,COLLEGE
orlando clubgoer uses shirt as tourniquet to save bartender after shooting,GOOD NEWS
wilson cruz says orlando shooting was a direct attack on lgbt latinos,LATINO VOICES
after orlando shooting the world showed up to defy hate with love,GOOD NEWS
heres how stars honored victims of the orlando shooting at the tonys,ARTS & CULTURE
donald trump and hillary clinton get the tonys treatment,ARTS & CULTURE
at orlando vigils nationwide mourners sing we shall overcome in solidarity,GOOD NEWS
san bernardino nurses medical staff send love to orlando hospital after shooting,GOOD NEWS
art world responds to the devastating orlando nightclub shooting,ARTS & CULTURE
tonys makes history when actors of color sweep musical categories,ARTS & CULTURE
hamilton will reportedly drop muskets from its tony performance,ARTS & CULTURE
ken burns offers blistering takedown of donald trump in stanford commencement speech,COLLEGE
the face of alzheimers a portrait of ruth,FIFTY
what it was like to attend my college reunion without my spouse,FIFTY
ahead of scotus ruling getting the message out to central valley immigrants,LATINO VOICES
us death rates increase in,FIFTY
us women becoming obese at faster rates than men new study finds,FIFTY
new study says getting checked for skin cancer at primary care doctor could save your life,FIFTY
about to retire heres why you should consider a reverse mortgage home loan,FIFTY
a house divided against itself cannot stand ken burns stanford commencement address,COLLEGE
stanford sexual assault students plan graduation protest as anger grows,COLLEGE
rabbit abused in viral video is now showered with gifts,GOOD NEWS
puerto rican day parade here are the stars you can expect to see,LATINO VOICES
news anchor gives heartfelt apology to dog he saw in hot car,GOOD NEWS
the most magical expat escape in all of europe,FIFTY
what high heels and a slippery floor taught me about aging,FIFTY
7 things boomers need in their diet,FIFTY
woman runs over frog with lawnmower  then flies him hundreds of miles for surgery,GOOD NEWS
brock turner lied about his past with drugs and alcohol,COLLEGE
sideline reporter gets racist and antisemitic on live broadcast,LATINO VOICES
happy pride here are barbra streisand and anne hathaway slaying at the ballet,ARTS & CULTURE
baby got books display will make you want to tackle daunting reads,GOOD NEWS
ucla to launch taskforce into campus shooting,COLLEGE
roc nation launches roc nation latin names romeo santos ceo,LATINO VOICES
criminal minds casts adam rodriguez as series regular for season 12,LATINO VOICES
students want stanford to apologize for brock turners sexual assault,COLLEGE
ohio state university disciplines 85 veterinary students for cheating,COLLEGE
whitewashing or bold casting asks terrible twitter moment about whitewashing,ARTS & CULTURE
soledad obriens iamlatinoinamerica seeks to amplify latino voices,LATINO VOICES
boy caught sneaking into neighbors garage to give dog a hug,GOOD NEWS
festival drops band whose drummer supported brock turner,COLLEGE
this barber wants to inspire a social movement by giving free haircuts to the homeless,GOOD NEWS
former football star brian banks who served five years for rape he didnt commit disgusted by brock turner ruling,COLLEGE
jennifer lopez remembers breaking barriers in playing selena,LATINO VOICES
rachel bloom understands what its like to be the only theater fan you know,ARTS & CULTURE
commencement speakers remind grads its ok to take their time,COLLEGE
extinction labels tell you how your food choices affect wildlife,GOOD NEWS
how a show about reality tv is taking on racial politics in america,ARTS & CULTURE
vandals deface colossal las vegas land art art installation,ARTS & CULTURE
the very best way to rattle donald trump,FIFTY
why i no longer pursue happiness,FIFTY
the bathroom issue we should be talking about,FIFTY
a queen of many faces,ARTS
why music lessons need to keep up with the times,ARTS
how to calculate the real cost of living abroad,FIFTY
here is the powerful letter the stanford victim read aloud to her attacker,COLLEGE
dog who waited 6 years for a home is cast in transformers movie,GOOD NEWS
the global search for education if you teach them they will grow,EDUCATION
why so many are having glass after glass of wine each night,FIFTY
why ill take my wrinkles over plastic surgery any day,FIFTY
teen slays at reminding us that not all disabilities are visible,GOOD NEWS
are fans getting too entitled nah,ARTS & CULTURE
bear trapped for years in torture vest now spends her days swimming,GOOD NEWS
kat lazo breaks down why stereotypes are so damaging to latinas,LATINO VOICES
this years commencement speakers want grads to try a little peace love and understanding,COLLEGE
paralyzed cat drags herself to the spot where she left her babies,GOOD NEWS
oregon state university to open a dorm for recovering addicts,COLLEGE
linmanuel miranda is probably leaving hamilton and the world is reacting accordingly,ARTS & CULTURE
cat with a hole in its side is the trippiest optical illusion ever,GOOD NEWS
man and his beloved blind cat scale irelands highest peak,GOOD NEWS
soldier subs in for flagpole that was knocked down on memorial day,GOOD NEWS
cat abandoned on street corner with his litter box,GOOD NEWS
the heartbreaking messages from 9yearolds in the age of trump,COLLEGE
teen with cerebral palsy walks for first time to get diploma,GOOD NEWS
university of akron president resigns after financial controversies,COLLEGE
story behind photo of cop asleep next to pup he rescued is doggone sweet,GOOD NEWS
ancient sculpture garden hints neanderthals were more creative than we thought,ARTS & CULTURE
a massive splash of paint will turn hurricaneravaged beach into art,ARTS & CULTURE
students say adios to cool spanish teacher with hilarious video montage,GOOD NEWS
pro golfer shows hes a winner after his shot bloodies woman,GOOD NEWS
why you still love calvin and hobbes all these years later,ARTS & CULTURE
what to do when your child becomes the bully,FIFTY
do college students care more about mental health than administrators,COLLEGE
the 3 steps for looking fabulous after 50,FIFTY
around the world in 30 days  may,EDUCATION
age shall not weary them  shakespeare and memorial day,ARTS
the poem of a soldiers passing,ARTS
stage door the judas kiss,ARTS
harry edwards tells graduates to become the next greatest generation,COLLEGE
selfless cop escorts adorable family of ducklings across busy street,GOOD NEWS
take my religion  please,FIFTY
how im trying to find the meaning of life as i age,FIFTY
the best commencement speech the class of could hear,FIFTY
what its really like to get a vasectomy,FIFTY
gis saved my father from the nazis,GOOD NEWS
contemporary art  is a now a brand,ARTS
loose lips sink ships,ARTS
harry connick jr tells grads its exciting if you dont have your career planned,COLLEGE
methaddicted puppy reunites with the cop who helped him get clean,GOOD NEWS
ethereal photos show just how neat whisky dregs can be,ARTS & CULTURE
12 myths about hearing loss debunked,FIFTY
how to retire in the dominican republic,FIFTY
the only thing you need to become a good writer,FIFTY
the global search for education top global teacher bloggers  cultivating young readers,EDUCATION
states investing the most in higher education,COLLEGE
maná frontman says donald trump is creating racism not seen since hitler,LATINO VOICES
winners tie in scripps national spelling bee,GOOD NEWS
once homeless student who worked 4 jobs to support family graduates college,GOOD NEWS
artist jr makes the louvres iconic pyramid disappear,ARTS & CULTURE
a harvard grads mom once lit his hand on fire heres what he learned from that,COLLEGE
12yearolds form supportive bond while battling cancer together,GOOD NEWS
in barge unsung heroes follow the american dream up and down the mississippi river,ARTS & CULTURE
woman wakes up to lions licking water off her tent,GOOD NEWS
arianna huffington barring controversial graduation speakers is dangerous,COLLEGE
this 400yearold story might be the firstever scifi book,ARTS & CULTURE
warning if you put your glasses down in a museum people will think its art,ARTS & CULTURE
university of oregon fraternity suspended after trashing lake shasta during wild party weekend,COLLEGE
cop finds stray puppy and wont leave her side until he knows shes safe,GOOD NEWS
univision anchor booed at commencement after speaking spanish mentioning trump,COLLEGE
college chancellor decides his cell phone is more important than graduation,COLLEGE
parched lions confuse tourists tent with a popsicle,GOOD NEWS
ever wish you could live inside your favorite book you can at this incredible new place,ARTS & CULTURE
paralyzed dog was about to be put down when someone saw a tick,GOOD NEWS
the big uneasy whats roiling the liberalarts campus,EDUCATION
sick dog who was to be euthanized gets diagnosed just in time,GOOD NEWS
shakira clears up rumor so paparazzi will stop going through her garbage,LATINO VOICES
arianna huffington tells grads they must recharge and refuel to show real leadership,COLLEGE
florence  the machine perform heartwarming duet with teen at hospice,GOOD NEWS
change the game for girls in stem we dont need more we need different,EDUCATION
failure to invest in education is penny wise pound foolish,EDUCATION
artist reimagines donald trump as a liberal tattooed hipster,ARTS & CULTURE
meet the whiskeyfueled stormtroopers from a distillery far far away,ARTS & CULTURE
live and dangerous governors ball,ARTS
alzheimers caregivers when your loved one needs hospice care,FIFTY
painted words the marriage of words and images,ARTS
first nighter joe morton as dick gregory in turn me loose the irondale ensemble takes on shakespeare in 1599 the sluggish a better place and cal in camo,ARTS
navy officer runs halfmarathon in 85pound suit to raise money for veteran amputees,GOOD NEWS
cat with perpetually surprised face survives against all odds,GOOD NEWS
boy with autism helps rescue dogs get socialized by reading to them,GOOD NEWS
injured cat was thrown out like trash in a backpack,GOOD NEWS
custodian earns engineering degree from school hes worked at for 8 years,GOOD NEWS
rosario dawson wants latinos to crash the democratic and republican convention,LATINO VOICES
a visual survey of retro computers that predated the macbook,ARTS & CULTURE
uw madison frat suspended over racial slurs,COLLEGE
womens tv shows cant get no respect no respect at all,ARTS & CULTURE
designing ways to move beyond diversity on campus,COLLEGE
the coloring book that turns into one stunning panel of wall art,ARTS & CULTURE
this might be humans of new yorks most moving series yet,GOOD NEWS
cristela calls out presidential candidates pandering to latino voters,LATINO VOICES
mount holyoke commencement speaker thanks activists for their disruption,COLLEGE
the sleeprevolution college tour hits over 300 college campuses,COLLEGE
how performance art questions the way we talk about gender today,ARTS & CULTURE
baby alpaca got stuck in a hole was super chill about it,GOOD NEWS
dog who was born in a shelter cant stop kissing his new baby,GOOD NEWS
a new film about motherly love leaves cliches behind,ARTS & CULTURE
condoleeza rice tells grads to find people they disagree with,COLLEGE
these vintage coloring books were around before adult coloring was cool,ARTS & CULTURE
80 african rhinos may fly to australia to escape poachers,GOOD NEWS
pit bull sees her reflection for the first time and cant stop singing,GOOD NEWS
women won in every big category at the nebula awards,ARTS & CULTURE
uc berkeley wins sleeprevolution tours biggest prize a metronaps energypod,COLLEGE
if romeo and juliet used tinder and other modern twists on classic tales,GOOD NEWS
87yearold musician dies after performing theres no business like show business,ARTS & CULTURE
a book about sex that doesnt talk down to you,ARTS & CULTURE
sweet photo of cop comforting toddler in hospital goes viral,GOOD NEWS
it only takes five minutes to show how thorny americas gun control is,ARTS & CULTURE
cory booker to gwu grads dont be cynical go beyond mere tolerance,COLLEGE
christina milian has us waiting for tonight in new lip sync battle clip,LATINO VOICES
donald trump and vladimir putin will not like this street art mural,ARTS & CULTURE
whatever you do dont try to outrun a stampede of hungry lambs,GOOD NEWS
under the gun examines both sides of the guncontrol debate even if it will only appeal to one,ARTS & CULTURE
sheryl sandberg talks about husbands death in personal commencement speech,COLLEGE
honoring our past and inspiring our future,EDUCATION
seven magic mountains grand opening desert style,ARTS
why playing with your food is good for your sex life,FIFTY
7 smartphone hacks for traveling abroad,FIFTY
why men disappear online,FIFTY
becky g recalls her diy rise to fame says financial struggles turned her to music,LATINO VOICES
nbc cancels 5 shows including eva longorias telenovela,LATINO VOICES
dog rescued from fighting gets held like a big baby now,GOOD NEWS
farewell to the toast mallory ortbergs utopia of feminist humor,ARTS & CULTURE
hello my name is depression,FIFTY
the gugulethu project from the townships of south africa to the worlds ballet stages,ARTS
can the new sfmoma turn techbros into art patrons,ARTS
giving teenagers weapons is never a solution,EDUCATION
yes you too can enjoy pleasurable postmenopausal sex,FIFTY
to be or not to be i theres the point or conversations overheard,ARTS
millennial grads refuse to let ignorance triumph,COLLEGE
baby fox who was supposed to die finds man who believes in her,GOOD NEWS
84yearold veteran graduates college with summa cum laude distinction,GOOD NEWS
veteran awakens from 48day coma asks for taco bell,GOOD NEWS
22 summer books you wont want to miss,ARTS & CULTURE
selfless cops chaperone adorable duck family through traffic,GOOD NEWS
volunteer vets test pups for lead poisoning in flint,GOOD NEWS
kitten born with twisted arms and legs finds a mom who knows shes perfect,GOOD NEWS
student missed college graduation so school held one just for her,GOOD NEWS
heres the estimated number of latino voters who could be affected by voting laws,LATINO VOICES
these zany would you rather illustrations will have you racking your brain,GOOD NEWS
women dominate turner prize shortlist,ARTS & CULTURE
wild behindthescenes photos remind us that movies are much more than magic,ARTS & CULTURE
rosario dawson carmelo anthony to be honored at national puerto rican day parade in nyc,LATINO VOICES
bartolo colon is the natural in this gloriously funny mashup,LATINO VOICES
native american tribes dedicating land food to protect monarch butterflies,GOOD NEWS
seniors decked out in graduation gear walk halls to inspire younger students,GOOD NEWS
professors are being forced to reveal sexual assault confidences like it or not,COLLEGE
new exhibit is an intimate look at frida kahlo and diego riveras relationship and careers,LATINO VOICES
linmanuel miranda would like to remind you to put your phone away,ARTS & CULTURE
rosie perez was told shhh because she was a threat to hollywood latinos,LATINO VOICES
bad news language pedants poll shows most people are cool with improper grammar,ARTS & CULTURE
lioness takes one look at rescued cub and decides to stay with him forever,GOOD NEWS
photographer documents her grandmothers illness while searching for something more,ARTS & CULTURE
military college citadel denies american muslims hijab request,COLLEGE
colleges pressured by feds to avoid asking about criminal records on applications,COLLEGE
greek man who lost job now works full time feeding those in need,GOOD NEWS
what does it mean to be latino in america today,LATINO VOICES
bill clinton tells grads to focus on the future not on getting even for the past,COLLEGE
the deeper reason trumps taco tweet is offensive,LATINO VOICES
oliver stone warns uconn grads dont get too down on yourself,COLLEGE
rita moreno raps through hamiltoninspired speech like a boss,LATINO VOICES
boy who has autism is nonverbal falls headoverheels for snow white,GOOD NEWS
ballet dancer erik cavanaugh shows grace comes in all sizes,ARTS & CULTURE
explore the blissful spirituality of southern india in gurukulam,ARTS & CULTURE
this vegetated biosphere could change the future of montreal,ARTS & CULTURE
cops go beyond call of duty after thieves steal flag honoring wwii vet,GOOD NEWS
penn state president appalled by media coverage of paterno coverup allegations,COLLEGE
store workers beautiful deed for blind girl with autism goes viral,GOOD NEWS
teacher sets her students the funnest homework assignments ever,EDUCATION
caring teens surprise their teacher with 2 kittens after her cat dies,GOOD NEWS
captive audiences,ARTS
why im sick and tired of the foodie movement,FIFTY
the phone call every pet owner dreads,FIFTY
a wales of a tale bianco at st anns warehouse,ARTS
stubborn dog throws the cutest tantrum to try and stay in the bathtub,GOOD NEWS
adorable service dog pulls the perfect pose for school yearbook photo,GOOD NEWS
rescue group wants to get kittens saved from fire off the streets,GOOD NEWS
the most important thing moms can do this mothers day,FIFTY
why ive called a moratorium on texting my kids,FIFTY
why ones resume never tells the whole story,FIFTY
the debate over whether motherhood should be considered a job,FIFTY
podcast students say we dont want to become robots,EDUCATION
dog comforts friend whos going through a tough time,GOOD NEWS
model denise bidot shares an inspiring open letter to her daughter,LATINO VOICES
9 books about the sweet and notsosweet realities of motherhood,ARTS & CULTURE
photographer mourns her lost children in touching series,ARTS & CULTURE
dog abandoned on bus finally reunited with family,GOOD NEWS
young linmanuel miranda remixing pop songs as salsa hits is swoonworthy,LATINO VOICES
beating of black iowa student investigated as a hate crime,COLLEGE
dynamic motherson duo join police force together in flint michigan,GOOD NEWS
heres an exclusive clip of adrián garcía boglianos horrorthriller scherzo diabolico,LATINO VOICES
what happens when national teacher appreciation week meets star wars day,GOOD NEWS
this 4yearold darth vader is wickedly adorable,GOOD NEWS
georgia governor vetoes guns on campus bill,COLLEGE
this superhero prom picture is goals af,GOOD NEWS
broadways best celebrate les mis and miss saigon composers,ARTS & CULTURE
this website will help you find a perfectly timed bathroom read,ARTS & CULTURE
little girl and her pit bull have been best friends since the very beginning,GOOD NEWS
instagram account highlights art historys most badass fashion moments,ARTS & CULTURE
help us track down the owners of these mysterious photos,ARTS & CULTURE
rosie perez shares the brutal truth of being a female actor of color in hollywood,LATINO VOICES
cat with crooked jaw still loves showing off her smile,GOOD NEWS
nyc premieres first latino lgbtq film festival,LATINO VOICES
university of california regent violated ethics rules review finds,COLLEGE
man builds rescue tortoise its very own jurassic park,GOOD NEWS
man teaches homeless woman to read over lunch every week,GOOD NEWS
this hoodie is specially made for avid huggers,GOOD NEWS
cat with crooked jaw has cutest quirky smile thanks to surgery tlc,GOOD NEWS
mario lopez reportedly being considered as michael strahans replacement on live,LATINO VOICES
cat reunites with his twin brother after getting lost for 3 years,GOOD NEWS
michael bloomberg slams safe spaces and trigger warnings in speech to college grads,COLLEGE
dog picks pizza over best friend and we cant totally blame him,GOOD NEWS
photos show rescued circus lions setting paw on their new home,GOOD NEWS
shelter dog who went viral for crying just met his new parents,GOOD NEWS
this is how to defy a superficially erotic world,FIFTY
my response to companies promising to help me look younger,FIFTY
how my husband rediscovered his passion for cycling after a stroke,FIFTY
first nighter st anns streetcar named desire leaves a certain amount to be desired,ARTS
could the universe be a simulation neil degrasse tyson thinks it might,FIFTY
dirty yoga mats could make you rethink your hygiene,FIFTY
opossum was too scared to even move  but someone noticed,GOOD NEWS
cops protect dove nesting on patrol car in sweetest possible way,GOOD NEWS
4 ways to become a better risk taker,FIFTY
18 random acts of kindness to spread cheer,FIFTY
how to be the change  an interview with dr thomas mcgovern,EDUCATION
people with alzheimers may still be there,FIFTY
college student launches free lawn care service to help the elderly single moms and others in need,GOOD NEWS
bakery employs exinmates to help them make tough transition into society,GOOD NEWS
man living in trailer saves enough money selling newspapers to buy home,GOOD NEWS
thank you rent from suburban teenagers everywhere,ARTS & CULTURE
cops enlist nba team to get new shoes for 7foottall homeless man,GOOD NEWS
tiny hummingbird falls in love with the dog who saved her,GOOD NEWS
billboard latin music awards  see the full winners list,LATINO VOICES
blind boy sees mom for the first time and its magical,GOOD NEWS
yale keeps residential college named after white supremacist,COLLEGE
how to get students on the autism spectrum to succeed in college,COLLEGE
uc davis chancellor linda katehi placed on leave over claims of ethics violations,COLLEGE
let this feminist punk band explain the meaning of microagressions,ARTS & CULTURE
latino children are undercounted in the nations census report,LATINO VOICES
how mentorship is helping more latino men earn college degrees,LATINO VOICES
spoken word poets recite unlikely tribute to badass abuelitas,LATINO VOICES
star wars charity initiative challenges fans to use force for good,GOOD NEWS
kittens found covered in ink are so happy to get clean,GOOD NEWS
high school senior from immigrant family got into every ivy league school,GOOD NEWS
dreamy photos of couples drifting off will remind you of the beauty of sleep,ARTS & CULTURE
commencement lineup heres who will be speaking at graduation ceremonies this year,COLLEGE
chefs stock up on unused produce to make soup for those in need,GOOD NEWS
this orphaned puppy fits purrfectly into his feline foster family,GOOD NEWS
this store is doing something unique to help shoppers with autism,GOOD NEWS
surfers hear baby whale crying and come running to help her,GOOD NEWS
5 ways to make your words more powerful,FIFTY
5 alzheimers resources every caregiver needs to know,FIFTY
everybody knows    elizabeth murray premieres at tribeca a talk with director kristi zea,ARTS
death comes for fluffy the cat,FIFTY
shelter dog has no idea his new family is waiting outside,GOOD NEWS
400 times william shakespeare totally blew our minds,ARTS & CULTURE
humans of new york honors senior dog who helped other pets find homes,GOOD NEWS
why lots of love or motivation isnt enough,EDUCATION
william kentridges greatest drawing ever unveiled along the banks of the river tiber in rome,ARTS
princes former flame sheila e mourns death of music legend thank god love lives forever,LATINO VOICES
marc anthony says the gop is just showing what theyve always been,LATINO VOICES
more people are filing to become citizens in the face of antiimmigration politics,LATINO VOICES
when a flood left people stranded this man had the perfect rescue vehicle,GOOD NEWS
church honors dearly beloved prince by putting his lyrics on sign,GOOD NEWS
warning this activity book may give you a biebergasm,ARTS & CULTURE
judge has emotional reunion with defendant she recognized as former classmate,GOOD NEWS
allfemale theater troupe tackles gender issues in shakespeares plays,ARTS & CULTURE
massachusetts unveils first us college tuition rebate program,COLLEGE
hamilton cast goes crazy with rousing tribute to prince,ARTS & CULTURE
j balvin paulina rubio & more to perform at the billboard latin music awards,LATINO VOICES
marc anthonys enduring career from east side story to i need to know to la gozadera & more,LATINO VOICES
on the frontline of brazils war with zika a mothers first question how big is the head,LATINO VOICES
surreal lighter protectors are the ultimate summer camping accessory,ARTS & CULTURE
kansas state refused to investigate sexual assaults because they happened offcampus lawsuit says,COLLEGE
a theater teacher played hamilton for a group of inmates their reaction was priceless,ARTS & CULTURE
queen yayoi kusama named one of times 100 most influential people,ARTS & CULTURE
were so excited about this saved by the bell popup restaurant,GOOD NEWS
afrolatino festival announces lineup featuring los rakas maluca and more,LATINO VOICES
nonagenarians ditch dating apps go on blind date at bookstore,GOOD NEWS
from machete kills to vegan tacos actor danny trejo opens healthy mexican eatery,LATINO VOICES
selenathemed buses roll out in corpus christi,LATINO VOICES
anyone can be a shakespearean player at this inclusive sonnet slam,ARTS & CULTURE
uc davis chancellor apologizes for trying to scrub pepper spray incident from google,COLLEGE
this pajama program brings comfy nights to kids everywhere,GOOD NEWS
abandoned mother just wanted to keep her last puppy safe,GOOD NEWS
honorary street proposed for jane the virgin star gina rodriguez,LATINO VOICES
5 new latino poetry books for national poetry month,LATINO VOICES
wilmer valderrama explains one of the major problems in this election,LATINO VOICES
watch jon stewart living his best farm life playing with his rescue pigs,GOOD NEWS
muppet version of bernie sanders is the best political art of our time,ARTS & CULTURE
dwayne the rock johnson crumbles at the sight of these baby blues,GOOD NEWS
students celebrate a classmate crushing cancer by shaving their heads,GOOD NEWS
artist gives hieronymus boschs classic triptych a feminist makeover,ARTS & CULTURE
university apologizes for telling the wrong students theyd been accepted,COLLEGE
the truth about the stolen pop icons by andy warhol,ARTS & CULTURE
teens taco bellthemed senior photos will inspire you to live más,GOOD NEWS
college paper ad warns prospective students that rape could be part of the price of admission,COLLEGE
little boy blames lipstick scribble on batman and its hard not to believe him,GOOD NEWS
a dirty cop and the innocent man he framed are now bffs,GOOD NEWS
how the teacher shortage could turn into a crisis,EDUCATION
testdriven teacher evaluations strike out,EDUCATION
how we talk about race,EDUCATION
stray dog collapses when someone finally comes to help her,GOOD NEWS
justin trudeau gives snarky reporter a lesson in quantum computing,GOOD NEWS
youve never loved anything like this fox cub loves his stuffed bunny,GOOD NEWS
assessing our children to death,EDUCATION
elephants come running when they hear their favorite person calling,GOOD NEWS
littlest gentleman rushes to shake hands with military members,GOOD NEWS
california lawmakers want uc davis chancellor to resign,COLLEGE
why gina rodriguez wants to show shes flawed on social media,LATINO VOICES
these are the college campuses dotted with hateful protrump graffiti,COLLEGE
few latino kids attend catholic schools  heres why,LATINO VOICES
kids who just met become bffs teach us all a lesson in love,GOOD NEWS
for 10 new york city students see hamilton and rap for linmanuel miranda,LATINO VOICES
wear your heart all over your sleeve thanks to this custom literary swag,ARTS & CULTURE
trojan condoms is on a national consent campaign on college campuses,COLLEGE
michelle obama gave sasha and malia some great college advice,COLLEGE
how students decorated their dorm rooms in,COLLEGE
ny public library spotlights latino writers for national library week,LATINO VOICES
angry birds feathers ruffled over climate change so theyre going green,GOOD NEWS
forget twitter this app provides you with a reallife follower,ARTS & CULTURE
tribeca film festival documentary showcases freed prisoners harsh return to society,ARTS & CULTURE
nonprofit provides free medical care for homeless peoples pets,GOOD NEWS
girls and boys outraged by wage gap for chores give us hope for future,GOOD NEWS
sleeprevolution college tour gets students thinking about zzzs,COLLEGE
truck driver stops in the rain to save dead cat  then adopts him,GOOD NEWS
stanford refuses call for a new sexual assault survey,COLLEGE
a new yorkers guide to getting outside and seeing art this spring,ARTS & CULTURE
raw portraits capture the range and beauty of trans masculinity,ARTS & CULTURE
homeless dogs are scared of being rescued  until they realize theyre going together,GOOD NEWS
what people on campus are saying about huffposts college sleep tour,COLLEGE
super dad sells beloved comics to zap daughters college payments,GOOD NEWS
its and latino representation on tv is finally starting to reflect reality,LATINO VOICES
painting found in french attic is 137 million caravaggio say experts,ARTS & CULTURE
inflatable truth booth will let americans vent about this crazy election,ARTS & CULTURE
san antonio fires school police officer seen slamming girl in video,LATINO VOICES
a disproportionate share of blacks and latinos lose their drivers licenses because of unpaid tickets study finds,LATINO VOICES
4yearold saves his mothers life with quick thinking,GOOD NEWS
neighbors give heartwarming sendoff to wwii vet who died with no family or friends,GOOD NEWS
chita rivera looks back on her storied career at new yorks café carlyle,ARTS & CULTURE
85yearold navy veteran takes up new hobby taps his way into our hearts,GOOD NEWS
black and latina hs soccer players upset by offensive trump chants,LATINO VOICES
why hamilton matters,ARTS & CULTURE
sanitation workers save kittens from trash get dubbed sexiest dudes ever,GOOD NEWS
the surprise that comes in a packet of seeds,FIFTY
todays proms are as elaborate and costly as a small wedding,FIFTY
what it takes to be an asian female hiphop dancer and choreographer,ARTS
the real housewife of century scotland,ARTS
el hombre de los ocho sentidos,LATINO VOICES
this latina mom supports cas proposed soda tax,LATINO VOICES
adrian lester best robert in stephen sondheims company,ARTS
rescued baby fox loves taking naps with his stuffed bunny,GOOD NEWS
watch this babys ridiculously cute reaction to seeing his mom clearly for the first time,GOOD NEWS
hero cops crawl through drainage system to rescue fox cub,GOOD NEWS
eileen soon the future of special education is exciting if we dare to reimagine it,EDUCATION
actor billy eichner sets sight on ever variety sketch series emmy award,ARTS
christo and jeanneclaude water projects video,ARTS
the garden of new york why the lower east side is different,ARTS
how do asian americans advocate for equality without throwing other people of color under the bus,EDUCATION
linmanuel miranda celebrates immigrants in acceptance speech for kennedy prize,LATINO VOICES
photo of cop helping man who was hungry shows law enforcement at its finest,GOOD NEWS
colombias highest court paves way for marriage equality in surprise ruling,LATINO VOICES
monkey was trapped between two buildings for 25 years,GOOD NEWS
cookie monster is his best zaniest self in this apple clip,GOOD NEWS
yale could rename calhoun college why hasnt it made a decision yet,COLLEGE
minutes away from the port of los angeles artists conjure utopian visions of labor,ARTS & CULTURE
instant podcast recommendations from the streets of new york,ARTS & CULTURE
the bottom line the history of great things by elizabeth crane,ARTS & CULTURE
why the huffington post is going on a sleep tour on college campuses,COLLEGE
7 people got totally tonguetied after trying spanish tongue twisters,LATINO VOICES
the ugly betty reunion of your dreams is happening this summer,LATINO VOICES
liveblogging the sleeprevolution college tour,COLLEGE
they heard crying underground and refused to ignore it,GOOD NEWS
two giant dogs lose a tugofwar battle to a teeny tiny dachshund,GOOD NEWS
a hamilton skeptic on why the show isnt as revolutionary as it seems,ARTS & CULTURE
wilmer valderrama on why developing diverse tv pilots isnt good enough,LATINO VOICES
more berkeley professors shown to have violated sexual misconduct policy,COLLEGE
bodybuilder shares anorexia struggle to urge others with eating disorders to seek help,GOOD NEWS
orphaned buddies in africa adopted by families in same arizona town,GOOD NEWS
bolshoi ballerina discusses which ballet is like champagne,ARTS & CULTURE
massachusetts principal sticks to her promise of kissing a pig for her students,GOOD NEWS
selena gomez developing new tv show described as a latina empire based on life of real teen,LATINO VOICES
uvas jackie from discredited rolling stone article to be deposed in lawsuit,COLLEGE
george mason tweaks scalia law school name over unfortunate assol acronym,COLLEGE
jojo the dog comforts kids at dentist makes appointments less ruff,GOOD NEWS
this sleepy shelter dog is always busy nappin during adoption visits,GOOD NEWS
cops gently remove duct tape from poor dogs head,GOOD NEWS
jessica alba explains why her daughters may not easily identify themselves as latinas,LATINO VOICES
columbia students protest sculpture for being too dang ugly,ARTS & CULTURE
puppies invaded a retirement home preschool and gym pure bliss ensued,GOOD NEWS
teen who has autism shares how an ipad let his voice be heard,GOOD NEWS
video explores which age is the best time to be alive,GOOD NEWS
this program is using music and dance to help kids learn foreign languages,GOOD NEWS
british museum urged to sever ties with bp,ARTS & CULTURE
princeton wont distance itself from woodrow wilson,COLLEGE
how one tiny vermont college is taking on big agriculture,COLLEGE
school kids combat loneliness by taking a seat on buddy bench,GOOD NEWS
chief wombat cuddler sounds like the sweetest job in the world,GOOD NEWS
search underway after disneyland guest with autism drops lanyard while collecting pins,GOOD NEWS
selfless playstation worker customizes controller for gamer with cerebral palsy,GOOD NEWS
stage door dry powder the star keeper,ARTS
arizona and north carolina election day debacles make case for restoring the voting rights act,LATINO VOICES
the revolution will not be compromised,ARTS
teacher pipeline still drying up,EDUCATION
they gave a sick puppy a peaceful place to die  but she lived instead,GOOD NEWS
how one cat went from the kill list to being the mayor in his new home,GOOD NEWS
teens touching napkin note helps police officers through dark days,GOOD NEWS
the vitality of collegiate recovery,EDUCATION
note to asian americans stop saying americans as if you are not one,EDUCATION
rené pérez addresses puerto rico issues and calls for release of oscar lopez rivera at bernie sanders rally,LATINO VOICES
adorable girl asks cops to get police cats as companions to police dogs,GOOD NEWS
the bottom line undone by john colapinto,ARTS & CULTURE
photographer captures the secret feminist utopia of dog sledding,ARTS & CULTURE
bighearted police officer teaches homeless girl how to play hopscotch,GOOD NEWS
cat who stole dog food from garage gets caught  in doggy door,GOOD NEWS
the lavish legacy of oscar de la renta lives on,ARTS & CULTURE
restaurant teaches former inmates to cook helps them get back on their feet,GOOD NEWS
planned parenthood protesters take the spotlight in eerie street photos,ARTS & CULTURE
breaking teen talk is totally not ruining language,ARTS & CULTURE
photo of seal cheesin for the camera wins photography contest,GOOD NEWS
god is a woman in previously forgotten feminist exhibit the sister chapel,ARTS & CULTURE
woman who owned dr pepper twitter handle bribes company in best deal ever,GOOD NEWS
dear artists detroits abandoned homes are more than your blank canvas,ARTS & CULTURE
leonardo dicaprio hangs with elephant posse to help save endangered species,GOOD NEWS
video presents latinos as dealers and killers then takes a surprising turn,LATINO VOICES
hilarious video shows that portuguese and spanish arent as similar as people think,LATINO VOICES
meet the brilliant pianist behind martin scorseses upcoming biopic,ARTS & CULTURE
a woman saw hungry people digging in her restaurants trash so she put a fridge outside,GOOD NEWS
the first images of the fully illustrated harry potter and the chamber of secrets are here,ARTS & CULTURE
the most intersectional vida count yet paints a troubling picture,ARTS & CULTURE
colorful architecture because you dont need rain for a breathtaking rainbow,ARTS & CULTURE
hamster spends his final days on the best adventures,GOOD NEWS
photographers food scrap masterpieces turn trash into treasure,GOOD NEWS
man fulfills vow he made in grade to pay off grandparents mortgage,GOOD NEWS
our poet laureate is trying to find americas voice in a crowdsourced poem,ARTS & CULTURE
harper lee burns donald trump from beyond the grave in letter comparing taj mahal casino to hell,ARTS & CULTURE
jane the virgin narrator creates a hero for latinos who feel trapped in a conservative culture,LATINO VOICES
name these birds national arboretum asks for help naming eaglets,GOOD NEWS
would you buy a 1433pound meteorite for 11 million,ARTS & CULTURE
your favorite museums are sharing their deep dark secrets on twitter,ARTS & CULTURE
antitrump street art reminds us there is still some good in this world,ARTS & CULTURE
these latinos are among the worlds greatest leaders,LATINO VOICES
2 prisons hold water drive for flint and collect 29000 bottles,GOOD NEWS
a bird lands on bernie sanders podium and a disney princess meme takes flight,GOOD NEWS
photographer assumes endless identities in her mothers clothes,ARTS & CULTURE
spot the easter egg among the bunnies in this new viral puzzle,ARTS & CULTURE
stranger turns womans epic photoshopped vacation into reality,GOOD NEWS
you should probably follow the mushroom ninja on instagram,ARTS & CULTURE
the 3 keys to building immediate rapport in a job interview,FIFTY
what childrens books are getting wrong when it comes to grandparents,FIFTY
why we should view aging as an art form,FIFTY
evolution of a giant larry young in paris the ortf recordings,ARTS
actors equity and the battle for la theater,ARTS
the nra finally makes fairy tales childfriendly by adding guns,ARTS & CULTURE
watch detroit neighborhoods fall into ruin through google street view images,ARTS & CULTURE
be an outsider be a hero,ARTS
finding new horizons for korea in its past the cultural pioneering of jin yong lee,ARTS
rescued lion has been obsessed with blankets since he was a baby,GOOD NEWS
internet charmed by viral photo of teen working to pay for first real date,GOOD NEWS
these prints made by mexican women artists are hauntingly beautiful,ARTS & CULTURE
vampire cat charms internet with fangtastic look finds forever home,GOOD NEWS
uc berkeley announces another sexual assault task force and a review board for sanctions,COLLEGE
popup magazine is a heretoday gonetomorrow experiment in storytelling,ARTS & CULTURE
it just got easier for detroit students to pay for college,COLLEGE
gloria estefans mother is the rap sensation you didnt know you needed,LATINO VOICES
photographer documents people kissing in public spaces around the world,ARTS & CULTURE
after she swam for her life to greece syrian refugee now olympic hopeful,GOOD NEWS
gentle people of the internet here is your chance to be in hamilton,ARTS & CULTURE
one of the worlds greatest living artists snags herself a husband that is also a rock,ARTS & CULTURE
a painter is recreating an archive of every animated disney frame ever made,ARTS & CULTURE
the tragic death of alejandro nieto and san franciscos gentrification,LATINO VOICES
peechaya burroughs instagram art is perfect minimalist fun,ARTS & CULTURE
latina business owner faces death threats for appearing onstage at donald trump rally,LATINO VOICES
latino immigrants pursue citizenship to vote against trump,LATINO VOICES
malia obama helps translate for her father during first familys trip to cuba,LATINO VOICES
beyoncé casts flawless model with muscular dystrophy as new campaign face,GOOD NEWS
kmart keeps it inclusive by featuring models with disabilities,GOOD NEWS
prince harry visits nepal earthquake victims who are still living in tents,GOOD NEWS
viral photo of cop and woman with dementia shows sensitive side of police work,GOOD NEWS
teen lands restaurant job after catching robber during interview,GOOD NEWS
4 of the most powerful latino performances from the passion,LATINO VOICES
spring is here webcam captures baby eagles hatching in dc,GOOD NEWS
will charters really try to replace suspensions with winwin alternatives,EDUCATION
why more americans should study abroad,COLLEGE
10 mistakes to avoid when visiting a person who has alzheimers,FIFTY
celebrate the 400th anniversary of shakespeares death in style,ARTS & CULTURE
pregnant dog works it in her very own maternity photo shoot,GOOD NEWS
adorable boy begs his mom not to cook a chicken in touching video,LATINO VOICES
how a forprofit college targeted the homeless and kids with low selfesteem,EDUCATION
youll want to applaud this chinese opera and marvel character mashup,GOOD NEWS
navy finds missing dog on island  5 weeks after she vanished at sea,GOOD NEWS
this supermarket offered a dad of 3 a job after he was busted shoplifting,GOOD NEWS
this startup helps latino businesses get funding,LATINO VOICES
latina women on tv from leading roles to behindthescene credits,LATINO VOICES
centenarian who danced at the white house cuts a rug with harlem globetrotters,GOOD NEWS
after woman paid for mans groceries he thanked her with 10000 donation,GOOD NEWS
11 feminist art history emojis we wish were real,ARTS & CULTURE
ladies rooms around the world intimately captures women behind the scenes,ARTS & CULTURE
homeless man awarded 100000 for helping capture 2 fugitives,GOOD NEWS
bertha cáceres my mothers is not the first assassination i dont want another,LATINO VOICES
gael garcia bernal gregory nava among new diversity academy appointees,LATINO VOICES
lizzie velasquez on how she turned others hate into selflove,LATINO VOICES
state trooper comes to the rescue of stranded superheroes,GOOD NEWS
a complete stranger paid this mans 2000 car bill no questions asked,GOOD NEWS
without this texas clinic women with unwanted pregnancies would have to travel 230 miles or cross into mexico,LATINO VOICES
dog brothers cant get enough of their new duckling siblings,GOOD NEWS
neither painting nor disco is dead and heres the art show to prove it,ARTS & CULTURE
uks largest grocer announces all stores will donate surplus food to charity,GOOD NEWS
shelter dog cant contain her excitement about getting adopted,GOOD NEWS
hundreds of bikers deliver moving tribute for boy who loved motorcycles,GOOD NEWS
the 4 very best albums to do your taxes by,FIFTY
a sane take on the craziness that is the gop presidential race,FIFTY
what the loss of our family dog taught me about gratitude,FIFTY
man dives into flash flood fills his boat up with animals,GOOD NEWS
teddy bear population makes an awesome recovery,GOOD NEWS
paul nungessers suit against columbia over mattress protest is dismissed,COLLEGE
why pinterest is totally addictive  and how to use it to your benefit,FIFTY
3 ways to mitigate the cost of long term care,FIFTY
how to get the best photos of the northern lights,FIFTY
a hack for improving high school combine it with college and career,EDUCATION
the overselling of ed tech,EDUCATION
nuns on the pun an interview with disasters jennifer simard,ARTS
survivors of michael vicks fighting ring grow old and happy,GOOD NEWS
pancakebot makes it appropriate to play with your food,GOOD NEWS
meet sassyblack the queer soul singer who has no time for lame dates,ARTS & CULTURE
adorable dogsized rescue rabbit finds his forever home and gets a cute new name to boot,GOOD NEWS
orphaned baby kangaroo thinks cop is its mom hops into his pouch,GOOD NEWS
latino poets honor civil rights leader dolores huerta at smithsonian,LATINO VOICES
best school day,EDUCATION
krappy kamera awards prove even lofi tools can make great art,ARTS & CULTURE
watch jennifer lopez strike a pose as selena in 90s photo shoot,LATINO VOICES
everythings coming up roses with temporary tats that smell like flowers,GOOD NEWS
the painter who hears sound in color,ARTS & CULTURE
melissa click appeals her firing from mizzou,COLLEGE
womans painfully ironic photo highlights the reality of homelessness,ARTS & CULTURE
girl scouts prove theyre smart cookies use leo dicaprio to sell thin mints,GOOD NEWS
more latinos seek citizenship to vote against trump,LATINO VOICES
this instagram artist is the bob ross of mixing paints,ARTS & CULTURE
101 artists you should remember this international womens day,ARTS & CULTURE
college adds new spin to studying installs exercise bikes in library,GOOD NEWS
historical fiction gets no respect  heres why it should,ARTS & CULTURE
instead of taking a selfie with this shark he saved him,GOOD NEWS
can a 3yearold represent herself in immigration court this judge thinks so,LATINO VOICES
when a grumpy baby hears jackson 5s abc his mood changes in 1 2 3,GOOD NEWS
this popup museum chronicles the history of reproductive rights in america,ARTS & CULTURE
restaurant reacts perfectly to diners who were rude to employee with autism,GOOD NEWS
white walker creates stunning game of thrones snow art,ARTS & CULTURE
high school janitor wows with sam cooke classic at orchestra recital,GOOD NEWS
see the fiery eruption of ecuador volcano,LATINO VOICES
cops rock out in patrol car to journeys dont stop believin,GOOD NEWS
why ive reconsidered my decision not to vote in this years election,FIFTY
what i wish id learned about housekeeping,FIFTY
firefighter pulls puppy from flames then changes his life forever,GOOD NEWS
pat conroy author of prince of tides dead at 70,ARTS & CULTURE
living a marriage and raising kids in two languages,FIFTY
asian americans need to own their identities and start standing up for themselves,COLLEGE
neighbors saw dog freezing to death and knew what they had to do,GOOD NEWS
a catalogue of wonderfully useless ideas highlights the power of imagination,ARTS & CULTURE
glaad to present demi lovato with vanguard award,LATINO VOICES
texas a&m student who allegedly taunted black high school kids has left campus,COLLEGE
gina rodriguez aims to empower young women through the arts,LATINO VOICES
police officer and toddler take cutest twinning photo,GOOD NEWS
this theatre group performs shakespeare only drunker,ARTS & CULTURE
5 things all louise rennison fans know to be true,ARTS & CULTURE
donations pour in to help 106yearold who danced with the obamas at the white house,GOOD NEWS
can virtual reality make us better people,ARTS & CULTURE
a selfless chef won a reality game show and used the prize money to feed his community,GOOD NEWS
officer thanks the rock for support during parents cancer treatment,GOOD NEWS
till it happens to you a capella covers are going to give you chills,COLLEGE
both parties can agree trumpyourcat is the best thing about election season,GOOD NEWS
try not to lose yourself in this adorable cats gigantic eyes,GOOD NEWS
couple opens their hearts and home turns yard into homeless camp,GOOD NEWS
this oscarwinning short film is a beautiful homage to online dating,ARTS & CULTURE
where latino voters stand on abortion according to new survey,LATINO VOICES
are the oscars finally getting with the times,ARTS & CULTURE
video of vet technician comforting rescue pit bull after surgery goes viral,GOOD NEWS
this dog has the most adorable brace face youll ever see,GOOD NEWS
its time to stop thinking about weight loss as a fairy tale ending,ARTS & CULTURE
cat endures 8mile ride stuck in car bumper walks away like its nbd,GOOD NEWS
francis upritchards exotic artifacts from an alternate universe,ARTS
is it real or is it memory,ARTS
are publicly funded charter schools accountable to parents and taxpayers apparently not,EDUCATION
womans very clever tattoo reminds people shes deaf in one ear,GOOD NEWS
ridiculously cute coyote pups rescued from storm drain,GOOD NEWS
brownribboncampaign reminds us oscar diversity isnt just black and white,LATINO VOICES
kitty saved from nyc subway seeks express ride to a new home,GOOD NEWS
middlebury bans energy drink sales citing link to highrisk sex,COLLEGE
25 times white actors played people of color and no one really gave a st,LATINO VOICES
la phils long journey with pelléas et mélisande a glowing success,ARTS
title ix official resigns after being accused of sexual assault,COLLEGE
pet groomer gives senior dogs makeovers so theyll get adopted,GOOD NEWS
heroic woman invents a boozeinspired workout you cant wine about,GOOD NEWS
7 networks for latina professionals or entrepreneurs,LATINO VOICES
a photographer and his husband challenge wedding photo stereotypes,ARTS & CULTURE
now theres a damn daniel song and its as fresh as his white vans,GOOD NEWS
when woman with down syndrome got stage fright her friend came to the rescue,GOOD NEWS
this guy walks in snow to create amazing giant murals,ARTS & CULTURE
most latinos dont believe they need to be able to do this to be latino,LATINO VOICES
tattoo artist spends day off inking survivors of domestic violence selfharm for free,GOOD NEWS
artist plays music on behalf of homeless drums up donations,GOOD NEWS
hamilton wins kennedy prize for historical drama,LATINO VOICES
the moment she realizes her life is about to get so much better,GOOD NEWS
illustrations let you turn aggravating coffee stains into works of art,GOOD NEWS
photographers from 186 countries compete in worldwide competition,ARTS & CULTURE
hey mark zuckerberg women write important books too,ARTS & CULTURE
bikers wild routes will put your soulcycle workouts to shame,GOOD NEWS
rebelling against borders one artist is painting over immigration papers,ARTS & CULTURE
retirement survey finds 60 of retirees lack proper funds,FIFTY
ridiculously cute fox cub grows up before our very eyes,GOOD NEWS
umberto eco dead at 84 italian philosopher wrote the name of the rose,ARTS & CULTURE
remembering scout the real hero of harper lees to kill a mockingbird,ARTS & CULTURE
unique job for teens leads to fullride college scholarships,COLLEGE
the best way to explore italy solo,FIFTY
harper lees death mourned by readers celebs and the literary world,ARTS & CULTURE
quickthinking 5yearold saves blind grandmother from burning home,GOOD NEWS
uwwhitewater chancellor reprimands students after mistaking skincare product for blackface,COLLEGE
the fight over immigrant workers heads to dairy farms,LATINO VOICES
mom writes touching letter to son who has been missing for 26 years,GOOD NEWS
artist creates leadinfused tribute to governor who oversaw flint crisis,ARTS & CULTURE
this 300 3d printer makes toy design childs play,GOOD NEWS
chimp abandoned on island welcomes rescuers with open arms,GOOD NEWS
watch an 85yearold ring in her birthday by making a snow angel,GOOD NEWS
guy made the perfect gift for his chickfilaloving girlfriend this valentines day,GOOD NEWS
netflix and chill with harry potter characters in this illustrated series,ARTS & CULTURE
8 books to help you celebrate the return of broad city,ARTS & CULTURE
what would you do to spend valentines day with a bachelor star,ARTS & CULTURE
cops thoughtful gesture for grocery store worker goes viral,GOOD NEWS
amazing vet eats breakfast with a neglected pit bull,GOOD NEWS
cupid cop gave out roses cards on valentines day instead of tickets,GOOD NEWS
surreal photos reclaim the words people use to insult women,ARTS & CULTURE
these startups want to create college media powerhouses,COLLEGE
purdue university staffer quits amid furor over rape threat claim,COLLEGE
outdated pell rules may discriminate against lowincome students,COLLEGE
cops compassionate act for homeless woman before snow storm goes viral,GOOD NEWS
one artists magical obsession with creating secret friends,ARTS & CULTURE
mizzou chancellor condemns verbal assault by melissa click during homecoming parade,COLLEGE
ai weiwei commemorates drowned refugees during berlin film festival,ARTS & CULTURE
homeless woman and her fluffy dog foil cosmetics store burglary,GOOD NEWS
not the disruption we need,COLLEGE
hank aaron swinging for social justice,EDUCATION
every girl at this high school got a flower for valentines day,GOOD NEWS
students move teacher to tears with his first birthday cake in years,GOOD NEWS
this wobbly kitten wants to stumble straight into your heart,GOOD NEWS
the bottom line shylock is my name by howard jacobson,ARTS & CULTURE
behold the first artwork depicting two people making sweet love,ARTS & CULTURE
i finally found the love of my life at age 52,FIFTY
60 women share their advice for surviving divorce after 60,FIFTY
how i really feel about turning 75,FIFTY
ny fashion week designer champions afrolatinos during black history month,LATINO VOICES
wheelchair turns boy with cerebral palsy into skate park superstar,GOOD NEWS
some books just arent made to be adapted for the screen and thats ok,ARTS & CULTURE
two latinas at forefront of historic science discovery,LATINO VOICES
artist pays latino day workers hourly wage to sit for a portrait,ARTS & CULTURE
robert downey jr gives boy with cystic fibrosis a surprise fit for a superhero,GOOD NEWS
watch sofía vergara adorably struggle to remember one key us fact,LATINO VOICES
eva longoria gets low on lip sync battle,LATINO VOICES
maná announces latino power tour urges us latinos to vote,LATINO VOICES
family recreates favorite photo as moving tribute to dying dog,GOOD NEWS
why sororities are creating campaigns to challenge stereotypes,COLLEGE
social media reunites homeless man with family he hasnt seen in 40 years,GOOD NEWS
the one thing shakira wanted changed about her disney character,LATINO VOICES
report number of latino voters tripled in new hampshire since,LATINO VOICES
adventurous panda cub needs moms help getting down from tree,GOOD NEWS
actor saul williams says linmanuel mirandas hamilton is extraordinary,ARTS & CULTURE
fallout continues in student conduct groups sexual assault case,COLLEGE
college president fires professors who criticized his drown the bunnies comment update,COLLEGE
why do we laugh at kanye wests anger,ARTS & CULTURE
alejandro gonzález iñárritu on donald trump and immigration at the dga awards,LATINO VOICES
teen with rare form of dwarfism forgoes gifts wants to help kids in hospital instead,GOOD NEWS
internet flips over college gymnasts almost perfect routine,LATINO VOICES
professor to part ways with college over comments about islam,COLLEGE
carolina panthers coach ron rivera has charlottes latino community fired up,LATINO VOICES
marc anthony slams trump during new york city concert,LATINO VOICES
puppy bowl  puppies play their hearts out in doggone adorable match,GOOD NEWS
what im doing now that im staring down the barrel of 60,FIFTY
5 reasons to sit down and write a bucket list  now,FIFTY
sick sea lion pup rescued after showing up in restaurant booth,GOOD NEWS
the director of hbos new james foley documentary on making a movie about his childhood pal,ARTS & CULTURE
why its the thought that counts is an outdated phrase,FIFTY
looking for mr right this is why you should stop,FIFTY
how aphasia helped me communicate with my mother,FIFTY
now you can look tipsy before youre drunk with an upside down wine glass,GOOD NEWS
higher education group roiled by sexual assault claim against board member,COLLEGE
a joyous jumpsuitfilled instagram to fight your fear of aging,ARTS & CULTURE
kids with disabilities become superheros by designing their own prosthetics,GOOD NEWS
watch 50 people find out theyre going to super bowl 50,GOOD NEWS
beforefacebooki hashtag reminds us what life was like before social media,GOOD NEWS
obama to young muslims on historic trip to us mosque you fit in right here,GOOD NEWS
cop babysits girl while dads in court shows what being a police officers all about,GOOD NEWS
the bottom line the lost time accidents by john wray,ARTS & CULTURE
oitnb star diane guerrero wants you to help fight against deportation,LATINO VOICES
floating library proves books should be shared in improbable places,ARTS & CULTURE
america ferreras response to reporters tone deaf question will make you cheer,LATINO VOICES
leaked racist emails reveal toxic culture at university of chicago fraternity,COLLEGE
heres what witchcraft can teach us about feminism,ARTS & CULTURE
skiing nuns make winter so much more awesome,GOOD NEWS
runaway goat search for university research animal enters fifth day,COLLEGE
strangers rally to save pit bull who was dragged behind a truck,GOOD NEWS
a town is getting its first police dog in 20 years thanks to a 5yearold boy,GOOD NEWS
prince harry helps woman in wheelchair who fell proves again hes pretty darn perfect,GOOD NEWS
sticker kid photobombs hillary clinton at iowa caucus wins the night,GOOD NEWS
america ferrera we need solidarity for social justice,LATINO VOICES
photos of men with bubble beards show masculinity is fragile too,ARTS & CULTURE
college students are listing their dorms on airbnb and getting in trouble for it,COLLEGE
the corgi fan art that will melt your pop cultureloving heart,ARTS & CULTURE
the quirkiest meet cutes of pop culture history illustrated,ARTS & CULTURE
nurse brought the magic of snow to kids in hospital who cant go outside,GOOD NEWS
artist makes exhibit out of thousands of pb&js as tribute to moms packed lunches,GOOD NEWS
jazz genius vijay iyer had to fight the model minority myth too,ARTS & CULTURE
university of delaware police release drake parody copline bling,COLLEGE
why id rather be 50 than 25 and maybe even 30,FIFTY
what i learned working as an accountant in the porn industry,FIFTY
veteran ping pong  cut the crap,FIFTY
what i miss about tv in the 1970s,FIFTY
in boston student mbta passes are an equity issue,COLLEGE
im going to keep smiling,FIFTY
postinternet to protointernet how has the digital age affected art,ARTS
how a homestay will make your experience abroad richer,COLLEGE
swearing an oath  part 1,EDUCATION
step inside salvador dalis surreal paintings with trippy vr video,ARTS & CULTURE
the most haunting version of adeles hello so far,ARTS & CULTURE
9 valentines day gifts for ski enthusiasts,FIFTY
why ecuador will always be the ultimate retirement haven,FIFTY
stunning works of macro photography ask you to look closer,ARTS & CULTURE
stunning font collection reflects the fleetingness of memory,ARTS & CULTURE
quasimodo a rescue pup with a hunched back now has a happy foster home,GOOD NEWS
oscar movies reimagined as winnie the pooh win all our votes,GOOD NEWS
worker rescues stranded pup after spotting her on highway traffic camera,GOOD NEWS
gina rodriguez offers golden globes dress to fan for high school prom,LATINO VOICES
things turn sour when americans taste latin fruits for the first time,LATINO VOICES
payitforward pizza movement uses postit notes to feed the hungry in nyc,GOOD NEWS
mizzou professor who called for muscle against student reporter suspended,COLLEGE
painter vanessa prager talks beauty and makeup and art too,ARTS & CULTURE
forget valentines lets all send hamiltines instead,ARTS & CULTURE
kindhearted handyman fixes military wifes furnace for free,GOOD NEWS
an ode to dana scully an inspiration to hardnosed women everywhere,ARTS & CULTURE
teen with autism didnt think he could be a barista then he started dancing,GOOD NEWS
these mesmerizing circular panoramas will send you for a loop,ARTS & CULTURE
nurse who trekked through winter storm jonas to work is definition of dedication,GOOD NEWS
selftaught teen pianist gives stunning public performance,GOOD NEWS
soon you can read beatrix potters lost story about a black cat,ARTS & CULTURE
mizzou chancellor says hes not going to rush to fire melissa click,COLLEGE
this calendar is redefining what it means to be malcriada,LATINO VOICES
how a colombian artist got to know his mother through photography,ARTS & CULTURE
watch heroic drivers rescue 2 scared dogs dashing down freeway,GOOD NEWS
what are states going to do to make higher ed more affordable,COLLEGE
lets try to categorize all the new podcasts were excited about,ARTS & CULTURE
pop cultures housewife problem explored,ARTS & CULTURE
these dudes built an igloo during the blizzard and listed it on airbnb,GOOD NEWS
selfless homeless man helps strangers stuck in snow during winter storm jonas,GOOD NEWS
fsu settles lawsuit over jameis winston rape allegations,COLLEGE
the feminist babysitter is here to watch your kid and dismantle the patriarchy too,ARTS & CULTURE
jimmy fallon donates 10000 to flint asks 10 friends to match him,GOOD NEWS
strangers made sure this homeless man and his dog stayed warm during blizzard,GOOD NEWS
stanford has a trust problem when it comes to sexual assault,COLLEGE
this medical schools effort to help dreamers could benefit entire communities,LATINO VOICES
a valuable checklist for those seeking assisted living,FIFTY
finding a modicum of normalcy 5 months after losing my spouse,FIFTY
painting feminism,ARTS
cow gets second chance after escaping from slaughterhouse,GOOD NEWS
these paddle boarders may be luckier than the powerball winners,GOOD NEWS
constance mallinsons free painting experiment and its unexpected result,ARTS
cats pounces on broadway once again,ARTS & CULTURE
latino millennials have the power so why dont they use it,LATINO VOICES
professor says she was fired unconstitutionally for cursing,COLLEGE
cop steps in to sing national anthem when performer cant make it slays in uniform,GOOD NEWS
driver exits bus to help elderly woman moves internet with his compassion,GOOD NEWS
firefighters spontaneous act of kindness for homeless man goes viral,GOOD NEWS
what makes a first kiss so great one artist tried to find out,ARTS & CULTURE
juanes jane the virgin producer to develop bilingual tv series,LATINO VOICES
how one author used twitter to write a thrilling choose your own adventure story,ARTS & CULTURE
wow these 13 tiny pencil sculptures are truly magnificent,ARTS & CULTURE
these 100000 school children face airportstyle security screening every day,EDUCATION
star wars and winnie the pooh mashup is truly the best of both worlds,GOOD NEWS
obama administration wants to expand the pell grant program by 2 billion,COLLEGE
whiteness history month stirs up controversy at oregon college,COLLEGE
these girl scouts want something done about flints water crisis,GOOD NEWS
these affectionate doggie pals will make you wanna hug your bff,GOOD NEWS
bard college now facing 3 federal complaints over sexual assault,COLLEGE
stop giving new york transplants all the credit for detroits art scene,ARTS & CULTURE
hillary clinton gets very little support on yik yak during democratic debate,COLLEGE
darth vader stormtroopers surprise boy with new prosthetic arm,GOOD NEWS
formerly homeless man who went viral for golden voice gets radio station gig,GOOD NEWS
scholastic pulls childrens book about george washington and his slaves after outcry,ARTS & CULTURE
shelter chihuahua begs for a home in moving photos,GOOD NEWS
resourceful students turn old plastic bags into sleeping mats for homeless,GOOD NEWS
newborn mountain lions hiss and purr for the camera during discovery,GOOD NEWS
these playful pictures of toy figures pose serious questions,ARTS & CULTURE
the bottom line the past by tessa hadley,ARTS & CULTURE
watch this boys reunion with his lost dog and try not to cry,GOOD NEWS
adorable mini donkey with prosthetic leg is loving life,GOOD NEWS
testing the teacher,EDUCATION
the utmost beauty of atomos company wayne mcgregor,ARTS
12 great reasons to study abroad,COLLEGE
umd reviewing study that suggests chocolate milk can help football players who had concussions,COLLEGE
people are complaining to the wrong wheaton college,COLLEGE
how the art community is helping a nonprofit bring homemade food to those in need,ARTS & CULTURE
millionaire offers to house texas tornado victims for a dollar a month,GOOD NEWS
the moment this boy reunited with his lost puppy will make you melt,GOOD NEWS
celia cruz to be honored with grammy lifetime achievement award 13 years after her death,LATINO VOICES
america ferrera and eva longoria reveal who wrote their golden globes bit,LATINO VOICES
lack of play spaces for latino kids increases obesity risk,LATINO VOICES
la dance crew brings hiphop and smiles to kids in hospital,GOOD NEWS
watch this adorable french bulldog wake up his owner,GOOD NEWS
can reality be spoiled,ARTS & CULTURE
aristocracy or meritocracy just 3 percent of kids at top colleges are lowincome,COLLEGE
ithaca college president announces retirement after campus protests,COLLEGE
this 80s pop stars daughter nailed her american idol audition,LATINO VOICES
meet the feminist comedians who use rage and tears as their weapons,ARTS & CULTURE
alejandro g iñárritu pities donald trump for his antiimmigrant rhetoric,LATINO VOICES
homeless couples love story leads to 20000 in wedding donations,GOOD NEWS
cashiers sweet act moves mom whose toddler has down syndrome,GOOD NEWS
let these masked feminists explain how depressing gender inequality in art is,ARTS & CULTURE
uvas jackie must turn over documents related to rolling stone rape story,COLLEGE
after k9s death internet raises money to get police dogs new bulletproof vests,GOOD NEWS
america ferrera says superstore doesnt do diversity for the sake of diversity,LATINO VOICES
stores heartwarming response to customers coat return goes viral,GOOD NEWS
shakiras son serves up a whole lot of tennis cuteness on instagram,LATINO VOICES
smart shopper uses extreme couponing to get items for people in need,GOOD NEWS
rescue pup flashes adorably cheesy smile after recovering from the flu,GOOD NEWS
manatees no longer facing extinction but theres still work to be done to protect them,GOOD NEWS
another college takes back bill cosby honorary degree,COLLEGE
julián castro warns latinos would suffer if gop abandons health law,LATINO VOICES
artist makes apologizing cool again with fluffy pompoms,ARTS & CULTURE
this kittys disability makes her all the more irresistible,GOOD NEWS
cop comes to the rescue after someone steals familys winter clothes,GOOD NEWS
mtv australia jokingly requests subtitles for eva longoria america ferrera,LATINO VOICES
watch undocumented immigrants hilariously respond to mean tweets,LATINO VOICES
these are the states where college students are hardest hit by tuition hikes,COLLEGE
david bowies idea of perfect happiness was reading,ARTS & CULTURE
how actress kate del castillo brokered the secret el chapo interview,LATINO VOICES
the global search for education latin america is online,EDUCATION
bei bei the baby panda waves to adoring fans pandamonium ensues,GOOD NEWS
girl collects 1000 coats blankets so homeless people can stay warm in winter,GOOD NEWS
how googles 20 virtual reality device saved a baby girls life,GOOD NEWS
viral photo captures incredible moment between police officer homeless man,GOOD NEWS
man surprises wife with his lottery win on christmas,GOOD NEWS
the hashtag thats turning the oregon militia standoff into erotic fanfic,ARTS & CULTURE
we cant even with this guinea pig diva,ARTS & CULTURE
professor threatened with firing says wheaton college is changing the rules,COLLEGE
pierre boulez french conductor and composer dies at 90,ARTS & CULTURE
dog alerts officer to save furry friend in trouble basically turns into lassie,GOOD NEWS
forget pundits this is what people on yik yak say about obamas gun control action,COLLEGE
bus driver buys sweet ride for woman with special needs whose bike was stolen,GOOD NEWS
man whos blind in 1 eye forms bond with unwanted puppy born with 1 eye,GOOD NEWS
just sorry and other taboo words that are actually okay to say,ARTS & CULTURE
what did bowie do at your age this website will tell you,ARTS & CULTURE
girls brilliant note is an a effort to get longer holiday break,GOOD NEWS
law school sends acceptance emails to thousands who never applied,COLLEGE
penn state frat wont face criminal charges for hazing,COLLEGE
the bottom line china miévilles this censustaker,ARTS & CULTURE
a very famous performance artist is hosting a concert for dogs,ARTS & CULTURE
she films herself for 2 years to show the progress of learning violin,ARTS & CULTURE
8bit versions of famous art and pop icons are all kinds of yes,ARTS & CULTURE
purple kitten who was likely used as chew toy finds bff in blind rescue cat,GOOD NEWS
what three college presidents learned from campus racism protests,COLLEGE
danish politician says facebook censored photo of nude mermaid statue,ARTS & CULTURE
why im ditching my bitch voice in,FIFTY
a lustrous pearl fishers to ring in the new year,ARTS
learning to live outside your comfort zone,ARTS
9 moves every twentysomething should make to be more successful,EDUCATION
abandoned puppy born without front legs gets wheels finds new home,GOOD NEWS
miss colombia ariadna gutiérrez opens up about humiliating miss universe flub,LATINO VOICES
sally mann hold still,ARTS
why i fell in love with woven,ARTS
agnes martin,ARTS
spring studio is dead long live spring studio,ARTS
firefighters escort 6yearold to her final day of chemo,GOOD NEWS
15 blog posts by latinos that got us talking in,LATINO VOICES
family of 2yearold with amputated arm adopts kitten that lost a leg,GOOD NEWS
quinceañeras are a booming business in havana,LATINO VOICES
illustrator captures what fuels our jessica jones addiction,ARTS & CULTURE
strangers kind act for muslim diners shows theres still light in the dark,GOOD NEWS
how to make nonintimidating reading resolutions for,ARTS & CULTURE
texas tornado victims find their 2 dogs alive under rubble,GOOD NEWS
ten great latino books published in,LATINO VOICES
dog staring at fish tank is living our ideal chill new years eve,GOOD NEWS
doctors save puppy who swallowed 2 squeaky toys weeks ago,GOOD NEWS
after 70 years germany is printing mein kampf should it,ARTS & CULTURE
muslim man hands out presents to homeless people for christmas,GOOD NEWS
watch 3 terrified dogs get rescued from the side of a steep mountain,GOOD NEWS
these are messages sexual assault survivors want you to hear,COLLEGE
daisy fuentes and richard marx couldnt be happier after romantic wedding see their photos,LATINO VOICES
influential abstract painter and sculptor ellsworth kelly dead at 92,ARTS & CULTURE
12 stories from that remind you the world is a pretty decent place,GOOD NEWS
our 16 favorite arts books and culture stories from,ARTS & CULTURE
jennifer lawrence quietly visits childrens hospital for the holidays,GOOD NEWS
nothing we like matters,ARTS & CULTURE
man breaks down after getting ticket to see mom for first time in 8 years,GOOD NEWS
girl whose christmas card wish went viral visits homeless domestic violence shelters,GOOD NEWS
higher one must repay millions to students over deceptive financial aid practices,COLLEGE
my favorite part of the lion king was intermission,ARTS
americaville,ARTS
5 keys to pleasing a woman in bed,FIFTY
a pony for your thoughts,ARTS
stranded santa claus saved by firefighters after car blaze,GOOD NEWS
migrant children explain why they traveled to the us alone,LATINO VOICES
so these three artists walk into a jeff koons show the artist as ceo and why skill in art is no joke,ARTS
a lesson in sex after divorce,FIFTY
one couples enviable retirement life south of the border,FIFTY
a most ingenious paradox,ARTS
7 common online dating mistakes women over 50 commonly make,FIFTY
we plan god laughs even during the holidays,FIFTY
fie on fear & seasons greetings,GOOD NEWS
15 people in art history having a worse christmas than you,ARTS & CULTURE
introducing the antimanic pixie dream girl,ARTS & CULTURE
miss colombia offered million dollar porn contract after pageant loss,LATINO VOICES
what experts got wrong about the relationship between suffering and art,ARTS & CULTURE
7 whitehot suspense novels to heat up your holidays,ARTS & CULTURE
a visual history of the nutcracker in 100 photos,ARTS & CULTURE
heres the scoop on the new reverse mortgage rules,FIFTY
honda to produce new nsx supercar in appeal to speed demons,FIFTY
how our kids helped save my salvation army shift,GOOD NEWS
santa paws has come to town,GOOD NEWS
country star helps make massive donation to toys for tots,GOOD NEWS
cops surprise wwii veteran spending christmas alone with tree gifts,GOOD NEWS
the internet is struggling to find the hidden panda in this viral drawing,GOOD NEWS
shy shelter dogs reaction to getting adopted is the definition of joy on earth,GOOD NEWS
the lives of extreme holiday decorators,ARTS & CULTURE
the huffington post is hiring an associate good news editor,GOOD NEWS
how racism reared its ugly head after missuniverse2015,LATINO VOICES
santa facing leg amputation gets christmas miracle from doctors,GOOD NEWS
you may not have noticed but there were almost no latino films in,LATINO VOICES
cats dressed up for christmas are the greatest gift this holiday season,GOOD NEWS
this timelapse painting takes cookie decorating to an insane level,ARTS & CULTURE
shirtless hunk saves adorable baby deer from fracking pond,GOOD NEWS
seth macfarlanes bordertown takes on latino stereotypes in new teaser,LATINO VOICES
yup the internet is in charge of saving or shredding a picasso,ARTS & CULTURE
outraged colombians respond to miss universe mixup,LATINO VOICES
miss colombia gracefully responds to steve harveys colossal mistake,LATINO VOICES
pit bulls dressed in holiday clothes make us believe in santa paws,GOOD NEWS
ballet dancers shred their way through queens bohemian rhapsody,ARTS & CULTURE
miss puerto rico suspended for antimuslim comments on twitter,LATINO VOICES
how to lose 2 pounds during the holidays,FIFTY
a straight mothers response to ignorance,FIFTY
what i miss most about growing up in the 1930s,FIFTY
education policies worthy of the name reform,EDUCATION
dawn of the postcontemporary,ARTS
dawn of the postcontemporary notes,ARTS
bernie and bloat,COLLEGE
inside the billiondollar battle for puerto ricos future,LATINO VOICES
applebees waiter turns over 32000 in cash left inside restaurant,GOOD NEWS
sheriffs deputies hand out 100 bills instead of traffic tickets,GOOD NEWS
pit bull who stood over owner in house fire is up for adoption,GOOD NEWS
watch the moment veteran learns hell get his dogs back after hospital stay,GOOD NEWS
9 fabulous gift ideas for older loved ones,FIFTY
christmas songs we love to hate,FIFTY
cowboys use their lasso skills to save deer trapped in canal,GOOD NEWS
students surprise starbucks employee with generous thank you gift,GOOD NEWS
11 times latinos stole the show in,LATINO VOICES
faculty sharply divided on mounting cost of college athletics,COLLEGE
10 times the latino star wars hashtag had no chill,LATINO VOICES
after city threw away homeless mans christmas tree community had best response,GOOD NEWS
weather forecaster floods report with star wars references is probably a jedi,GOOD NEWS
little boy asks mall santa to pray with him for beautiful reason,GOOD NEWS
ohio mom thanks kind cashier who cheered up her 3yearold son,GOOD NEWS
university moves to fire professor who is sandy hook truther,COLLEGE
mommie a portrait of three generations of women will make you call mom,ARTS & CULTURE
secret santas pay off almost 500000 worth of holiday layaways at walmart,GOOD NEWS
bei bei the baby panda greets world falls asleep,GOOD NEWS
this is the only version of the nutcracker you need this season,ARTS & CULTURE
actually some people do wish they slept more in college,COLLEGE
group of firefighters jump into dirty storm drain to save cat in need,GOOD NEWS
artist lipsyncs entire gop debate while dressed as a clown,ARTS & CULTURE
broadway star melissa errico shines on what about today,ARTS & CULTURE
this supafly dog was definitely a backup dancer in another life,GOOD NEWS
all the book adaptations youre going to want to see next year,ARTS & CULTURE
town holds early christmas for girl fighting terminal cancer,GOOD NEWS
popsugar deletes article comparing kylie jenner to a mix of latina celebs,LATINO VOICES
single mom who lived in her truck just wants a home this holiday season,LATINO VOICES
new taylor swift book to be coauthored by her fans,ARTS & CULTURE
why the founder of the notorious boredbaker finally shut the site down,COLLEGE
99yearold wins shopping spree at 99 cent store buys gifts for kids in need,GOOD NEWS
cat missing her mandible gets extra special adoption listing,GOOD NEWS
serial dating is easy online but so much harder in real life,FIFTY
proof that men and women can just be best friends,FIFTY
this is why december is the best month to find a job,FIFTY
the reeducation of justice scalia,COLLEGE
museum residencies offer opportunities for artists,ARTS
theres way too much cuteness in this new dograting twitter feed,GOOD NEWS
the world has spoken in paris,GOOD NEWS
this video of rita moreno being delightful will make your day,LATINO VOICES
santa reunites soldier dad with daughters,GOOD NEWS
survey says books are getting longer,ARTS & CULTURE
united airlines flies children with serious illnesses to santas north pole,GOOD NEWS
stop complaining about the evolution of text language period,ARTS & CULTURE
is art basel miami beach the giant man bun of the art world,ARTS & CULTURE
why gina rodriguez says receiving her golden globe nomination today is serendipitous,LATINO VOICES
yale concludes sae fraternity didnt have a racist halloween party,COLLEGE
please dont smoke the art,ARTS & CULTURE
p is for pssy is the alphabet book of your wet dreams,ARTS & CULTURE
gun advocates plan mock shooting at university of texas in austin,COLLEGE
smithsonian head government should take lead in arts funding,ARTS & CULTURE
5 disney princesses score the ultimate selena makeover,LATINO VOICES
this book doubles as a fully functioning camera,ARTS & CULTURE
prince royce on why he felt like two different people growing up,LATINO VOICES
internet sends christmas cheer to girl whose family was killed in fire,GOOD NEWS
yale faculty member who wrote controversial halloween email stops teaching,COLLEGE
fraternity surprises 12yearold cancer patient in most adorable way,COLLEGE
therapy dogs help teach elementary students that reading isnt ruff,GOOD NEWS
watch magic happen when a train conductor directs yale glee club,GOOD NEWS
if you want to read this book youll have to buy an ipad,ARTS & CULTURE
the cuteness is out of hand when shelter pets help out in santas workshop,GOOD NEWS
yup hit musical hamilton is heading to chicago,ARTS & CULTURE
the 25 best music videos of,ARTS & CULTURE
little girl lip syncing hello is basically you rocking out in the car,GOOD NEWS
campus ministry to gop lawmakers please calm down have a cookie,COLLEGE
internet raises 110000 to help evicted vet get his home back,GOOD NEWS
video perfectly shows what happens when a dog owner goes on a first date,GOOD NEWS
ivy league universities drop the term master,COLLEGE
this stop wars street art will make you love yoda even more,ARTS & CULTURE
how to set goals youll actually keep in the new year,FIFTY
arts based learning of stem works says nsf funded research firm,EDUCATION
will every student succeed not with this new law,EDUCATION
23 artworks,ARTS
rural colleges are the best,COLLEGE
beauty in a whirlpool margaret bowland and her models,ARTS
connecting with other widows in order to cope with my grief,FIFTY
what makes a wedding truly spectacular,FIFTY
beware the squid children of cebu,ARTS
first nighter andrew lloyd webbers school of rock doesnt quite rule,ARTS
see the adorable way these baby sloths are learning to climb,GOOD NEWS
happy birthday to joan didion the original icon of impostor syndrome,ARTS & CULTURE
liberty university president if more people had concealed guns we could end those muslims,COLLEGE
ladies who like to drink owe a little thanks to prohibition,ARTS & CULTURE
the global search for education with the world in mind,EDUCATION
fraternity group declares a new day with reform package,COLLEGE
girl worried about cops safety offers her toy bear for protection,GOOD NEWS
the 7yearold nutcracker ballerina whos fighting for mice rights,ARTS & CULTURE
shoplifting moms entire bill gets paid for  by a police officer,GOOD NEWS
hilarious husband pretends to take wifes photos records videos instead,GOOD NEWS
100 airmen pull off holiday flash mob at the smithsonian,ARTS & CULTURE
this santa is on our nice list for making boy with autism feel comfortable,GOOD NEWS
neighbors decorate home for elderly woman whose decorations were stolen,GOOD NEWS
the radical potential of a woman crying in public,ARTS & CULTURE
7 full podcast seasons for your holiday bingelistening pleasure,ARTS & CULTURE
life is a little bit perkier thanks to this artists boob scarves,ARTS & CULTURE
national fraternity group plans to keep up lobbying efforts,COLLEGE
police officers replace 11yearolds stolen xbox with a brandnew one,GOOD NEWS
watch a 6yearold explains his firstgradephilosophy,GOOD NEWS
witness this familys reunion with their german shepherd after a 3year absence,GOOD NEWS
man arrested for allegedly making threats against black students at western washington university,COLLEGE
at the end of your uber ride you can donate to fight hivaids,GOOD NEWS
this earlyaughts book about being a 20something totally gets it,ARTS & CULTURE
thanks to these colorful condoms you can now have art inside you,ARTS & CULTURE
a tiny rural town just elected an alllatino city council,LATINO VOICES
charter bus carrying college students overturns injuring dozens,COLLEGE
dorm room chemist pleads guilty in wesleyan drug overdoses,COLLEGE
community buys car for man who bikes 14 miles to work every day,GOOD NEWS
free community college is already happening in red and blue states,COLLEGE
watch gi driver is empowering veterans one car at a time,GOOD NEWS
gun threat prompts class cancellation at university of chicago,COLLEGE
homeless woman rescues abandoned cat gives him second chance,GOOD NEWS
madeleine lengle the ya author for the oddball in everyone,ARTS & CULTURE
painters submit your memorable paintings from,ARTS
meeting my future daughterinlaws family for the first time,FIFTY
5 common misconceptions about medicaid,FIFTY
leal portis and the changing face of volunteerism,FIFTY
top 4 holiday gifts for fun with your housemates,FIFTY
can the sharing economy solve the financial overload of the aging growth problem,FIFTY
37 art therapy techniques for destressing this season,ARTS & CULTURE
how to find out if youre in love  or addicted to someone,FIFTY
stranger helps 4yearold born without legs after wheelchair theft,GOOD NEWS
pizza shop owner feeds dozens after thanksgiving note goes viral,GOOD NEWS
buddy bench creates a safe spot for shy classmates to find friends,GOOD NEWS
the bottom line fortune smiles by adam johnson,ARTS & CULTURE
art consultant arianne levene piper on collecting in emerging art markets,ARTS
root canal or annual performance review i hate both,FIFTY
why the nypd waved the french flag at the thanksgiving parade,GOOD NEWS
fsu official says athletes get favorable treatment,COLLEGE
10 books that remind us america should be for everyone,ARTS & CULTURE
barber promises kid free haircuts for life  in return for good grades,GOOD NEWS
dog missing for two years thrilled to be reunited with tearful owners,GOOD NEWS
the decision im still haunted by 34 years later,FIFTY
7 tips for surviving the holidays when kids or grandkids are sick,FIFTY
what you must be aware of when retiring in belize,FIFTY
in todays world im paralyzed by fear,FIFTY
a gospel of giving for thanksgiving,GOOD NEWS
clinton homes in on latinas a growing part of the electorate,LATINO VOICES
30 people were injured in a bloody pillow fight at west point so its banned now,COLLEGE
university of kentucky will cover controversial mural,COLLEGE
how your favorite artists might play with thanksgiving dinner,ARTS & CULTURE
snoop dogg helps give out 1500 turkeys to families in need,GOOD NEWS
toddlers walker gets a galactic makeover from allstar tattoo artist,GOOD NEWS
7 dog owners on why theyre thankful for their pups all year long,GOOD NEWS
ghostly portraits explore anonymous women and their homes,ARTS & CULTURE
western washington university shuts down due to racist threat and online hate speech,COLLEGE
now theres caution tape to warn of the dangers of gentrification,ARTS & CULTURE
princeton students protest protesters,COLLEGE
twitter proves theres nothing like thanksgivingwithhispanics,LATINO VOICES
these dogs are the most furbulous guests at thanksgiving dinner,GOOD NEWS
florida frat suspended after woman dies after attending their party,COLLEGE
short story vending machine solves all fictiononthego problems,ARTS & CULTURE
after learning about homelessness kind toddler starts donation drive,GOOD NEWS
new york city mayor declares angie martinez day,LATINO VOICES
university of kansas professor investigated for racial slur,COLLEGE
missing maryland college student who prompted campus closure found dead,COLLEGE
enjoy the sweet hubcap playa man leaves hilarious good deed note,GOOD NEWS
where in the world is carmen sandiego now,LATINO VOICES
in an ode to physical objects photographer captures everything we touch in a day,ARTS & CULTURE
a man is donating his kidney to a stranger thanks to a craigslist error,GOOD NEWS
this video perfectly captures every single latinas holiday nightmare,LATINO VOICES
foodobsessed photographer captures the secret histories of fruits and vegetables,ARTS & CULTURE
this michigan restaurant wont let anyone eat alone on thanksgiving,GOOD NEWS
castleton university would like its mascot costume back,COLLEGE
brown university will spend 100 million to improve race relations,COLLEGE
the global search for education just imagine  tony wagner and ted dintersmith,EDUCATION
6 ways to prevent thanksgiving meltdown,FIFTY
what its really like to turn 83,FIFTY
this university president is sick of reading about pampered coddled students,COLLEGE
pearson germ in the philippines is a scare story for the rest of the world,EDUCATION
these kids have the coolest way to keep the homeless warm this winter,GOOD NEWS
finding mindfulness through the art of drawing,ARTS & CULTURE
if you have one of these degrees you could save thousands by refinancing student loans,EDUCATION
first nighter john yearleys the unrepeatable moment full of enthralling moments,ARTS
an open letter to florida state university president thrasher,COLLEGE
latin grammys get political as artists urge latinos dont vote for racists,LATINO VOICES
latin grammy winners include juan luis guerra natalia lafourcade,LATINO VOICES
homeless vet breaks down in tears after stranger buys him meal,GOOD NEWS
your college dean might be spying on your yik yak posts,COLLEGE
how an abused pit bull went on to charm the pants off a rock star,GOOD NEWS
loyal pup stayed at trapped bffs side for 2 days until help arrived,GOOD NEWS
sonia sotomayor almost stopped pursuing a seat on the supreme court,LATINO VOICES
gina rodriguez shows skin and body confidence on instagram,LATINO VOICES
immigration reverse more mexicans are leaving us than coming in,LATINO VOICES
university of north dakota picks fighting hawks to replace native american nickname,COLLEGE
carrie brownsteins audiobook outtakes prove shes our dream bff,ARTS & CULTURE
families leaving longtime homes surprised with familiar scents that evoke sweet memories,GOOD NEWS
idiots keep vandalizing bookstore that has isis in the name,ARTS & CULTURE
calvin and hobbes started adventuring together 30 years ago today,ARTS & CULTURE
hundreds of occidental college students demand the schools president quit,COLLEGE
a missing student who may have a gun is prompting washington college to close until after thanksgiving,COLLEGE
princeton students confront university president over woodrow wilsons legacy,COLLEGE
calle 13s rene perez receives nobel peace summit award,LATINO VOICES
a musical look at the women of the white house as youve never seen them,ARTS & CULTURE
pussy riot brings protest message to mexico shows support for families of 43 missing students,LATINO VOICES
maryland police uncover a treasure trove of wwii love letters,GOOD NEWS
latinas think big summit helping women take careers to next level,LATINO VOICES
few black faculty are employed at flagship public universities,COLLEGE
watch a corgi school his small pal on true obedience,GOOD NEWS
harvard university evacuates four buildings after unconfirmed bomb threat,COLLEGE
whats the nicest city in the us,GOOD NEWS
brown vows action after officer detains latino dartmouth student,LATINO VOICES
campus racism protests didnt come out of nowhere and they arent going away quickly,COLLEGE
watch a rare hilarious kurt vonnegut lecture,ARTS & CULTURE
racial tensions grow at university of kansas,COLLEGE
artists share images of peace and solidarity after paris attacks,ARTS & CULTURE
why i decided to hike the appalachian trail at age 55,FIFTY
9 reasons why what you think about aging matters,FIFTY
university of missouri starts reviewing demands from student activists,COLLEGE
national fraternity sorority groups withdraw support for safe campus act,COLLEGE
how to celebrate the holidays when you live alone,FIFTY
the grandma scam that is sweeping the country,FIFTY
innovation steam awards given to 8 schools,EDUCATION
students nationwide march for free public college,COLLEGE
colombian government takes steps toward fully legalizing abortion,LATINO VOICES
michigan police officer saves a child during a traffic stop,GOOD NEWS
human trafficking survivor i was raped 43200 times,LATINO VOICES
artist hopes you find the humanity in his terrifying mutant gifs,ARTS & CULTURE
elon football player demitri allison dies in 10story fall,COLLEGE
exstudent pleads guilty in connection with wesleyan drug overdoses,COLLEGE
mizzou administrator who tried to block journalist put on leave,COLLEGE
pressure increases on yik yak to do more about harassment on the anonymous app,COLLEGE
chewbacca actor sends sweet note to young star wars fan grieving death of friend,GOOD NEWS
lamb survivor of tractortrailer crash adopted by loving family,GOOD NEWS
mizzouinspired protests coming at other colleges,COLLEGE
was that antitrump snl protest a success depends who you ask,LATINO VOICES
farmers honor late neighbor with unbelievable gesture of support,GOOD NEWS
lets not lose sight of the real problems at mizzou,COLLEGE
vet sets out to swim mississippi river in memory of fallen soliders,GOOD NEWS
mizzou police arrest man suspected of threatening school,COLLEGE
white actor cast as mlk jr in ohio production playwright katori hall speaks out,ARTS & CULTURE
video captures police officer buying new shoes for barefoot man,GOOD NEWS
some students want harvard laws seal changed due to slavery connection,COLLEGE
a glance at recent racial tension on american college campuses,COLLEGE
birdman director alejandro g iñárritu addresses immigration reform donald trump in speech,LATINO VOICES
fox host says he would have replaced mizzou football players,COLLEGE
celebrity photographer focuses his lens on las homeless,ARTS & CULTURE
man has adorable conversation with dozens of baby goats,GOOD NEWS
uber and lyft offer homeless vets free rides to job interviews,GOOD NEWS
10 photos of superheroes washing windows,GOOD NEWS
mizzou announces diversity initiatives after student race protests,COLLEGE
mizzou students divided over presidents resignation,COLLEGE
clarissa from clarissa explains it all is all grown up in new book,ARTS & CULTURE
crayola launches adult coloring books to transport you back to childhood,ARTS & CULTURE
university of missouri football team joins protests against campus racism,COLLEGE
old shelter dogs celebrate the gift of golden years in stunning photo series,GOOD NEWS
latino groups to hold media summit amid outrage over trumps snl appearance,LATINO VOICES
another mizzou leader steps down amid racism protests,COLLEGE
whats going on with the protests at the university of missouri,COLLEGE
latino activists protest donald trumps snl appearance outside nbc,LATINO VOICES
alabama students hang ugly hurricane katrina banner for louisiana rivals,COLLEGE
political group will give larry david 5000 for calling donald trump a racist on snl,LATINO VOICES
the new age of narcissism,ARTS
the global search for education the new higher ed,EDUCATION
how assesments can ruin standards,EDUCATION
yale admins comments on offensive halloween costumes spark protest,COLLEGE
yes donald trump is actually going on saturday night live tonight,LATINO VOICES
investigation in notre dame studenttutor sex scandal reveals startling accusations,COLLEGE
decluttering with tigers,FIFTY
this boy has outsmarted us all with his perfect math problem answer,GOOD NEWS
the bottom line hotels of north america by rick moody,ARTS & CULTURE
woman turns 5 reverse offering from church into gift for paper carrier,GOOD NEWS
hello this high school student just crushed adeles latest hit,GOOD NEWS
college humor is using a bear to get bros to stop dismissing sexual violence,COLLEGE
mizzou law school eliminates policy that banned being mean on social media,COLLEGE
lifted by the music carol soars,ARTS & CULTURE
women continue being underrepresented in theater despite being half the population,ARTS & CULTURE
dozens of highprofile hispanics write blistering open letter to donald trump,LATINO VOICES
boy and his german shepherd bff have the perfect bedtime routine,GOOD NEWS
as college tuition spikes soup kitchens are the new cafeteria,COLLEGE
professor sues navy claiming his free speech was violated,COLLEGE
cancer patient sticks it to disease says shes gangster for life in farewell message,GOOD NEWS
there is no college bubble,COLLEGE
rent veteran calls out racism ageism and sexism in show business,LATINO VOICES
florida deputies give sick boy the surprise of a lifetime,GOOD NEWS
against being fking obvious,ARTS & CULTURE
zoe saldanas response to antiimmigrant hate you cant kill us you cant send us back,LATINO VOICES
mailman risks his life to save dogs from house fire,GOOD NEWS
who keeps billions of taxpayer dollars flowing to forprofit colleges these guys,COLLEGE
hero teacher dressed as drake and danced a mean hotline bling,GOOD NEWS
notre dame student claims tutor pressured him to have sex with her daughter,COLLEGE
how tanehisi coates escaped a reading list,ARTS & CULTURE
winstonsalem state university shooting leaves 1 dead 1 injured,COLLEGE
university of louisville sorry a bunch of its staff wore sombreros and fake mustaches,COLLEGE
how to break your internet addiction,FIFTY
desperate law schools are admitting way too many poorly qualified students,EDUCATION
woman gets high school diploma 80 years after dropping out to help family,GOOD NEWS
10 mustdo health checks for women over 50,FIFTY
what this nice guy wishes hed said on all his past dates,FIFTY
why we dont do halloween anymore,FIFTY
creative dad turns sons wheelchair into star wars snowspeeder,GOOD NEWS
televisa reinstates fired hosts is investigating sexual harassment claims,LATINO VOICES
kids in need get free costumes so they can have a bootiful halloween,GOOD NEWS
hero guide dog hit by bus reunites with owner he saved,GOOD NEWS
kids try candy from around the world have hilariously overthetop reactions,GOOD NEWS
indigenous beauty celebrated at the world indigenous games in brazil,LATINO VOICES
gop rep opens up about raising transgender son,LATINO VOICES
print isnt dead and this artist can prove it,ARTS & CULTURE
george lucas foundation donates 10 million to usc film school,COLLEGE
televisa host says network pressured her to say onair sexual harassment was a hoax,LATINO VOICES
coast guard crew travels thousands of miles to rescue 36 stranded fishermen,GOOD NEWS
halloween psa more bat species appearing on endangered list and heres why it matters,GOOD NEWS
study kids take 100plus required tests through grade,EDUCATION
feminist mix n match coloring book celebrates the complex lives of women,ARTS & CULTURE
marnie the dog looks frighteningly adorable for halloween,GOOD NEWS
viral photo catches alabama cop helping homeless father and son,GOOD NEWS
abandoned cat uses maternal instincts to find her missing kittens,GOOD NEWS
we ate our way through the lower east sides latin food scene,LATINO VOICES
sofia vergara slams radio show claiming rumors she might be one of bill cosbys victims,LATINO VOICES
fill the crimson peaksize hole in your heart with this guillermo del toro art show,ARTS & CULTURE
shelter pup is attached to his security bucket and its stinkin adorable,GOOD NEWS
attendee drags protester out of trump event as crowd cheers,LATINO VOICES
proimmigration protester violently dragged out of trump rally,LATINO VOICES
stage door death of a salesman hells belles,ARTS
totem pole stolen by john barrymore finally returned to alaska,ARTS & CULTURE
frat bros who beat up student were also trying to steal a statue,COLLEGE
the highs and lows of buying legalized marijuana,FIFTY
who will zip up my dress now that im a widow,FIFTY
a tale of two bullies,FIFTY
george lucas samuel l jackson angela lansbury and others honor james earl jones,ARTS
after sexual assault woman says university lawyers accessed her counseling records,COLLEGE
these are the colleges where students stay up on dropbox the latest nerds,COLLEGE
the bottom line slade house by david mitchell,ARTS & CULTURE
watch homecoming queen kick a field goal moments after being crowned,GOOD NEWS
will smith to perform with bomba estereo at latin grammys,LATINO VOICES
luis gutierrez would trump be on snl if he called gays rapists,LATINO VOICES
kooky spooky house that raps macklemore helped raise 10000 for charity,GOOD NEWS
this university leader showed how colleges should own up to failures on sexual assault cases,COLLEGE
2 university at albany students charged after pledge dies in hazing incident,COLLEGE
the man behind humans of new york reflects on his unscripted interview with president obama,ARTS & CULTURE
indiana university expels student for attack on muslim woman,COLLEGE
judge declines to block university of dayton players suspension for sexual assault,COLLEGE
mit announces action plan to combat global warming,COLLEGE
high school football player pauses game to shake war veterans hands,GOOD NEWS
professor accused of harassment is gone but debate isnt over,COLLEGE
meet fierce puerto rican teen superhero lak6,LATINO VOICES
look amazing images recreated using bacteria,ARTS & CULTURE
getting nostalgic with tavi gevinson,ARTS & CULTURE
teen with brain disorder wishes for 100 friends classmates have sweetest response,GOOD NEWS
boy writes letter offering friendship to bully after being spit on,GOOD NEWS
young photographers meditate on life in and out of megacities,ARTS & CULTURE
kentucky prosecutor basically confirms racial profiling in open court,LATINO VOICES
national fraternity group deletes webpage to help promote campus rape bill,COLLEGE
these carts are letting kids with disabilities roll down the aisle in style,GOOD NEWS
20 spooky music videos to make you poop your pants this halloween,ARTS & CULTURE
hispanic coalition calls for snl to dump trump,LATINO VOICES
9 talks that are a great introduction to ted,ARTS
race in america changing reality by facing it,EDUCATION
terror with a twist,ARTS
stage door barbecue the gruffalo,ARTS
the voice of a misunderstood black millennial voter,COLLEGE
california launches effort promoting art and culture districts,ARTS
the simple mind trick that helped me lose weight,FIFTY
educating for democracy something of value,EDUCATION
university of california will review how harassment complaints against tenured faculty are handled,COLLEGE
watch marines reunite with beloved war dogs after years apart,GOOD NEWS
that american apparel play and other offbroadway shows to see this month,ARTS & CULTURE
this century scientific illustrator loved butterflies before it was cool,ARTS & CULTURE
watch 5 full hours of a guy standing on an exercise ball for charity,GOOD NEWS
what a successful university mental health program looks like,COLLEGE
slap in the face for donald trump to host snl says latino group,LATINO VOICES
goalie born without lower legs is a winner on high school soccer team,GOOD NEWS
uconn chef says drunk mac and cheese kid should join the military,COLLEGE
an artist in brooklyn wants to bring his imaginary friends to life,ARTS & CULTURE
georgia tech frat punished after members allegedly used racial slurs,COLLEGE
holy frida kahlo its a feminist art coloring book,ARTS & CULTURE
meet charth vaderthe 7yearold villain who will melt your cold and icy heart,ARTS & CULTURE
loving daughter starts datediane campaign so her mom wont be lonely,GOOD NEWS
boys heartfelt note to injured cop thanks him for being like a dad,GOOD NEWS
meet the man who put on a tutu to show support for his wife,GOOD NEWS
playwright suzanlori parks wins 300000 gish prize,ARTS & CULTURE
berkeley professor resigns amid sexual harassment allegations,COLLEGE
fantasyinspired prosthetic limbs empower kids to feel like heroes,GOOD NEWS
pit bull has been waiting almost 1000 days for a loving home,GOOD NEWS
watch kanye west kiss kanye west and other hilarious celeb cartoons,ARTS & CULTURE
these new york musicians revive big band music with a colombian twist,LATINO VOICES
internet raises 100000 for boy in wheelchair blessed by pope during us visit,GOOD NEWS
marlon james becomes first jamaican winner of booker prize,ARTS & CULTURE
woman finds out her 100000 house was designed by frank lloyd wright,GOOD NEWS
we wish these knitted dissection models could be used instead of real animals,GOOD NEWS
uc berkeley defends handling of astronomers sexual harassment charges,COLLEGE
drunk uconn mac and cheese student issues apology,COLLEGE
giant murals disappear with the tides because nothing lasts forever,ARTS & CULTURE
hundreds welcome ucc students back to campus for first time since shooting,COLLEGE
exploring the ritualistic customs of rocky horror superfans,ARTS & CULTURE
this rescue pit bull made his bed every day while waiting to be adopted,GOOD NEWS
people claiming columbuswasahero are on the wrong side of history,LATINO VOICES
uconn students want to give dining hall workers a night out after viral video of drunk jerk,COLLEGE
this viral photo shows humankind at our best,GOOD NEWS
ucla frat says no one wore blackface at kanye western party,COLLEGE
the resilient five,LATINO VOICES
theres no more valuable investment than in a girls education,EDUCATION
yelp for human beings is a truly horrible idea,FIFTY
a letter to my dearly departed husband peter,FIFTY
6 steps to help you genuinely forgive even the unforgivable,FIFTY
ucla punter arrested for rape suspended from team,COLLEGE
police use pet cat to coax man from san francisco ledge,GOOD NEWS
how to deport 11 million people humanely,LATINO VOICES
knowing what to do if theres a school shooting still hazy at colleges,COLLEGE
reflections of a humbled son on the birthday of my father thelonious monk,ARTS
us television wakes up to growing latino audience with new options,LATINO VOICES
dad cries when he gets soccer tickets and you will too,LATINO VOICES
jane the virgin season 2 will feature two weddings and a mystery,LATINO VOICES
a pretty impractical way to organize your bookshelf,ARTS & CULTURE
3 generations of tightknit family have worn this sweater for school picture day,GOOD NEWS
donald trump finds a latina fan and its a whole thing,LATINO VOICES
eastern kentucky university cancels classes citing threatening graffiti,COLLEGE
lucky the pig finds a happy home after falling onto highway,GOOD NEWS
17 micropoems to give your soul a lift in no time,ARTS & CULTURE
standup guy supports homecoming date who has cancer in sweetest way,GOOD NEWS
joe biden tells latinos to make no damn apologies for anything,LATINO VOICES
atos national office revokes charter from indiana chapter over oral sex video,COLLEGE
growing up with jewel,ARTS & CULTURE
watch college students surprise beloved cafe worker with a dream trip to disney,GOOD NEWS
harvards debate team loses to new york prison inmates,COLLEGE
a forgotten latina trailblazer lgbt activist sylvia rivera,LATINO VOICES
these elegant flippable illustrations will leave you hypnotized,ARTS & CULTURE
these people really hate renoir,ARTS & CULTURE
and heres the emoji pantone mashup youve been waiting for,ARTS & CULTURE
farmer shares 12000 pumpkin contest winnings with daughter,GOOD NEWS
us lawmakers call on el salvador to free women wrongfully jailed for illegal abortions,LATINO VOICES
this little piggy escaped slaughter and now trots around a sanctuary,GOOD NEWS
pup rescued after being trapped in hawaii volcanoes national park,GOOD NEWS
televisions nerdiest indian gets real,ARTS & CULTURE
wildlife mating bridge could bring more sexytime to california cougars,GOOD NEWS
bestselling wallander author henning mankell dead at 67,ARTS & CULTURE
princeton gets richer has 227 billion,COLLEGE
why student debt is worsening for college graduates,COLLEGE
north dakota sports bar doubles as university tv studio,COLLEGE
theater glorious spring sugar daddy stingy stein,ARTS
linking art culture commerce and through technology the world,ARTS
what i appreciate most about my oldest friends,FIFTY
i was a 56yearold umbrella boy over the summer,FIFTY
beware intelligent men bearing caustic wits,ARTS
richard dawkins college students are betraying the free speech movement,COLLEGE
a tale of two animals different outcomes both funny,GOOD NEWS
dear world please stop comparing my twin daughters,FIFTY
11 important lessons you learn after you grow up,FIFTY
how to cope after an unimaginable loss,FIFTY
why a pizza and wine night is better than going out,COLLEGE
home isnt where the heart is how i found myself by exploring new places,COLLEGE
20 ways your weekends change after you graduate college,COLLEGE
linmanuel miranda ill always be a counterweight to antiimmigrant rhetoric,LATINO VOICES
clinton campaign launches latinos for hillary,LATINO VOICES
when a local womens shelter takes over an art gallery beautiful things happen,ARTS & CULTURE
campus bookstore is sorry for selling perfect female specimen doll,COLLEGE
illustrator draws 100 happy things to get over a breakup,ARTS & CULTURE
community harvests field for farmer with cancer sows endless love,GOOD NEWS
unstoppable cancer patient on chemotherapy crushes squat challenge,GOOD NEWS
instagram account documents the varied and vibrant dancers of nyc,ARTS & CULTURE
art expedition accidentally uncovers glowinthedark sea turtle,ARTS & CULTURE
photo of cop and his daughter having a tea party is arrestingly adorable,GOOD NEWS
julie schumacher becomes first woman to win thurber prize for american humor,ARTS & CULTURE
one way to make college worth it help students feel like someone cares about them,COLLEGE
teen invents adaptable stroller so mom in wheelchair can cruise with baby,GOOD NEWS
the science behind crystal chandeliers is a dizzying artwork in itself,ARTS & CULTURE
colleges offer free legal help to students startups,COLLEGE
mexican teenagers went from being homeless to national heroes in one week,LATINO VOICES
why lizzie velasquez is thankful for her online haters,GOOD NEWS
man recreates a van gogh painting with plants in a 12acre field,ARTS & CULTURE
christina milian on grandfathered and not wanting to be just a reality star,LATINO VOICES
nothing but the truth on lying and memoirwriting,ARTS & CULTURE
12 truths we wish wed known when we were young,FIFTY
lets make higher education reform equitable,COLLEGE
broadkill assessing las newest museum without even seeing it,ARTS
confession of a latino dad,LATINO VOICES
getting serious about opportunity for all,EDUCATION
did you know las palm trees are dying this artist is bronzing them,ARTS
endgame carmen marrón makes inspiring film about latino life,LATINO VOICES
girl uses her allowance to buy ice cream for mourning state troopers,GOOD NEWS
these popedogs are sinfully adorable,GOOD NEWS
walmart is actually selling this offensive little amigo halloween costume,LATINO VOICES
first responder pens emotional letter after florida students death,COLLEGE
deleted jane the virgin scene shows jane after breaking off her engagement,LATINO VOICES
cop threatens to send latino family back to the fking border,LATINO VOICES
sofia vergara is fan of emilio estefans were all mexican its beautiful to unite people,LATINO VOICES
shakira fights for universal education its not a luxury its a human right,LATINO VOICES
one artists old blotting tissues become accidental masterpieces,ARTS & CULTURE
frat guide includes freshman hotness scale to get you guys laid,COLLEGE
11 simple reasons the print book doomsayers are wrong,ARTS & CULTURE
students punished for sexual assault should have transcripts marked title ix group says,COLLEGE
women walk 100 miles to see pope francis plead for immigration reform,LATINO VOICES
those werent nooses at university of delaware,COLLEGE
shelter pets pose for retro yearbook photos and its glorious,GOOD NEWS
we know one way to stop sexual assault but students arent doing it,COLLEGE
a single letter is apparently enough to kill syracuses kiss cam,COLLEGE
virginia task force says liquor agents should be able to make arrests despite screwing up multiple times,COLLEGE
newark schools still struggling despite facebook donation,EDUCATION
more charges on the way in connection with baruch college hazing death,COLLEGE
jorge ramos vs bill maher on saying illegals to describe immigrants why is that a bad word,LATINO VOICES
uva student groups urge campus to look forward on addressing sexual assault,COLLEGE
boy skips birthday gifts raises 1290 for bulletproof vests for k9 unit instead,GOOD NEWS
books had a great emmys night despite andy sambergs best efforts,ARTS & CULTURE
boy who asked mailman for junk mail in viral story pays kindness forward,GOOD NEWS
after receiving call about homeless kittens 911 operator saves the day,GOOD NEWS
most universities plan to release individual results of aau survey,COLLEGE
the simple trick to stop forgetfulness,FIFTY
the exercise that can resuscitate your sex life,FIFTY
the pros and cons of pumpkin spice,FIFTY
theater a moody melancholy midsummer night,ARTS
the surprising key to feeling sexy,FIFTY
i think the neighbor likes me,FIFTY
a screen legends appeal to congress to stop chronic elder abuse,FIFTY
donald trump & vaccines is he ready to be responsible for a childrens epidemic,EDUCATION
the only thing donald trump offers his supporters,FIFTY
narcos is a hit for netflix but iffy accents grate on colombian ears,LATINO VOICES
as joe biden visits ohio state announces several steps to address campus rape,COLLEGE
pit bull pup rescued from donation bin outside walmart gets fresh start,GOOD NEWS
more colleges are using genderfree pronouns,COLLEGE
8 latino celebrities who have appeared on sábado gigante,LATINO VOICES
placing noose on ole miss statue results in 6 months of prison for student,COLLEGE
ahmed mohameds family serves up pizza to media waiting outside home,GOOD NEWS
caring cops accompany late colleagues child to fatherdaughter dance,GOOD NEWS
8 latinas every american woman should thank,LATINO VOICES
joe biden slams donald trump for selling sick message on immigration,LATINO VOICES
dog discovers the many wonders of a hula hoop,GOOD NEWS
university of california may outlaw intolerance and experts say itll violate the first amendment,COLLEGE
just 2 pooches with their heads poking through a fence nothing to see here,GOOD NEWS
devastated doggies face will make owner rue the day he didnt share his burger,GOOD NEWS
obviously carlton banks would be a glasshole in,ARTS & CULTURE
cop gives pizza to homeless man goes beyond call of duty in best way,GOOD NEWS
nonprofit started by virginia tech families declines to support safe campus act,COLLEGE
there are way more boys than girls in popular fiction stories,ARTS & CULTURE
5 fraternity brothers face murder charges for hazing death,COLLEGE
teachers cardio nae nae will make you want to go to gym class,GOOD NEWS
graduating college early may not always be the best decision,COLLEGE
man reunited with wedding ring lost in another state 39 years ago,GOOD NEWS
rescued baby fox cant get enough belly and chin rubs,GOOD NEWS
these cops want girls to know their job isnt just for guys,GOOD NEWS
nature videos could help inmates in solitary confinement cope,GOOD NEWS
few colleges cover full financial need,COLLEGE
these red panda babies are too adorable not to be famous,GOOD NEWS
trump supporters harass immigration protesters in iowa,LATINO VOICES
college scorecard sandbags equity in higher education,COLLEGE
looking back 100 years,ARTS
aisle view laughter from the panhandle,ARTS
colleges flush with cash saddle poorest students with debt,COLLEGE
just one debate question for donald trump,FIFTY
how the planned parenthood funding debate impacts latinas,LATINO VOICES
dímelo en español provides family therapy for latino families,LATINO VOICES
last rescue dog from ground zero gets a day to remember in nyc,GOOD NEWS
dreamy dolphin surf squad has us longing for an endless summer,GOOD NEWS
kfc apologizes for racist facebook image,LATINO VOICES
dancing starbucks worker serves up frappuccinos with a side of sass,GOOD NEWS
people attempt to say 58letter name of village are not exactly successful,GOOD NEWS
orcs of new york is the hony parody even sauron would adore,GOOD NEWS
a rainbow appeared at the world trade center just before 911 anniversary,GOOD NEWS
back to school and already bored try this,COLLEGE
17 books you should add to your usual backtoschool list,ARTS & CULTURE
police officer quietly buys food at chipotle for man in need,GOOD NEWS
19 nonlatino celebrities show off their spanish skills,LATINO VOICES
clap your flippers for hawaii hospital that rescued 2 endangered seal pups,GOOD NEWS
latino students we want to hear about your experiences in public schools,LATINO VOICES
big victory university of california sells off coal oil sands investments,COLLEGE
stranger pays tribute to late soldier every day in thoughtful way,GOOD NEWS
need a professional cat photo call the purrtraitist,ARTS & CULTURE
strangers transform busy nyc crosswalk into ballroom dance hall,GOOD NEWS
seattle teachers strike on first day of school,EDUCATION
phalliclooking starship causes problems for kansas state marching band,COLLEGE
thank god this allmale theater group exists,ARTS & CULTURE
some 475000 minors in puerto rico live in poverty,LATINO VOICES
the fbi agents tracked gabriel garcía márquez washington post reports,LATINO VOICES
these tiny superrealistic paintings are even better than emojis,ARTS & CULTURE
this adult ball pit is like chuck e cheese without the terrifying mouserat,ARTS & CULTURE
this guys chacha slide game is strong,GOOD NEWS
navajo woman trucks water 75 miles a day to people on parched reservation,GOOD NEWS
guys star wars isnt a blockbuster franchise its poetry,ARTS & CULTURE
son of mexican cartel leader el chapo guzman seems to share photo of his dad on twitter,LATINO VOICES
why technology is the catalyst for a new era of aging in place,FIFTY
a teachers labor day plea to school reformers,EDUCATION
art consultants help advance artists careers,ARTS
compose yourself,FIFTY
we salute you gwen morgan,EDUCATION
clinton and rubio visit puerto rico lock horns over financial crisis,LATINO VOICES
young jane the virgin actress tapped to star in new disney channel comedy,LATINO VOICES
if im over 60 i must not be having sex,FIFTY
what could possibly go wrong,ARTS
thoughts on starting college for parents of new students,COLLEGE
discovering that grace is more powerful than glory,FIFTY
3 dating mistakes women over 50 make and how to fix them,FIFTY
getty is quietly charging bloggers for socially awkward penguin meme,ARTS & CULTURE
a reality check for donald trumps supporters,FIFTY
the one sign of aging we all dread,FIFTY
9 rules of instagram that were made to be broken,FIFTY
employers take note people with autism ideally suited to fill critical stem jobs,EDUCATION
hey adults stop telling gamers to stop gaming instead respect and redirect,EDUCATION
the bata shoe museum in toronto celebrates its anniversary,ARTS
trumpéalo mobile game allows users to hurl stuff at trump,LATINO VOICES
hispanic trump supporter vs cnn panel do you want our tax dollars to support illegal immigrants,LATINO VOICES
gay man says north dakota frat choked beat and stripped him,COLLEGE
theater needs to pay a lot more attention to female playwrights,ARTS & CULTURE
these cats are going to teach you how to live,ARTS & CULTURE
inmate offers to be bone marrow donor for judge who helped put him in prison,GOOD NEWS
marco rubio says minecraft can prepare kids for new economy,LATINO VOICES
family of farmworker fatally shot by cops files 25 million lawsuit,LATINO VOICES
study finds immigrant teens are less likely to commit crimes than their usborn peers,LATINO VOICES
star wars episode viii shortlist includes gina rodriguez tatiana maslany olivia cooke exclusive,LATINO VOICES
awww rescuers handfeed tiny baby wallaby,GOOD NEWS
one hashtag reminds us all why writing really matters,ARTS & CULTURE
neighbors facebook post spurs strangers to fix elderly mans roof,GOOD NEWS
turns out obama has some pretty smooth yupik dance moves,GOOD NEWS
people find out how successful their loved ones really think they are,GOOD NEWS
man buys fire truck to help protect neighbors from wildfires,GOOD NEWS
25yearold mayor wanted for running her town with whatsapp,LATINO VOICES
cop slaps man with ticket but gives best surprise to sick niece,GOOD NEWS
michigan state took too long with sexual assault cases federal investigation finds,COLLEGE
pope expected to champion cause of immigrants during us visit,LATINO VOICES
donald trump tries to make nice with us hispanic chamber of commerce,LATINO VOICES
cuban man camps out for weeks outside dodger stadium for a tryout,LATINO VOICES
daily pot smoking on college campuses is at 35year high,COLLEGE
utility workers pay fitting tribute to late colleague with trucks and flags,GOOD NEWS
watch a casual fishing trip turn into an incredible kitten rescue,GOOD NEWS
construction workers sweet note to sick tot is the strongest support beam,GOOD NEWS
epic doug the pug music video compilation is giving us lyfe,GOOD NEWS
splish splash golden retriever couldnt be more happy about this bath,GOOD NEWS
undocumented immigrant fights to change disgusting unjust policies,LATINO VOICES
how nycs commissioner on domestic violence wants colleges to address rape,COLLEGE
firefighters rescue man after heart attack then finish mowing his lawn,GOOD NEWS
kid realizes hes standing next to famous soccer star freaks out accordingly,GOOD NEWS
oregon ducks mascot blows glitter mocks sorority recruitment videos,COLLEGE
professors try to figure out what bae and on fleek mean,COLLEGE
prison teaches beekeeping to inmates and its all the buzz,GOOD NEWS
hundreds of trucks show up to lead funeral procession for 3yearold,GOOD NEWS
for artists with developmental disabilities dance provides an outlet and inspiration,ARTS & CULTURE
university of kentucky survey finds most sexual assault cases on campus go unreported,COLLEGE
yale has a college named after a racist but that might change,COLLEGE
university removes jefferson davis statue,COLLEGE
new yorks finest,ARTS
safety and security not just for college students,COLLEGE
columbia cites free speech in defense of allowing mattress protest,COLLEGE
want to reduce illegal immigration end the drug war,LATINO VOICES
why i delayed cancer surgery and why it was totally worth it,FIFTY
5 things every parent needs to know about senior year,FIFTY
the hidden perk of parenting that has nothing to do with your kids,FIFTY
who wrote the beatles hit twist and shout the amazing story of bert berns,ARTS
student killed in shooting at savannah state university,COLLEGE
soggy dog weathers rainstorm thanks to kindhearted strangers,GOOD NEWS
cops stand in for slain colleague on his daughters first day of school,GOOD NEWS
georgia tech investigating fraternity for alleged racial slurs,COLLEGE
watch the topless women of new york discuss their mission,LATINO VOICES
remember that time sylvia plath stuck her head in an oven,ARTS & CULTURE
badass greatgrandmother is an ambulancedriving emt at age 87,GOOD NEWS
janet napolitano discusses how schools should handle campus rape,COLLEGE
dear oxford dictionaries pwnage is not a word and never will be,ARTS & CULTURE
katrina survivor joins rotc after witnessing armys recovery efforts,GOOD NEWS
latina says napa valley wine train threatened her group too suggests a pattern,LATINO VOICES
americans think colleges are doing are bad job handling sexual assaults huffpostyougov poll,COLLEGE
here are the months college students are more likely to experiment with new drugs,COLLEGE
lapd helps terminally ill mom throw a quinceañera for her daughter,GOOD NEWS
man proposes to boyfriend at church church responds perfectly,GOOD NEWS
can a magic spell really help your love life,ARTS & CULTURE
teachers les mis flash mob parody would make even javert smile,GOOD NEWS
you can now fatshame a redditor and not feel butt hurt about it,ARTS & CULTURE
paddington the poochs dressup game is strong,GOOD NEWS
new york state police create unit dedicated to campus rape cases,COLLEGE
how actress sonia manzano brought a latino perspective to sesame street,LATINO VOICES
donald trump says he wont eat oreos if theyre made in mexico,LATINO VOICES
the most swiped right college campuses according to tinder,COLLEGE
8 terms that are way better than the slur anchor baby,LATINO VOICES
dog chilling in a hot tub is ridiculously content,GOOD NEWS
sigma nu chapter at virginia wesleyan responds in the best way to offensive banners,COLLEGE
family safe after house fire thanks to heroic dogs warning,GOOD NEWS
antimexican receipt at mexican restaurant was meant to be private joke manager,LATINO VOICES
carnegie mellon student pleads guilty to making app that would spy on android phones,COLLEGE
activists use paper bag puppets to mock university of akron administrators,COLLEGE
latinos dont love donald trump,LATINO VOICES
watch 1 of the national zoo baby pandas adorably squee and squawk,GOOD NEWS
another sigma nu chapter suspended over offensive remarks about women,COLLEGE
formerly homeless man once ashamed of teeth gets new smile from kind dentist,GOOD NEWS
the 19 most generous colleges in according to grubhub data,COLLEGE
20 of the summers wackiest art news stories,ARTS & CULTURE
john leguizamo recites romeos monologue as a foulmouthed criminal,LATINO VOICES
a tiger posed in an abandoned factory or when ruin photography becomes exploitation,ARTS & CULTURE
girl bullied over star wars gets weird al on her side,GOOD NEWS
banners at old dominion university declare students house a freshman daughter drop off site,COLLEGE
first nighter the royal shakespeare companys outstanding merchant of venice is screened,ARTS
a moonshot in education innovation amsterdam goes bottoms up,EDUCATION
advice on college application essay writing,COLLEGE
baylor will review whether they totally botched investigating football player who raped student,COLLEGE
intimacy art show will make you want to get close to somebody,ARTS & CULTURE
border patrol presence at buenas vibras latino festival sparks controversy,LATINO VOICES
ucf frat that chanted lets rape some bs did not break rules school says,COLLEGE
comic recalls the accidental brewing of the very first beer,ARTS & CULTURE
this pit bull went from likely euthanasia to napping with her best cat friend,GOOD NEWS
the 12 colleges with the biggest sweet tooth ranking by grubhub,COLLEGE
jonathan franzen demonstrates his spirit animal is lucille bluth,ARTS & CULTURE
as wildfires rage dogs seen protecting body of fawn,GOOD NEWS
what i learned from drawing my face over and over,ARTS & CULTURE
simpsons cocreators sweet memorabilia up for auction,ARTS & CULTURE
an entire house dangles midair in germany all in the name of art,ARTS & CULTURE
man plants endless lanes of sunflowers to honor beloved late wife benefit cancer patients,GOOD NEWS
you have one month left to see hedwig and the angry inch on broadway,ARTS & CULTURE
the university of texas makes major investment to address deficits in campus sexual assault research,COLLEGE
little girl and husky puppy howl in a doggone cute duet,GOOD NEWS
mom writes viral note to boy who saw her son with disability like any other kid,GOOD NEWS
diane guerrero shares how she stays connected to deported family,LATINO VOICES
ever seen everyone in nyc in one place now you have,ARTS & CULTURE
oklahoma residents leave water out for mail carriers during heatwave get stamp of approval,GOOD NEWS
among those advising obama on his future plans eva longoria report says,LATINO VOICES
bunny wheelchair is huge help for giant rabbit who couldnt walk,GOOD NEWS
back away from students medical records feds warn colleges,COLLEGE
these delicate drawings are the handiwork of a very smart computer,ARTS & CULTURE
autistic rock band grooves to its own beat,GOOD NEWS
meet the undocumented immigrant who works in a trump hotel,LATINO VOICES
jk rowling empowers writer to turn haterade into ammunition,GOOD NEWS
what happens when a male photographer tries to reclaim womens bodies,ARTS & CULTURE
man falls to his death trying to save suicidal teenager in hawaii,COLLEGE
some students are living in college employees basements,COLLEGE
artist reimagines the fantastic origins of vintage wwiera photos,ARTS & CULTURE
colorblind man sees sunset for first time and its fcking cool,GOOD NEWS
hey college students going on a roof or balcony after drinking is dangerous,COLLEGE
alabama sorority video called worse for women than donald trump,COLLEGE
andrew lohses memoir about frat life at dartmouth might become a movie,COLLEGE
dont you die on me ohio trooper saves mans life,GOOD NEWS
the only guacamole recipe youll need this summer,FIFTY
why uncles are the absolute best,FIFTY
why medicare needs to grow up,FIFTY
when art likes you back,ARTS
not getting married today,ARTS
19 people shot dead in são paulo massacre,LATINO VOICES
frat suspended after rape some bs comment caught on tape,COLLEGE
drunk mode app is redefining the college party experience,COLLEGE
exclusive interview with bosque hrbek founder of symbiosis gathering,ARTS
photographer blends cartoons and celebrities into every day scenes to spice up life,GOOD NEWS
police killings of latinos spark less outrage than when victims are black,LATINO VOICES
man builds rad allterrain wheelchair that looks like a tank for war hero dad,GOOD NEWS
latina abuelas will go crazy for this sale on mislabeled food containers,LATINO VOICES
dying st bernard plays in snow one last time has the time of her life,GOOD NEWS
do trigger warnings on campus cause more harm than good,COLLEGE
barber gives free cuts to kids who read aloud in his chair and its shear genius,GOOD NEWS
university of illinois plans to fire chancellor wont give her a bonus,COLLEGE
university of texas will remove jefferson davis statue,COLLEGE
this physicians goofy dance moves are just what the doctor ordered,GOOD NEWS
paralyzed 3yearold boy has simple humble wish fulfilled,GOOD NEWS
university of kansas under more scrutiny on sexual assault cases,COLLEGE
clemson pledge was forced to walk narrow bridge railing before his death new documents claim,COLLEGE
police departments cheesy initiative rewards good behavior with pizza,GOOD NEWS
womans offer to turn strangers lonely lunch into a weekly date goes viral,GOOD NEWS
golden retriever puppy gets a lesson on how to use a slide,GOOD NEWS
how dogs do summer vs how cats do summer,GOOD NEWS
us judge dismisses copyright infringement case against shakira,LATINO VOICES
man auditions for miami heats allfemale dance team is in it to win it,GOOD NEWS
haruki murakamis early stories arent just for superfans,ARTS & CULTURE
watch this pup stroll with his parrot friend,GOOD NEWS
cincinnati campus police had surge in citations against black motorists and pedestrians,COLLEGE
the movie biz isnt the only one with a franchise dependence problem,ARTS & CULTURE
with the help of a scroll bar swim thru fire tells a gripping immersive story,ARTS & CULTURE
shakira gets a kick out of living with a soccer star,LATINO VOICES
detainess in family detention file 10m in medical neglect claims,LATINO VOICES
virginia alcohol agents involved in bloody arrest return to duty,COLLEGE
classified ad exchange reminds us that strangers can kind of be the best,GOOD NEWS
dog missing for almost a decade reunites with family in colorado,GOOD NEWS
these groups are hoping to help firstgeneration college students make it to graduation,COLLEGE
in informed consent a native american tribes battle is recreated off broadway,ARTS & CULTURE
geeking out with felicia day,ARTS & CULTURE
why it matters university of illinois officials used private emails for work,COLLEGE
virginia wesleyan college demands rape victims entire sexual history,COLLEGE
this is how you handle a retired partner,FIFTY
why so many adult kids continue to move back home,FIFTY
4 essential tips to help you care for aging parents,FIFTY
judge rules latest pearsonnysed test does not discriminate  so far,EDUCATION
this parody of bollywood party songs is too good yaar,ARTS & CULTURE
that time a ya book won the pulitzer prize for fiction,ARTS & CULTURE
4 ways to deal with job rejection,FIFTY
the one rule for letting go of baggage in your 50s,FIFTY
my students dont need more debt,EDUCATION
university of illinois chancellor resigning following multiple controversies,COLLEGE
mississippi man turns saucy lyrics into dollar menu delight,GOOD NEWS
is this the best harry potter pun ever,ARTS & CULTURE
911 dispatcher accused of hanging up on spanishspeaking callers,LATINO VOICES
this woman serves chicken to homeless wearing a funky chicken hat,GOOD NEWS
puppy trying to fill a kiddie pool with a hose is one cool hot dog,GOOD NEWS
cincinnati city council votes to limit university cops patrolling off campus,COLLEGE
cecil honored by lion king animator with a majestic illustration,GOOD NEWS
to all the meatloving feminists of the world riot grill has arrived,ARTS & CULTURE
georgia cops trade tickets for treats hand out ice cream at traffic stops,GOOD NEWS
9 ways youre failing at life according to old school latino parents,LATINO VOICES
street sweeper saves girls chalk art and our souls with kind act,GOOD NEWS
queridakellyosbourne calls star out on her nonapology to latinos,LATINO VOICES
tremendously twee short film pays homage to imaginary friends,ARTS & CULTURE
police cars go rainbow for pride celebration cops serve and protect in style,GOOD NEWS
heroic officer rescues skunk on same street where he once saved ducklings,GOOD NEWS
harpists cover of taylor swifts style is just too damn good,ARTS & CULTURE
puppy with skin infection rescued from euthanization makes stunning recovery,GOOD NEWS
photos capturing string instrument movements are so stunning they look photoshopped,GOOD NEWS
gina rodriguez has an affair to remember on whose line is it anyway,LATINO VOICES
photographer highlights income inequality with aerial photos of la neighborhoods,ARTS & CULTURE
police officer fights crime and saves baby skunks,GOOD NEWS
new cecil the lion beanie baby sales to be donated to wildlife conservation,GOOD NEWS
donald trump is doing the gop no favors among latinos says poll,LATINO VOICES
sofia vergara channels the kid in all of us with sweet mustache,LATINO VOICES
robert rodriguez wrote from dusk till dawn role for demi lovato,LATINO VOICES
chita rivera to young performers learn how to sing and dance,LATINO VOICES
artists with disabilities explore the farreaching potential of visual expression,ARTS & CULTURE
britney spears sends sweet message to teen who recovered from stroke dancing to toxic,GOOD NEWS
dog naps with toddler under blanket internet sighs,GOOD NEWS
they shoot horses dont they not if these equine innovators can help it,GOOD NEWS
whos that lady,FIFTY
expiration date unknown,FIFTY
cincinnati shooting begs the question what kind of limits should campus police have,COLLEGE
education department opens investigation of grinnell college but not because it asked for it,COLLEGE
what we found at the end of the tour,ARTS
10 book recommendations for all of your travel needs,ARTS & CULTURE
eva longoria shuts down journalist who accused her of selling out,LATINO VOICES
now watch this amazing tv reporter whip watch him nae nae,GOOD NEWS
heres definitive proof that theres nothing cuter than sleeping puppies,GOOD NEWS
toddler and woman both without arms share heartfelt hug,GOOD NEWS
how to break the internet with your art,ARTS & CULTURE
family walks thousands of miles from disneyland to disney world in memory of daughter,GOOD NEWS
rolling stone sued by uva students over rape story,COLLEGE
latino college students read emotional letters thanking parents,LATINO VOICES
watch justin bieber throw a fan the quinceañera of her dreams,LATINO VOICES
study explains why some movies are so freakin scary,ARTS & CULTURE
this essay proves weve always worried about the future of books,ARTS & CULTURE
telemundo tackles huge obstacles immigrants face in the us,LATINO VOICES
800 corgis took over a beach in california this weekend,GOOD NEWS
scared corgi puppy tries the stairs one adorable paw at a time,GOOD NEWS
the bachelorette really does face a nasty double standard,ARTS & CULTURE
bomba estéreo experiments with explosive dance beats in amanecer,LATINO VOICES
artist replaces billboard ads with nature photos,ARTS & CULTURE
jim crowera folk artist captures the haunting ways we envision death,ARTS & CULTURE
how cell phones would change the plots of famous books,ARTS & CULTURE
hula dancers shut down the nae nae hawaiian style,GOOD NEWS
george washington university drops admissions test requirements,COLLEGE
usc and uc san diego are fighting over a research project but now a judge has intervened,COLLEGE
spelman college drops bill cosby professorship,COLLEGE
black trooper in powerful viral photo with white supremacist reveals what really happened,GOOD NEWS
saying goodbye to my companion of 42 years my dryer,FIFTY
black lives matter,ARTS
how to choose the right student loan repayment plan,EDUCATION
envy all of the birds with this stunning series of aerial photos,ARTS & CULTURE
the best friend ever meet a 9yearold bracelet philanthropist,GOOD NEWS
magical app will turn adfilled subway stations into popup art galleries,ARTS & CULTURE
the bottom line imperium a fiction of the south seas by christian kracht,ARTS & CULTURE
new jersey colleges might have to disclose their data about oncampus suicides,COLLEGE
immigrant youth give dianne feinstein donald trump award,LATINO VOICES
doug the pug recreates tswifts best mugs,GOOD NEWS
cosbys lawyer faces call to step down as chair of temple trustees,COLLEGE
huskys owner returns after long trip dog has total happiness meltdown,GOOD NEWS
police officer spends last day on the job giving out gift cards instead of tickets,GOOD NEWS
texas denies birth certificates to usborn children of undocumented parents,LATINO VOICES
teens kind act is a little touch of heaven to the elderly woman he helped,GOOD NEWS
nobel prize winners demand better health care for victims of sexual violence in colombia,LATINO VOICES
manhattans hottest rooftop has a sunset with no sun,ARTS & CULTURE
selfless boy uses makeawish to bring free food truck to his supportive community,GOOD NEWS
man builds custom motorcycle to honor his late wife,GOOD NEWS
marching band gives cancer patient fanfare she deserves after her chemotherapy,GOOD NEWS
university of california raises minimum wage to 15,COLLEGE
archie cartoonist tom moore dies,ARTS & CULTURE
when colleges threaten to punish students who report sexual violence,COLLEGE
these dogs were scheduled to die but a hug changed everything,GOOD NEWS
compassionate teen saves pig friend from slaughter,GOOD NEWS
school choir serenades teacher who was diagnosed with cancer in beautiful show of support,GOOD NEWS
local restaurants pay respects to chattanooga shooting victims in simple moving way,GOOD NEWS
harper lees go set a watchman sales hit 11 million,ARTS & CULTURE
literature for optimists,ARTS & CULTURE
cop spends his last day on the job handing out gift cards to strangers,GOOD NEWS
retiring teacher moved to tears by surprise flash mob on her last day,GOOD NEWS
colleges are finding ways to increase diversity without affirmative action,COLLEGE
the outsider has officially squeezed its way inside the art world,ARTS & CULTURE
after womans wheelchair breaks down police officers cheer her up with a hug  and birthday cake,GOOD NEWS
rabbit the pawless poodle struts his stuff with new prosthetics,GOOD NEWS
become who you are the worlds first legally recognized cyborg may be onto something,ARTS & CULTURE
mcdonalds musical ad targets hispanics with princess of bachata,LATINO VOICES
facebook helps save life of man with disability after his incoherent post caught friends attention,GOOD NEWS
college junior shares his strategy for getting the most out of tinder,COLLEGE
most usmexico border smugglers are us citizens paper finds,LATINO VOICES
4yearold cancer patient marries her favorite nurse,GOOD NEWS
heres why the college admissions process is bonkers,FIFTY
5 of the best  and most useful  swag items,FIFTY
living in the shadow of my daughters anorexia,FIFTY
big girls dont cry,ARTS
the power of collective voice,EDUCATION
how to feel younger each year without a facelift,FIFTY
how theatre helped me embrace my age,FIFTY
setting the record straight the nutcracker comes to america,ARTS
jane the virgin narrator anthony mendez on getting the shows only emmy nomination,LATINO VOICES
utc greek community starts online fundraiser for chattanooga shooting victims,COLLEGE
what happened at a texas frat when they thought no one was watching,COLLEGE
just try not to smile while you watch these dancing puppies,GOOD NEWS
bird scores a goal celebrates like a champ,GOOD NEWS
street artist revamps abandoned buildings with creepy baroque imagery,ARTS & CULTURE
how this dog finds its owner in a field will make you smile,GOOD NEWS
restaurant bartender leaves a single beer out to remember fallen soldier,GOOD NEWS
clemson officially denounces pitchfork ben a racist founder of the school,COLLEGE
this dog may actually be an ewok,GOOD NEWS
music festivalgoers can give blood in exchange for discounted tickets,GOOD NEWS
latino voters dislike donald trump even more than mitt romney poll shows,LATINO VOICES
perfectly timed photos that make dogs look like giants,GOOD NEWS
weather forecaster cant stop wont stop unleashing taylor swift lyrics in hilarious report,GOOD NEWS
texas police officer pulls woman over ends up saving her life,GOOD NEWS
a scifi guide to navigating the universe,ARTS & CULTURE
yik yak is now allowing users to post photos,COLLEGE
as classic signs slowly disappear this project seeks to write their history,ARTS & CULTURE
musician rhiannon giddens responds to charleston massacre with devastatingly beautiful song,ARTS & CULTURE
the artist behind controversial michael brown sculpture explains her motivations,ARTS & CULTURE
after his job plea was posted to twitter homeless man is flooded with offers,GOOD NEWS
terminally ill boy gets early avengersthemed halloween party fit for the mightiest hero,GOOD NEWS
photographer finds unlikely muse in her bodybuilding father,ARTS & CULTURE
star wars fan walks 645 miles to comiccon in stormtrooper costume as tribute to late wife,GOOD NEWS
jeff koons must die a video game that brings your angry art world fantasies to life,ARTS & CULTURE
river guide carries malnourished bear cub to safety in raft,GOOD NEWS
migrant laborers in california get free english classes from local charitable teen,GOOD NEWS
author jeff lindsay says goodbye to serial killer dexter with final novel,ARTS & CULTURE
postapocalyptic photos imagine the fate of our outdated technologies,ARTS & CULTURE
usf student who deleted emails about his sexual assault charge latest to lose in title ix lawsuit,COLLEGE
a mesmerizing soundsuit memorializes trayvon martins death,ARTS & CULTURE
texas cop does the nae nae dance,GOOD NEWS
policeman buys diapers shoes for mom of 6 who was caught shoplifting,GOOD NEWS
teen knocks out cancer celebrates victory by running up iconic rocky steps,GOOD NEWS
meet me in montenegro and 6 more beautiful films about runaway love,ARTS & CULTURE
brooklyn law school offers partial refund if grads dont get jobs,COLLEGE
black mirrorinspired photography exhibition proves reality can be stranger than scifi,ARTS & CULTURE
the lililite is a genius solution for your bedside pile of toberead books,ARTS & CULTURE
why you may not have ever seen an original frida kahlo in real life,ARTS & CULTURE
snorkelers jam out at underwater concert learn about coral reefs in the best way,GOOD NEWS
an artists beforeandafter drawings show what happens when you actually stick to your dreams,ARTS & CULTURE
fishermen lose it in the best way when whales pop up next to their boat,GOOD NEWS
aatish taseer talks sanskrit the dangerous power of english and his new novel,ARTS & CULTURE
new study challenges assumptions about serial rapists on campus,COLLEGE
should dixie state university change its name to drop confederate reference,COLLEGE
switching from a college to a university could mean more money more students,COLLEGE
summer book bingo spices up summer reading,ARTS
meet the 70yearold hiking the pacific crest trail,FIFTY
10 new books everyone should read this summer,FIFTY
david ligare at the crocker art museum sacramento,ARTS
singular sensations,ARTS
will the new jersey lotto help student loan borrowers,EDUCATION
dorm room essentials for the student traveler,COLLEGE
what turning 50 really feels like,FIFTY
the simple way to find happiness in every day,FIFTY
jonathan kozols death at an early age is still a mustread,EDUCATION
10 things every woman wants her motherinlaw to know,FIFTY
getting out from under student loans for teachers,EDUCATION
the first chapter of harper lees go set a watchman has arrived and readers are thrilled,ARTS & CULTURE
read the first chapter of harper lees go set a watchman,ARTS & CULTURE
the luck archive documents the talismans and rituals all around us,ARTS & CULTURE
icelandic artist seeks corpse for very morbid dance performance,ARTS & CULTURE
colleges begin establishing exchange programs in cuba,COLLEGE
boulevard star roberto aguire on working with robin williams in last dramatic role,LATINO VOICES
private prison company forced immigrants to work for free lawsuit says,LATINO VOICES
archie comics have a brand new look including more realistic portrayals of women,ARTS & CULTURE
tom hanksinspired art gets its own big exhibition,ARTS & CULTURE
learn some damn theater etiquette or patti lupone will steal your phone,ARTS & CULTURE
the bottom line a cure for suicide by jesse ball,ARTS & CULTURE
wednesday martin denies fabrication allegations i changed identifying details,ARTS & CULTURE
museums kimono wednesdays cancelled after claims of racism,ARTS & CULTURE
the rain room is coming to los angeles not to be confused with actual rain,ARTS & CULTURE
awkward prom photos have gone queer and we couldnt be happier,ARTS & CULTURE
universities are trying to teach faculty how to spot microaggressions,COLLEGE
7 facts that bring order to the madness of alices adventures in wonderland,ARTS & CULTURE
education department dismisses complaint from asian americans group against harvard,COLLEGE
kenyon college student conducts the weirdest interviews in videos for prospective students,COLLEGE
meet the last pigeon keeper in new yorks east village,ARTS & CULTURE
frida kahlo comic sums up the remarkable joys of being strange,ARTS & CULTURE
gates foundation proposes fafsa reform,COLLEGE
how the new york public library is bridging the digital divide,ARTS & CULTURE
tall women in clogs busts stereotypes about height gender and more,ARTS & CULTURE
we need more trans women represented in art history,ARTS & CULTURE
men & cats gorgeously portrays the love between a man and his kitty,ARTS & CULTURE
street art murals from all 196 countries in the world show were not that different after all,ARTS & CULTURE
from the streets of ny to main street sm flore and westgard take on la,ARTS
someone vandalized a clemson building named after a racist politician,COLLEGE
what breaking up on the bachelorette reveals about toxic masculinity,ARTS & CULTURE
watch an entire disney movie in the blink of an eye,ARTS & CULTURE
six countries where its illegal to dance,ARTS & CULTURE
young adult author points to lack of diversity in genre,ARTS
how i got my butt kicked by a woman in the gym,FIFTY
commence to move forward,COLLEGE
as debt crisis looms puerto ricans are left holding the bag,LATINO VOICES
mexican laborer demolishes donald trumps bigotry in just 1 minute,LATINO VOICES
monday matters adorable kitten and dog grow up together the white house celebrates marriage equality and a psa for forgiveness,GOOD NEWS
the teacher as expert movement,EDUCATION
6 ways to start living a life of no regrets  now,FIFTY
the thing nobody ever tells you about sex in middle age,FIFTY
a long overdue letter to donald trump,LATINO VOICES
9 ways to deal with running into your ex,FIFTY
4 mustknow tips for your parents hospital stay,FIFTY
keeping up appearances,ARTS
keys to understanding your student loans while in school,EDUCATION
the process of student loan deferment explained,EDUCATION
classical live a gift to new music fans,ARTS
dog snitched on by canine pal in most adorable way,GOOD NEWS
an open letter to the lifeguard who saved a little boy,GOOD NEWS
our golden opportunity,EDUCATION
you are what you earn,EDUCATION
when and how social security checks are delivered,FIFTY
how living apart has made my spouse and me closer than ever,FIFTY
6 tips that could help your student loan repayment,EDUCATION
6 tips to boost your career,COLLEGE
afloat once more on san francisco operas show boatand in its wake sweeney todd,ARTS
one more teacher for bernie,EDUCATION
americana for the fourth of july,ARTS
leave your healthcare woes behind by moving to mexico,FIFTY
fordham education department sued over students mental health records,COLLEGE
sae fraternity hires woman to lead diversity efforts,COLLEGE
arthamptons lifetime achievement award ruth appelhof at the maidstone,ARTS
trump says california shooting vindicates comments about immigrants,LATINO VOICES
a lesson i learned in the army,LATINO VOICES
how obama reversed course on college ratings,COLLEGE
lsu insists fired professor had a history of verbal abuse against students,COLLEGE
10 things midlifers should know about todays workplace,FIFTY
13 ways artists around the world have interpreted the american flag,ARTS
how losing weight can be bad for a relationship,FIFTY
the behavior grownups should model every day,FIFTY
tattoo artist turns girls leg braces into wicked awesome disney villains,GOOD NEWS
15 beach reads to bask in this summer,ARTS
university of kansas plans to create meditation room,COLLEGE
family sues pi kappa phi cal statenorthridge over pledges death,COLLEGE
scientology leader david miscaviges father to write tellall book,ARTS & CULTURE
ptsd a growing problem for our returning veterans,FIFTY
a starry night of gershwin by the philadelphians,ARTS
former burlesque stars prove eroticism has no age limit nsfw,ARTS
shakira celebrates sons 5 month birthday with adorable photos,LATINO VOICES
nature adds a psychedelic spin to lucinda bunnens photography,ARTS
art that a amuses b challenges c leaves us in disbelief,ARTS
the 5 things i learned in my 20s,ARTS
clips from game of thrones girls and other hbo shows provide life advice for college grads,COLLEGE
washington state moves to cut public university tuition by up to 20 percent,COLLEGE
treat people as you want to be treated,EDUCATION
holding universities accountable,EDUCATION
your fafsa questions answered,EDUCATION
liberal artsprofessional divide is an illusion,COLLEGE
a college graduates guide to student loans,EDUCATION
no equal in the world leadership advice for new college presidents,EDUCATION
in case you dont know what great teaching looks like,EDUCATION
cops coach chicago youth baseball league to foster peace in crimeridden neighborhood,GOOD NEWS
a quick and natural fix for dry eyes,FIFTY
deborah levys strange novels are not your mothers book club pick,ARTS
why so many boomers have been bitten by the nostalgia bug,FIFTY
7 things you should not apologize for,GOOD NEWS
leonardo da vincis personal writings show us how a genius thinks,ARTS
community college and the american dream,EDUCATION
portrait of a quiet girl celebrates the private madness within us all,ARTS
cop gives electronic tablet to girl who was saving up to buy device just to see her smile,GOOD NEWS
from goose bumps to a tight rope village this weeks curios,EDUCATION
today we celebrate but tomorrow we get back to work,COLLEGE
30 things ive learned about life and kindness in my 30s,GOOD NEWS
talking to our kids the conversation we should be having,LATINO VOICES
mark twain gave good advice about the dangers of good advice,ARTS
10 things only those who love an introvert would understand,FIFTY
4 wishes for the class of,COLLEGE
lullaby of bway at 35,ARTS
to latinos trump is bad politics and bad news,LATINO VOICES
betterocracy,EDUCATION
ladies why cant we all just get along,FIFTY
10 ways to stay mentally healthy and happy in your 50s,FIFTY
10 tips for handling stress,FIFTY
this is how high school made you a better person,EDUCATION
for effective education policy listen to effective teachers,EDUCATION
why america demonizes its teachers  part 3 what teacher evaluation is really about,EDUCATION
one reason whyhostingmatters volunteerism makes communities stronger,EDUCATION
party at the sacred mountain for 5 points gathering,ARTS
5 reasons summer is so much more stressful than it used to be,FIFTY
what its like to lose everything in a flood,FIFTY
the secret to acing a job interview,FIFTY
wild goat chills with kangaroos thinks hes part of the family,GOOD NEWS
sign up to stand up for global academic freedom,COLLEGE
6 reverse mortgage tips to rely on when shopping lenders,FIFTY
new report sheds light on the antiaging market,FIFTY
you graduated now what 10 steps to building your life on purpose,EDUCATION
whos in charge our assumptions about race and gender,EDUCATION
your older sibling might affect your college choice,COLLEGE
17 things you should never say to a friend with breast cancer,FIFTY
this program is empowering young latinas to follow their dreams,LATINO VOICES
ken ham hits miley cyrus like a wrecking ball,EDUCATION
single mom buys billboard to congratulate her son on high school graduation,GOOD NEWS
what the liberal arts did for me,COLLEGE
your student loan refinancing questions answered,EDUCATION
how technology is disrupting work and education faster than you ever imagined,EDUCATION
sweden blood bank texts donors to notify them whenever their blood helps save a life,GOOD NEWS
michael jacksons beat it sounds wondrously funky on acoustic guitar,GOOD NEWS
this woman photographed herself every time she cried for three years,ARTS
strong dollar makes this colonial caribbean haven a bargain,FIFTY
inside 5 of the worlds most expensive hotels,FIFTY
recordings from music maker relief foundation and a free album,ARTS
etgar keret examines life and death in israel through the eyes of a new father,ARTS
5 ways summer is aging you  and how to prevent it,FIFTY
health education takes center stage,EDUCATION
transcending the traditional art fair unlimited at art basel,ARTS
13 pieces of beauty advice wed love to give our younger selves,FIFTY
a day in the life of a modern poet,ARTS
columbia adds toni morrison but not trigger warnings to required reading,COLLEGE
this is how to afford living abroad,FIFTY
massart gives boston fashion sense,ARTS
kindergarten readiness part 2,EDUCATION
fatherson duo brings breakfast to life with syrupy sweet pancake art,GOOD NEWS
south carolina college presidents join calls for confederate flags removal,COLLEGE
magic mike star proposed to sofia vergara in spanish adorably,LATINO VOICES
a hungarian lens on photography,ARTS
how to read a bad book by a great author,ARTS
heres how to decide if grad school is right for you,EDUCATION
heartwarming rescue of a blind pug will give you all the feels,GOOD NEWS
trisha williams and gamer girl pinups fine art and women in the gaming world,ARTS
the problem with boycotting the dominican republic why it is not the answer to the human rights crisis,LATINO VOICES
is federal loan consolidation for you,EDUCATION
the shade room is more than a gossip blog,COLLEGE
new yorks flex dancers test the limits of the human body,ARTS
slashies vs yuccies real faces of the new creative class,ARTS
getting your photography published 20,ARTS
university security investigated for claim they physically restrained sexual assault victim,COLLEGE
should i switch my student loan to a variable interest rate,EDUCATION
bits and snatches,ARTS
chinese woman buys 100 dogs to save them from meat festival,GOOD NEWS
civilization & values,GOOD NEWS
baseltopia searching for utopia and dystopia at art basel,ARTS
reclaiming my dad on fathers day,FIFTY
homenaje a un macho mexicano,LATINO VOICES
walking the walk for working families,EDUCATION
18 things that whisk us back to the summers of our youth,FIFTY
london life,ARTS
the gifts of middle age i had been taking for granted,FIFTY
what the dog and cat hear when we speak to them,FIFTY
what i should have asked my father before he died,FIFTY
8 foods that are super good for your skin,FIFTY
from walls to wheels driving art in high gear,ARTS
buying and selling art isnt all about money to curators for a cause,ARTS
remembering my father on fathers day,GOOD NEWS
boy donates birthday money to kids of fallen officer,GOOD NEWS
laudato si reflections on francis and the encyclical,LATINO VOICES
nursing home placement can be the most loving choice for a person with alzheimers,FIFTY
aisle view glorias wild ride,ARTS
theres a diploma for that,EDUCATION
class clown to class president,COLLEGE
watch juicing for the homeless donates fresh fruit drinks,GOOD NEWS
worlds best literary dads,ARTS
uva is naming a building for a former slave couple,COLLEGE
this is what being a latino dad means today,LATINO VOICES
let us learn to unlearn,LATINO VOICES
private student loans are trapping cosigners cfpb finds,COLLEGE
bridge players hope to trump alzheimers,FIFTY
classroom aesthetics not the art of teaching  teaching as art,EDUCATION
evidencebased vs evidenceproven,EDUCATION
90 year old father looking for long term relationship,FIFTY
anish kapoors vagina sculpture vandalized at versailles,ARTS
tips for paying off medical school loans,EDUCATION
when losing is winning,ARTS
charleston shooting vigil ends with moving civil rights anthem we shall overcome,GOOD NEWS
notes from a dive bar xi,FIFTY
saying goodbye to gigi and realizing the limits of social media,ARTS
the classic book you should finally read this summer,ARTS
6 things to look for in your next home,FIFTY
why were spending way too much to look young,FIFTY
how i found a simpler way of life by retiring in the caribbean,FIFTY
cyber citizenship heads to texas public middle schools,EDUCATION
a community mural festival blossoms in queens,ARTS
art basel in basel unlimited video,ARTS
gina rodriguez just gave her dad a great fathers day gift,LATINO VOICES
the brutal job search reality for older people seeking work,FIFTY
helen mirren drops fbomb when calling out hollywoods ageism,FIFTY
throwing out the clock on teacher education,EDUCATION
indiana strikes again why removing world language requirements from hoosier high school diplomas could be detrimental,COLLEGE
3 steps to build confidence as a firsttime job hunter,COLLEGE
and here we attempt to illustrate yoko onos most beguiling tweets,ARTS
my interview with max ginsburg,ARTS
family matters dreammakers unapologetically investing in the underserved,GOOD NEWS
hand trucks grit and the ondemand economy,EDUCATION
yiddishwongish its all fun in the theater,ARTS
the error of blaming the latino community for celebrities flops,LATINO VOICES
sophie calle letters from the past,ARTS
more college and university students facing mental health challenges,COLLEGE
5 myths about hiring youth over experience,FIFTY
7 classic feminist ya books everyone should read,ARTS
monday matters baby moose play like kids american pharoahs jockey gives back and the man whos saved 2 million babies,GOOD NEWS
trusted teacher fired for discussing sandy hook during safety drill,EDUCATION
10 super cool ways to up your grandma game,FIFTY
columbia students reveal university missteps in sexual assault investigations,COLLEGE
why being judgmental is really all about me,FIFTY
aisle view swingers with qualms,ARTS
forever bleeker street forever young,ARTS
lost elderly woman in scooter chair gets police escort home  at 6 mph,GOOD NEWS
talkin bout my generation,FIFTY
for one year this publisher will only release books by women,ARTS
the most common questions about boomer dating answered,FIFTY
why cincinnatis library once collected snails,FIFTY
which federal student loan repayment plan is right for me,EDUCATION
the shame game,ARTS
othello at zombie joes underground theatre,ARTS
why america demonizes its teachers  part 2 five proposals that would change the world,EDUCATION
9 perfect holidays for travelers seeking something different,FIFTY
7 books every middleaged person should read this summer,FIFTY
mens 6 pet peeves about womens online dating profiles,FIFTY
how to change toxic family communication,FIFTY
how to protect yourself from smartphone scams,FIFTY
hunger strike at arizona detention center after immigrants mysterious death,LATINO VOICES
educating for democracy the numbers game,EDUCATION
first nighter rajiv josephs guards at the taj shocks admirably,ARTS
10 ways to increase your creativity,ARTS
keep the change life lessons from a little money a commencement address,EDUCATION
mind the expectation gap,COLLEGE
thousands of social security retirees still paying back student loans thousands seeing a portion of their social security check seized,FIFTY
who knew marijuana looked so beautiful up close,ARTS
why i love being over 50,FIFTY
have student loans understand your apr,EDUCATION
jeanne dunn seeing trees for the forest,ARTS
graduation not goodbye,COLLEGE
federal officials concerned about loophole in privacy law for rape victims,COLLEGE
why happy hours may soon replace early bird specials,FIFTY
11 rights all students should have,EDUCATION
25 parallel worlds created by photoshop master michal karcz,ARTS
5 steps that will make you love online dating,FIFTY
the fascinating truth about women and sex after 50,FIFTY
this is why so many boomers are delaying retirement,FIFTY
artist susan sweet talks about painting and living in rural nova scotia,ARTS
the leveling of the college playing field,COLLEGE
making evidence primary for secondary readers,EDUCATION
signs to good words,COLLEGE
heres what just one bad nights sleep can do to you,FIFTY
elder abuse growing into a national crisis,FIFTY
5 cooper union trustees resign in protest,COLLEGE
10 photographers share an image that changed everything and the stories behind them,ARTS
the benefit of making noise in and out of bed,FIFTY
high school students create haunting artwork about standardized tests,ARTS
game changer 4 reasons digital learning thwarts feelings of failure,EDUCATION
a choosy mom on choosing schools,EDUCATION
a connecting flight,ARTS
why this opera singer took a non singing job at an opera company,ARTS
the 5 aggravations of cohabitation,FIFTY
philadelphia neighborhood looks to immigrant entrepreneurs for economic rebirth,LATINO VOICES
and the award goes to from brooklyn,ARTS
retirement mistakes to avoid if you plan to retire soon,FIFTY
how to dress for summer as an older woman,FIFTY
journalism education and the next war,EDUCATION
dreams take care of themselves,ARTS
15 women illustrators you should follow on instagram right now,ARTS
50 things weve learned by age 50,FIFTY
misconception monday viruses are not omnipotent part 2,EDUCATION
a modest proposal to halt rising tuition costs,COLLEGE
to fulfill their rights,LATINO VOICES
live and live a life,FIFTY
snape from harry potter now works for american airlines among common muggles,GOOD NEWS
smartphones closing or widening the racial achievement gap,EDUCATION
importance of cultural exchange with russia during political frost,ARTS
how model valerie ramsey is opening new worlds for older women,FIFTY
only english speakers capitalize i but that doesnt mean were obsessed with ourselves,ARTS
a fastforwarding strategy for college graduates,COLLEGE
formerly single mom provides free laundry dignity for families in need,GOOD NEWS
boy with aspergers dreaded field day so fellow fifthgraders helped him feel like a star,GOOD NEWS
what emmas mattress means for medicine,COLLEGE
a path to dairy farming not college,EDUCATION
a bizarre feminist music video experiment is pretty much rocking our world,ARTS
david geist opens up about events that brought him closer to the flame,FIFTY
choosing hope a visit to alamo navajo reservation,GOOD NEWS
an open letter to john paulson,COLLEGE
we need more college graduates,COLLEGE
susan lizotte blood & treasure,ARTS
why did a peruvian artist bury gold in an abandoned mansion,ARTS
lets calm down about the college search,EDUCATION
the photographic eye of sarah kaufman,ARTS
how to make broadway musical theater more diverse and empower kids along the way,ARTS
a complete list of the tony award winners,ARTS
68 public college presidents make more than president obama,COLLEGE
everything you need to know about applying for student loans,EDUCATION
3 ways to get the best private student loans for college,EDUCATION
meanwhile back at the missing persons bureau,ARTS
why this boomer man has never felt more alive,FIFTY
13 things i will never have to do again in my empty nest,FIFTY
what was better the 1960s or 1970s,FIFTY
why midlife is often the age of regret,FIFTY
the tonys fun home and kids,ARTS
an exclusive peek inside this years tony awards gala,ARTS
the easiest ways to get student loan relief,EDUCATION
alzheimers and making peace with god,FIFTY
super troopers buy pizzas for stranded travelers,GOOD NEWS
how filmmaker paige morrow kimball is helping make the world a better place,ARTS
make entrepreneurship education your summer school,EDUCATION
an adieu to cedar lake contemporary ballet,ARTS
5 ways to reduce your graduate school student debt,EDUCATION
asian pacific american labor alliance and hands up united partner for asian american and pacific islander artist delegation to ferguson,ARTS
people with this blood type have more gray matter than the rest of us,FIFTY
college educated latinos is the future financially secure part i,LATINO VOICES
an ode to a teachers summer vacation,EDUCATION
fifthgrader nails whitney houston classic for talent show,GOOD NEWS
june weddings and fathers day,FIFTY
after seeing a fifthgrader get bullied this group of boys vowed to stand up for him,GOOD NEWS
having emotions is sometimes a sign of strength,GOOD NEWS
busted 5 myths about sex after 50,FIFTY
connections education & nexus academy changing the vision,EDUCATION
jean ritchie and the cool of the day,ARTS
welcome to the wonderful world of noz,FIFTY
a grandmothers legacyg,FIFTY
its proven its perfect ill change it,EDUCATION
6 job tips for recent graduates a millennials guide to that first postgrad job,COLLEGE
joe biden stands up and speaks out about assault,COLLEGE
fridas garden fridas closet the artist and her personal artifacts,ARTS
watch brothers dress up to raise awareness for wounded warriors,GOOD NEWS
a brother to all,COLLEGE
buying a home know hard costs going in,EDUCATION
latinovators the triumphs and hurdles of latino entrepreneurs,LATINO VOICES
sleepy baby elephant picks one awful napping spot,GOOD NEWS
its time to reinvest in our kids,EDUCATION
real estate ebb and flowold to young,EDUCATION
new sat a biased exam in a biased world,COLLEGE
should i put my money in forex or stocks,COLLEGE
writing to heal in the bronx,LATINO VOICES
northwestern student drops complaint against professor in laura kipnis case,COLLEGE
defiance soars in concerts commemorating the holocaust,ARTS
cop who responded to deadly crash stands in parents place at sons graduation,GOOD NEWS
you will find your voice,FIFTY
my qeii obsession,FIFTY
ira world premiere benefits shrunken shakespeare and the actors fund,ARTS
six degrees to skilled labor,COLLEGE
woman who is paralyzed just wanted to style her hair so a stranger made her a modified tool,GOOD NEWS
on the holiness of plastic interviewing dorothea lasky,ARTS
navajo band teaches native american youth how to write their own songs overcome obstacles,GOOD NEWS
one hundred days of summer,COLLEGE
monday matters the cutest bear fight in history a giant pizza party and potbellied pigs that will cheer you up,GOOD NEWS
what new research tells us about moms who work outside the home,FIFTY
pit bull rescued from highkill shelter really loves snuggling,GOOD NEWS
teen mom who was once homeless becomes high school valedictorian,GOOD NEWS
immigration victory in nebraska deals another blow to gop,LATINO VOICES
reflections on a historic summit of the americas,COLLEGE
radish a cat wants outta here,GOOD NEWS
graduating this year read this first,COLLEGE
an invitation to do something about the environment,FIFTY
travels with my dad,FIFTY
online learning bending the cost curve in higher education,LATINO VOICES
this animated wwi doc illuminates the soul and spirit of the conflict,ARTS
gustavo will conduct all 9 beethoven symphonies for first time ever,ARTS
card starts viral movement of kindness,GOOD NEWS
the art of keatley,ARTS
6 strange facts about clint eastwood in honor of his birthday,FIFTY
5 student loan tips for recent college graduates,EDUCATION
want to consolidate your student loans heres how,EDUCATION
melanie daniel piecemaker at shulamit gallery venice beach,ARTS
watch arianna to deliver vassar commencement speech,COLLEGE
educating for democracy robert de niros commencement address and mine,COLLEGE
the mantra thats helping me let go of my grown son,FIFTY
retirees enjoy lowcost high quality healthcare in this beautiful latin american country,FIFTY
15 haunting photos from inside the chernobyl exclusion zone,ARTS
que vivan los amos de casa,LATINO VOICES
a look at brooke shields life and career as the star turns 50,FIFTY
how an essay on sexual paranoia caused a frenzy at northwestern university,COLLEGE
my vassar college commencement speech for the class of,COLLEGE
10 excellent pieces of unsolicited advice you shouldnt ignore,FIFTY
what does it take to make a movie wisdom from effie gray producer donald rosenfeld,ARTS
sec colleges cant take transfers with past of serious misconduct or sexual assault,COLLEGE
how to maximize your federal student loan refinancing savings,COLLEGE
an appreciation of an american architect im pei,ARTS
korean american artist nam june paik inspires elementary school students,ARTS
top 9 places to retire overseas so the grandkids will visit,FIFTY
grandmother joyously reunites with stranded poodle after texas floods,GOOD NEWS
why america demonizes its teachers,EDUCATION
pets in austin find loving foster homes after being displaced by floods,GOOD NEWS
a big myth about how to spot a narcissist,FIFTY
thank a teacher thursday dominic casulli and the power of encouragement part 1,EDUCATION
open at your own risk,FIFTY
terrance hayes on the joys of poetry poets are the decathletes of literature,ARTS
surviving the houston floods safe yet feeling unsafe,FIFTY
experts answer why isnt masami teraoka more famous,ARTS
will justin bieber become a teacher,EDUCATION
single mom of 3 finds hope two months after east village explosion,FIFTY
road rules for successful crossgenerational trips,FIFTY
fab phils pumped for european tour,ARTS
what about the girls josh duggars dirty laundry,FIFTY
why we should erase the concept of a fixed retirement age,FIFTY
photographer jim mckinniss captures equine magic with breathtaking skill,ARTS
street art transforms moroccos capital into a living canvas,ARTS
university of washington frat put on social suspension following rape accusation,COLLEGE
around the world in 30 days,EDUCATION
proficient,EDUCATION
high schoolers donate class trip money to principal battling cancer,GOOD NEWS
women on top on the town new york city ballet classic i and american ballet theatres giselle,ARTS
something wonderful the king and is ruthie ann miles talks tonys,ARTS
uncchapel hill decides it shouldnt have a building named for a kkk leader,COLLEGE
heres the first college to adopt callisto a new rape reporting system,COLLEGE
fitness in middle age linked to healthier brain in later years,FIFTY
swatting but not at flies,EDUCATION
8 signs that you may have found the one,FIFTY
all your existential worries are catalogued in one hilarious instagram account,ARTS
the 9 most addictive foods and how to stop eating them,FIFTY
george clooney on why hell never dye his hair,FIFTY
my 6 pet peeves about middleaged mens online dating profiles,FIFTY
diversity in the legal profession begins with law school,EDUCATION
when youre friends with a supermodel,FIFTY
how texas college students are using yoga and tailgating to stay sober,COLLEGE
understanding your finances after your child is accepted to college,EDUCATION
the summer of doug aitken arrives in europe,ARTS
we can save foster children only by educating them,EDUCATION
flood insurance changes,EDUCATION
ritualized oligarchy and the plight of innocence in jonathan monaghans 3dmaterialization art,ARTS
10 innovative writers who are shaking up the book world,ARTS
making the move from reits to a more active investor role,EDUCATION
why merida matters,COLLEGE
why columbia and pitzers values,COLLEGE
artist highlights just how hard it is to make a living as a woman in art,ARTS
bringing the wonder back to alice,EDUCATION
heres why the biggest slum in india is honoring a fictional rape victim,ARTS
in defense of grocery store cashiers,FIFTY
this love story will make every scrabble nerds heart flutter,ARTS
paralyzed exfootball player walked again to graduate and got engaged how was your weekend,GOOD NEWS
chicago police throw daddydaughter dance personally escort girls without fathers,GOOD NEWS
zoe saldana questions why white actors have played characters of color for decades,LATINO VOICES
a graduation toolkit a leading career coachs 5 most inspired tools for anyone entering the world anew,COLLEGE
monday matters the cuddliest cat a moving apology two decades later and an emotional homecoming,GOOD NEWS
instead of a fork in the road ive come upon a roundabout,FIFTY
positive steps to protect yourself against breast cancer,FIFTY
these radically colorful photographs will brighten your day,ARTS
artist jim bachor fixes chicago potholes with ice cream mosaics,ARTS
how to find and choose a new doctor,FIFTY
gender and family relationships affect caregiver strain,FIFTY
buying and selling hope one student at a time,EDUCATION
the magic of taiko for american audiences,ARTS
giving respect to those who were silenced  and those who were not,FIFTY
reflections on five years of blogging on huffpost arts & culture,ARTS
the greatest love of all,COLLEGE
educating for democracy the rule of law and the law of the rulers  a lesson for memorial day,COLLEGE
youve got me under your spell,ARTS
the gentrification of higher ed,COLLEGE
7 fashion tips for menopausal women,FIFTY
the simple words that reminded me to live in the moment,FIFTY
5 tips to help you deal with an estranged child,FIFTY
poor children are just nails to pound,EDUCATION
10 reasons why we cant break our spirit jersey obsession,COLLEGE
5 naughty words we should all use more often,FIFTY
20 mustsee summer movies for grownups,FIFTY
why there is no shame in graduating from a school of the arts,COLLEGE
studying abroad with a gluten allergy,COLLEGE
neighborhood rallies together to save beloved homeless man,GOOD NEWS
advice to college grads go play in traffic,COLLEGE
grandmother gives birth to quadruplets at age 65,FIFTY
white dads black kids living diversity in an independent school,EDUCATION
at the university of texas echoes of its confederate past reverberate in the present,COLLEGE
why its impossible to fail at retiring abroad,FIFTY
50 telltale signs youre not as young as you used to be,FIFTY
6 rules for fighting with your spouse,FIFTY
it takes mentors to make commencement dreams come true why millennials need mentors,COLLEGE
grandmas travel emergency kit,FIFTY
my tomas vu interview,ARTS
the smartest thing ive ever read about consent,EDUCATION
free speech at duke,COLLEGE
what i learned from horses about yoga and life,FIFTY
berkleeice & bein sports create the soundtrack of copa america,EDUCATION
the global search for education from shanghai,EDUCATION
detroit south what the south is and isnt doing for auto manufacturing,EDUCATION
in their own words part i the black classical singer experience,ARTS
robert putnams our kids and reclaiming the american dream,EDUCATION
permission denied,ARTS
the strange and seductive rituals of worry,ARTS
tolerance and totalitarianism,COLLEGE
your grownup first day,COLLEGE
artists discuss the problem with the o word  outsider art,ARTS
capital and contradiction okwui enwezors venice biennale,ARTS
a fathers generosity  on steroids,GOOD NEWS
this 52yearold discovers the road to hollywood has many potholes,FIFTY
10 ways to inspire a love of learning,EDUCATION
sofía vergara wants to have a baby with fiance joe manganiello like now,LATINO VOICES
apichatpong werasethakuls cemetery of splendour a dream film at cannes,ARTS
despite dangers university provides free tanning after 3 million deal,COLLEGE
how ricky schroder went from silver spoons child star to war journalist,FIFTY
forest whitaker tells grads life is an active not a passive journey,COLLEGE
why millennial is a garbage phrase,ARTS
posters near columbia accusing emma sulkowicz of lying about rape get ripped down fast,COLLEGE
at 70 moving past her daughters suicide by taking care of herself and others,FIFTY
marina abramovic says jay z completely used her,ARTS
meet romaine brooks the century woman artist youve never heard of,ARTS
going to an ivy doesnt suck a response to zach schwartz,COLLEGE
teaching peace and life skills in schools why not,EDUCATION
the day i watched my father make music in a retirement home,FIFTY
the new sexual revolution begins at 50,FIFTY
drink this after waking up to kick your metabolism into overdrive,FIFTY
francesca zambello extends contract with washington national opera through september,ARTS
the global search for education oppitunities for parents,EDUCATION
a number of colleges are under scrutiny for sexual harassment but you wouldnt know it,COLLEGE
the best ways to tackle your student loan debt,COLLEGE
confessions of a serial songwriter ffffifty,ARTS
the focus room and the other side of the story,EDUCATION
my head start,EDUCATION
missed game of thrones art museum uses medieval paintings in hilarious recaps,ARTS
celebrating director hal gurnee as david letterman says goodbye,FIFTY
5 things baby boomers miss most part 5,FIFTY
a particularly chinese dilemma why chinese students game college admissions,EDUCATION
why more americans are going for a second marriage,FIFTY
in praise of involved fathers,FIFTY
11 fun and fabulous childrens books from around the world,ARTS
positive aging movement takes off,FIFTY
the students mobilizing against campus racism nationwide,COLLEGE
mark dendy explores social issues at joes pub,ARTS
first amendment lawsuit says student was punished for wearing a tshirt advocating gun rights,EDUCATION
haunting photo series humanizes los angeles homeless with close and personal portraits,LATINO VOICES
san francisco film society embraces innovation awareness,ARTS
bachelor host chris harrisons new book is the best terrible guilty pleasure read,ARTS
the one thing missing on your postgrad checklist obamacare,COLLEGE
mature jobseeker heres how to land a summer job,FIFTY
18 fashion and beauty truths only those 50 and over understand,FIFTY
the 4 things in my closet i could never get rid of,FIFTY
this buds for b the thrill is gone,ARTS
how laramies lgbt decision awakens us,GOOD NEWS
lesson for urban cities how chicagoans stand up for quality schools,EDUCATION
two shots fired los disparos deadpan hilarity in argentina,LATINO VOICES
feeding the soul as well as the stomach,ARTS
the end of reading in america and other related matters,EDUCATION
why kids may actually need more testing not less,EDUCATION
preying on the promise of higher education,EDUCATION
tim cook meeting prosegregation governor felt like a betrayal of my own beliefs,COLLEGE
i on exceptional living nikki haskells newest project  flashback to the future,ARTS
two important test questions,EDUCATION
5 absolutely essential apps for your phone and tablet,FIFTY
trying to find the light at the end of the depression tunnel,FIFTY
5 ways to reframe aging with subtlety and grace,FIFTY
film classics 101 hiroshima mon amour,ARTS
ed helms destroys rolling stones rape story scandal during uva speech,COLLEGE
puerto ricos massive antiausterity protests ignored by us mainland media,LATINO VOICES
are small presses the best choice for latino writers,LATINO VOICES
stage door one hand clapping clinton the musical,ARTS
grace helbigs commencement speech reveals secrets of her success,COLLEGE
college student falls to death one day before graduation,COLLEGE
first nighter edith piaf remembered in pascal rioults revue with christine andreas,ARTS
the tropical retirement hot spot right on the equator,FIFTY
7 scams that can absolutely wreck your finances,FIFTY
how this 65yearold is beginning a new chapter with parkinsons,FIFTY
when someone you love no longer recognizes you,FIFTY
cassandra wilsons unique holiday tribute,ARTS
why i would never go back to the days of my childrens youth,FIFTY
the fart story my family cant stop laughing about,FIFTY
pet store switches animals for shelter pets,GOOD NEWS
6 things no one ever tells you about getting in shape,FIFTY
man wins fallen deputys patrol car at auction gives the keys to grieving sons,GOOD NEWS
10 crazybeautiful things happening in the art world this weekend,ARTS
every college student should try this,COLLEGE
high school seniors who enlist get higher education of a different sort,EDUCATION
these commencement speeches will inspire you no matter your age,ARTS
against twotap opera,ARTS
the 24hour boob job,FIFTY
my mother not me,FIFTY
caring about the caretakers of our parents ourselves,FIFTY
md governor gives ok to student socialmedia privacy law,COLLEGE
wwii female pilot flies favorite fighter plane 70 years later,GOOD NEWS
misty copeland dances in new film toasting 75 years of american ballet,ARTS
10 heartwarming wedding photos that prove its never too late to fall head over heels,FIFTY
10 tips to protect yourself from scammers and safeguard your financial health,FIFTY
how an ipad saved my fathers life,GOOD NEWS
who needs the apple watch this startup is building straps that make any regular watch smart,COLLEGE
mad men and memories we didnt know we have,FIFTY
valuing philosophy without valuation a defense from within,COLLEGE
5 glorious pacific coast beach retirement options,FIFTY
what its like to come out later in life,FIFTY
why its so important to think of age as a gift,FIFTY
7 things my intergenerational office taught me about friendship,FIFTY
5 things baby boomers miss most part 4,FIFTY
brown bags to stardom ekolu with micah g,ARTS
pornosophy loving sex,ARTS
iris  a fabulous film about a 90 fashionista,FIFTY
why music an interview with sheila e,ARTS
heres how to instantly boost your dating confidence,FIFTY
when living longer isnt really living,FIFTY
6 ways to keep your mind sharp as you age,FIFTY
this grrrl power video game is everything thats right about the 90s,ARTS
millennials moving back in with their parents are entitled what if parents move in with them,COLLEGE
one street artist documents the faces of disappearing tradesmen in morocco,ARTS
antisemitism at my alma mater,COLLEGE
10 times artists didnt violate the environment to create beautiful art outdoors,ARTS
aging as glenda or elphaba the choice i made,FIFTY
youth empowerment matters,EDUCATION
how first and secondgeneration hispanics can help each other,LATINO VOICES
how an unexpected encounter turned around my lonely mothers day weekend,FIFTY
hillary and undocumented immigrants,LATINO VOICES
firsttime mom at 50 is soon to be a lawyer,FIFTY
new music review soundtrack to americas favorite racing video game ag drive,ARTS
im too young for this crappy cataract,FIFTY
my husband and i stopped drinking  and now we have better sex,FIFTY
one of the most amazing chicken recipes this cook has ever tried,FIFTY
encouraging the discouraged reader,EDUCATION
student loses hope after too much testing video,EDUCATION
monitoring system takes stigma and stress out of aging independently,FIFTY
the legacy i didnt know i wanted,FIFTY
theatre makers 3 tips for revitalizing theatre for the millennial generation,ARTS
mr biesenbach why giving a retrospective to yoko ono instead of fluxus whom she copies at moma,ARTS
the growing generational divide,FIFTY
a game that explores the effects of alzheimers disease,FIFTY
chinese company takes 6400 employees on awesome european vacay for free,GOOD NEWS
mark halperin apologizes after demanding ted cruz speak spanish,LATINO VOICES
dreaming dog wakes up and knows everythings right in the world,GOOD NEWS
choosing joy in a selfish place,COLLEGE
teachers in search of good research,EDUCATION
ilovemymamibecause shows us the love and strength of latina moms,LATINO VOICES
top 5 auctions this may in new york,ARTS
missing student found after parents arrive for graduation and learn he dropped out,COLLEGE
lessons for parents on pink versus blue tech,EDUCATION
detained mothers ask obama to free them our children wont eat,LATINO VOICES
why i have a fck it list in addition to a bucket list,FIFTY
moms in need get clothing toiletries for their families just in time for mothers day,GOOD NEWS
from atlanta to bushwick a pink lady smiles,ARTS
it got better,ARTS
after postmodernism michael pearce writes about art in the age of emergence,ARTS
ebola doctor tells grads why he didnt feel like a failure when he lost patients,COLLEGE
a puppys magical visit to a memory care facility,FIFTY
people at work  photographs by tim allen,ARTS
a story is literally bursting off the page in this intricate fairy tale photograph,ARTS
7 things that cost more as you grow older,FIFTY
celebrating mothers day when you didnt grow up with a hallmark mom,FIFTY
colleges suspend students for sexual assault but dont actually ban them from campus,COLLEGE
the radio shack phenomenon and the future of private independent higher education,COLLEGE
private scholarships  a billiondollar ripoff,COLLEGE
thank and remember a teacher,EDUCATION
for mothers day moms need quality early learning opportunities,EDUCATION
this grandma is seriously unimpressed by hawaii,FIFTY
romeo and juliet together again thanks to san francisco ballet,ARTS
recognizing all your moms six questions,FIFTY
a mothers day tribute to my motherinlaw,FIFTY
how this 60yearold woman is planning a major film festival on a shoestring budget,FIFTY
a delicious way to use up old bananas,FIFTY
5 movies every grownup moviegoer should see this summer,FIFTY
cheryl williams the mentor who goes above and beyond,EDUCATION
women in sitcoms are getting a lot more threedimensional and thats a good thing,ARTS
10 of the smartest things anyone ever said about getting older,FIFTY
excuses r us is closed for business,EDUCATION
my mothers gift,GOOD NEWS
art digest online art buying rises obama cracks down on wealthy art investors and flotus calls for more minorityfriendly museums,ARTS
on mothers day what my mothers stories taught me,FIFTY
natalie arnoldi unprecedented photos,ARTS
thomas whitbys ascent as a connected educator,EDUCATION
women in the performing arts barbara mackenziewood,COLLEGE
voyeur theatre collective millennial theatre,ARTS
developing resiliency in lethal school violence prevention  part 1 of 2,EDUCATION
bbq joint offers white people a discount to fight racism,LATINO VOICES
our first teachers moms and education,EDUCATION
children with special needs deserve americas support,FIFTY
why latinos should speak up for black lives,LATINO VOICES
the advantages of downsizing when you move overseas,FIFTY
escaping war saved my life song and dance saved my soul,ARTS
3 ways to avoid high healthcare costs in retirement,FIFTY
daughter with down syndrome inspires mom to create fashion accessory business,GOOD NEWS
from community college to the white house administration,COLLEGE
10 science fiction writers predict what the next 10 years will bring,ARTS
this is how women can become more visible in midlife,FIFTY
he maze of facebook,FIFTY
thank you first sergeant westbrook and gunnery sergeant small,EDUCATION
how this son turned his 78yearold mom into a youtube star,FIFTY
the year of selflove,COLLEGE
happy mothers daze,FIFTY
confucius or confusion,ARTS
how cultural bias and sexism catapulted the period photo that broke the internet,ARTS
students are using yik yak to cheat on exams,COLLEGE
message in a bottle found 40 years later,GOOD NEWS
from mathematician to the presidency of colombia,LATINO VOICES
6 things you do that drive your grown kids crazy,FIFTY
the musical ragtime is right for the times,ARTS
how this 58yearold is working it in the online dating world,FIFTY
what you should know about the experience of black college students,COLLEGE
andy warhol made a mistake that resulted in some of his best paintings,ARTS
make like a sponge,EDUCATION
express yourself  why expression is one of the most critical parts of a fashion photo shoot by emily soto,ARTS
to the teachers who taught beyond the textbook,EDUCATION
mr macpherson circa,EDUCATION
womens colleges are admitting trans and genderfluid applicants now what,COLLEGE
a thank you to kelly an amazing educator for changing my life,EDUCATION
how retiring in latin america changed me for the better,FIFTY
the big problem with how we talk about sex and gender,ARTS
teacher of my heart,EDUCATION
the arts and arts education are part of the solution,ARTS
the moment gratitude changed my perspective in the classroom,EDUCATION
the epic selfie guy is back to give you major summer wanderlust,GOOD NEWS
higher ed lobby quietly joins forprofit schools to roll back tighter rules,COLLEGE
the practical liberal arts,EDUCATION
the difference between real and fake news about marijuana,EDUCATION
40 inspirational photography quotes and 10 funny ones,ARTS
this 71yearold walked over 1000 miles to prepare for the camino,FIFTY
monday matters a walk home to remember an unbreakable friendship and adorable bulldogs,GOOD NEWS
dear human a desperate plea from your dog,FIFTY
this little piglet is living like a princess in hawaii,GOOD NEWS
university report card 20 global equity and biomedical research,COLLEGE
how to solve dartmouths diversity and inclusion challenges,COLLEGE
adventures in instagram land,ARTS
working out on campus,COLLEGE
career tips for the class of,COLLEGE
boy with aspergers kisses his mom for first time after adopting loving rescue pit bull,GOOD NEWS
education community stands up for safe effective data use,EDUCATION
reunion tales part ii,FIFTY
photography series spotlighting iconic women over 70 proves the best is yet to come,ARTS
a gay 6yearolds thank you to his first grade teacher 20 years later,EDUCATION
if daca works why not implement dapa,LATINO VOICES
first nighter stravinskys rakes progress back at the met,ARTS
educating for democracy what makes a great student,EDUCATION
stage door the road of promise,ARTS
the painful price of aging in prison,FIFTY
outbursts of genius in san francisco ballets romeo and juliet,ARTS
10 things you can do to help you live to be 100,FIFTY
saying farewell to our family home after 24 years,FIFTY
how to deal with aging parents when you live abroad,FIFTY
when your kid leaves home for good,FIFTY
how to cope when you reverse roles with your aging parents,FIFTY
what the twitterverse really thinks about grandparents,FIFTY
presenting rock impressario bill graham,ARTS
do torture shunning shaming and humiliation build character,EDUCATION
happy anniversary matchcom  meet their first success story,GOOD NEWS
college ready baloney,EDUCATION
be authentic beauthentic,GOOD NEWS
6 ways to make your hair color last longer,FIFTY
the veep and me,FIFTY
cultivating your inner adam ii,COLLEGE
victorian boredom at tate britain,ARTS
this 11 year old child will never again say i cant read,GOOD NEWS
postmodern magic,COLLEGE
the end of college or maybe just the end of kevin careys career,COLLEGE
the latin billboard awards red carpet was sequined colorful and ruffled all over,LATINO VOICES
aging and dying dilemma or possibility,GOOD NEWS
10 lessons for the artistic soul,ARTS
from instructional technologist to educational evangelist,EDUCATION
view from a helicopter proves miami truly is the magic city,GOOD NEWS
5 spring cleaning tips for seniors and their families,FIFTY
should we hold arne duncan and every other reformer accountable for every child they hurt,EDUCATION
first nighter trash cuisine scrutinizes mans inhumanity to man,ARTS
opt outers face confusing summer,EDUCATION
i know something about grace,GOOD NEWS
how 18 cents became a powerful and moving gift,GOOD NEWS
daniel lanois advice to the young,ARTS
stunning photographs of postwar italy revive the spirit of a bygone era,ARTS
shelter dogs now helping save lives in nepal following earthquake,GOOD NEWS
the worst way to start your career search,COLLEGE
ellen weider drypoints in a digital age,ARTS
startup students a look at how teachers can invest in gendiy,EDUCATION
might the sonics be the great american rock band,FIFTY
poets help give underfunded schools a voice with spoken word workshops,GOOD NEWS
why college signing day is important for the nation,EDUCATION
the great nemesis i encountered just before my birthday,FIFTY
how to rekindle a lost passion in your life,FIFTY
union rights are fundamental to mission of public schools,EDUCATION
why the best painting at the guggenheim this summer was made by a third grader,ARTS
broadway legend richard jayalexander on what stars intrigue him most,FIFTY
ted gioias bar talk can a musicologist make club owners pay more,ARTS
the reason starbucks employees were hesitant to embrace its college tuition program,COLLEGE
cuban and american musicians team up to recreate incredible moment in music history,LATINO VOICES
no bruce jenner is not having a midlife crisis,FIFTY
nature is a gift,FIFTY
dont think ive forgotten cambodias lost rock and roll,ARTS
utadna grad student of the year,EDUCATION
how one college president is opening the conversation on race and equity,COLLEGE
responding to changes in the rental market,EDUCATION
the dynamics of listening,EDUCATION
finding spirituality in the diaspora,ARTS
transitioning from the wholesale to retail flip,EDUCATION
reallife retirement advice from savvy 90yearold,FIFTY
soldiers superstars coachella and ptsd for photographer greg williams they all intersect,ARTS
new to the empty nest just turn the lights on,FIFTY
a bunch of crap the class of needs to ignore,COLLEGE
unapologetic selfportraits that shatter perceptions of disability,ARTS
emojisinthewild is taking over instagram,ARTS
for past 3 years teen has carried fellow student who has muscular dystrophy to class,GOOD NEWS
step off the direct path service something larger than yourself,EDUCATION
ballet meets urban grit in one nycbased photographers instagram account,ARTS
libraries are paving the way for cultural unity,ARTS
does your childs school have a quality stem program,EDUCATION
5 reasons we love jay leno on the comedians birthday,FIFTY
ukraine developing an authentic counterculture will be difficult,ARTS
new york teachers i asked weingarten about the hochul robocall,EDUCATION
proving them wrong,GOOD NEWS
tragedy really does build character,GOOD NEWS
the global search for education our top 12 global teacher blogs  how do you balance preparation for high stakes assessments with teaching and learning in your classroom,EDUCATION
is learning increasingly selfdirected in the digital era,EDUCATION
your role in the movement to end campus sexual assault,COLLEGE
monday matters an adorable new friendship inspiring marathoner and a stroll down memory lane,GOOD NEWS
renée fleming triumphs on broadway,ARTS
big voices in small theater  part 2,ARTS
3 couples married 50 years reveal their secret to wedded bliss,FIFTY
why the american flag is the least of my worries,COLLEGE
where there is suffering there is art tibetan artist holds solo show in nyc,ARTS
the latino mvp winners are,LATINO VOICES
be honest with everyone,GOOD NEWS
the magic of thinking big,LATINO VOICES
you are the architect of your life,FIFTY
elders try snapchat for the first time and their reactions are priceless,FIFTY
equitys unionbusting tactics,ARTS
stand up for sleepdeprived students,EDUCATION
how to talk to your elderly parent about the dangers of falling,FIFTY
5 books to get you out of your literary comfort zone,COLLEGE
first nighter anne hathaway in grounded irish troubles in the belle of belfast red bull theaters tis pity shes a whore,ARTS
before a decision,COLLEGE
how to run your first half marathon after 50,FIFTY
3 secrets for job search success in midlife,FIFTY
college admissions debunking the myth of prestige and maximum financial success,EDUCATION
lastminute advice for parents paying for college  part i,COLLEGE
a caregiving story that truly defines in sickness and in health,FIFTY
are you smarter than menopause find out now,FIFTY
how one retired couple started a new life in panama,FIFTY
the death of liberal arts or the reunion of broken parts,EDUCATION
the gobblers  a retirement fable,FIFTY
never second best wisdom gleaned from best exotic marigold hotel,FIFTY
unc students respond to antimuslim comments with notsafeunc,COLLEGE
man caught taking candid photos of college women and posting them to porn site,COLLEGE
online avatars may be part of our developmental dna,EDUCATION
the education innovators,EDUCATION
yes these are photographs of actual caves and icefalls on planet earth,ARTS
living on love power couple,ARTS
this is a middleaged mans true path to happiness,FIFTY
these hospital employees wear zany tutus to brighten kids days,GOOD NEWS
this artists murals return color to prisoners lives,ARTS
why attending a college in a big city is the fastest way to grow your career,COLLEGE
inside the strange and beautiful bromance of dalí and disney,ARTS
why women over 50 need to declare pride in their bodies,FIFTY
why being respectable is overrated,FIFTY
age and disability know your rights,FIFTY
this venice biennale is dedicated to an artist who evokes the eroticism that lies underneath selfdestruction,ARTS
4 money moves for a happier retirement,FIFTY
lifes a rush,ARTS
when one of the worlds most insider galleries hosts an outsider art show nsfw,ARTS
on the a wsouleo dance exhibition celebrates firsts while looking to the future,ARTS
how the size and timing of breakfast impacts your entire day,FIFTY
even the most well known authors know a snub is a snub is a snub,ARTS
hyperrealistic drawings ask viewers to take a closer look at homeless communities,ARTS
to meet new student standards we must support and empower teachers,EDUCATION
putting our children first teacher marylin zuniga should be back in her classroom,EDUCATION
a pioneering contemporary collection travels to são paulo,ARTS
relating to race over dinner memphis in fort collins,ARTS
saying yes 5 pieces of career advice for middle school students,EDUCATION
7 simple ways to be a better lover,FIFTY
meditation in the menopause,FIFTY
mexico is doing the dirty work mexican government cracks down on immigration on us behalf,LATINO VOICES
what all writers and human beings should keep in mind,ARTS
portraits of famous artists and the cats that kept them sane,ARTS
of course im stressed im in college,COLLEGE
pulitzer prize winning play and a winning director too,ARTS
the case for closing the opportunity gap,COLLEGE
the never ending journey of the independent artist,ARTS
esea goes further but not necessarily forward,EDUCATION
choosing a college dont do this,COLLEGE
reflections on the international summit on the teaching profession,EDUCATION
generous stranger buys dozens of roses from vendor on subway tells her to give them away,GOOD NEWS
uconn baseball welcomes 5yearold with leukemia onto team gives him his own locker,GOOD NEWS
blind dogs are getting a second chance thanks to this simple device,GOOD NEWS
watch this nanas adorable reaction to her granddaughters portrait tattoo,FIFTY
on rachel ramplemans girls girls girls,ARTS
at tribeca wondrous boccaccio a decameron for the tuckered out,ARTS
blinds and bells haegue yangs retrospective at the leeum in seoul,ARTS
todd williamson creates a zone of tranquility at the rymer gallery,ARTS
100 walkers subverts in west hollwood on,ARTS
an artist confronts his possible futures,ARTS
cellist zuill bailey  on nico muhly and ernest bloch,ARTS
eyecatching clothing line uses biologythemed designs to attract girls to science,GOOD NEWS
ways of treating buildings in order to see them agustin schang and 537 broadway110 mercer street,ARTS
national fraternity groups step away from controversial campus rape proposal,COLLEGE
mother nature and father time are cruel,FIFTY
how can we learn from success without some way of telling whos successful,EDUCATION
theater city of lights musical smackdown gigi vs an american in paris,ARTS
hillary clinton feels common core pain,EDUCATION
hofesh shechters untouchable at the royal ballet sandwiched by sturdy classics,ARTS
miami art not miami vice attracts aficionados,ARTS
a gi bill for millennials,EDUCATION
older but still young at heart,FIFTY
an open letter to my freshman year,COLLEGE
aisle view come to the fun home,ARTS
a step forward in washington a step back in new york,EDUCATION
as we celebrate national minority health month lets challenge stigma and shame,LATINO VOICES
baby boomers youre the target now,FIFTY
am i ready for hillary,EDUCATION
the 15 most environmentally responsible colleges,COLLEGE
how to teach men of color four critical conditions,COLLEGE
the 7 lamps of architecture criticism,ARTS
15 colordrenched photos that will make you taste the rainbow,ARTS
seriously mom you can do better than that,FIFTY
chris pratt helps raise 90000 for boy with brain cancer,GOOD NEWS
photographer captures absolutely mindbending crowd shots from edm festivals,ARTS
michael govan and dave hickey discuss land artist michael heizers city,ARTS
ocaseys plays return to stage at philly irish theater,ARTS
gratitude and grief,FIFTY
emily johnson shares shore in lenapehokingnew york city,ARTS
its so obvious that you are a med school student,EDUCATION
for the love of people,ARTS
gene simmons mom the holocaust and me,FIFTY
ohio u student newspaper suspends editor for cutting secret deal with school president,COLLEGE
selling impressionism,ARTS
notre dame stung by the hunting ground is under us investigation for sexual harassment cases,COLLEGE
why dont we have family leave policies for high school students,EDUCATION
this years activist awards showcase some of the worlds most impactful photography,ARTS
menopause and moods,FIFTY
photography perspectives and tricks,ARTS
what happened when two artists used snail mail to explore our obsession with data,ARTS
4 ways the house republican budget hurts students,EDUCATION
hot wheels roll in from around the world to comfort sick toddler,GOOD NEWS
bulk of chicano and latino populations critical of sen rubios run for presidency,LATINO VOICES
this awesome selfportrait project puts the terrific in hipsterrific,ARTS
life will still go on keep moving forward,COLLEGE
college hockey player confesses to rape but school decides against expelling him,COLLEGE
the light in the piazza new productions of cavalleria rusticana and pagliacci at the met,ARTS
dollars in democracy  part i super pacs,COLLEGE
the heartbreak of losing our family pet,FIFTY
profoundly bizarre drawings confront the state of racism in america today,ARTS
4 antiaging beauty tricks that will instantly turn back the clock,FIFTY
the economic impact of latino workers a bythenumbers breakdown for tax day,LATINO VOICES
the power of parenting with social and emotional learning,EDUCATION
how constant praise may be damaging our grandchildren,FIFTY
the 7 ways yoga leads to a better body,FIFTY
bed quota fuels inhumane and unnecessary immigrant detention report,LATINO VOICES
lifelong learners in a rapidly changing world,EDUCATION
adorable elevatorriding poodle brings joy to nursing home residents,FIFTY
some details on the senateproposed esea reauthorization,EDUCATION
first nighter the schwartzalmond iowa the goodtime 39 steps,ARTS
when the financial crisis looms a tale of three colleges,COLLEGE
education reformers are so gullible,EDUCATION
meet the anonymous artists behind the digital print pseudonym frank moth,ARTS
10 essential life lessons from a grandma,FIFTY
bridging the divide the uphill climb to faculty diversity,COLLEGE
rita wilson diagnosed with breast cancer has double mastectomy,FIFTY
4 questions everyone must ask their retirement advisor,FIFTY
an american in paris on broadway,ARTS
why tech companies and community colleges should form deeper partnerships,EDUCATION
retire in style to this latin american paradise for just 1200 a month,FIFTY
my mothers journey with alzheimers a family portrait,GOOD NEWS
3 reasons why you should never send a kid to a dictionary to look up the spelling of a word,EDUCATION
when alzheimers patients make perfect sense,FIFTY
americas combat towards government surveillance,EDUCATION
blood aint always thicker than water,ARTS
finding home in laura bornemans mixed genre work,ARTS
art as investment,ARTS
mind the college financial aid gap,COLLEGE
the wonderful moment a returning soldier surprised his parents at an nhl game,GOOD NEWS
9 sneaky sources of sugar in your diet,FIFTY
bill nighy and carey mulligan renew old lovers quarrels,ARTS
marco rubio is the biggest threat to hillary clinton in,COLLEGE
6 things you can only learn about life by traveling,COLLEGE
zoe saldana opens up on facebook about postbirth difficulties,LATINO VOICES
far more college students riot due to drunken idiocy than for activism,COLLEGE
where have all the teachers gone and how do we get them back,EDUCATION
an education that starts with morning rhythms,EDUCATION
reflections of an octogenarian viii charter schools old pepsi aka the new coke,EDUCATION
aisle view inside the corridors of king henrys court,ARTS
first nighter tracey scott wilsons buzzer fizzles clinton the musical frazzles,ARTS
one artist imagines what our urban world would look like after the next ice age,ARTS
seven more reasons to optout of highstakes testing,EDUCATION
death and the dysfunctional american family,ARTS
theater wolf hall thrills a little skylight shines,ARTS
david allan peters at ameringer  mcenery  yohe,ARTS
is borecore the new normcore or just the way we live now,ARTS
the hidden benefits of rejection,COLLEGE
everydayclimatechange taking a stand,ARTS
what little league baseball tells us about the skills gap,EDUCATION
boogieboarding grandma gets pummeled by giant waves  and laughs it off,FIFTY
millie browns postabstract expressionist rainbow body photos,ARTS
an avantgarde master gets a belated retrospective in zurich,ARTS
120000 adoptions for a nokill animal shelter,GOOD NEWS
a new grad students guide to the fafsa,COLLEGE
running in tap shoes choreographer janine molinari on teaching broadway kids and other adventures in dance,ARTS
ran blake and film noir,ARTS
asu  gsv report teachers and tech tools,EDUCATION
sinatras centennial year to be honored with special nyc concert,ARTS
from rain to riches,COLLEGE
an eyeopening look at school playgrounds around the world,ARTS
music i mostly hold dear string quartets of tsontakiswheelock rodriguez and godfrey,ARTS
the conversation nobody wants to have  but should,FIFTY
4 ways technology is making you age faster  and what to do about it,FIFTY
8 ways to make college more accessible to lowincome students,COLLEGE
bridging the cultural divide through mexicaninspired cuisine,LATINO VOICES
ethnic studies background increases job marketability,COLLEGE
this gorgeous live sculpture explores historys obsession with hair,ARTS
sharjah biennial 12 a march through the city,ARTS
success academy works for my kid,EDUCATION
cassandra wilson says happy 100th lady day,FIFTY
are basquiats brooklyn notebooks and kahlos painful detroit experience of any artistic value,ARTS
david rockwells new york city,ARTS
reply all email creates havoc for case western students inboxes,COLLEGE
open letter to sen rafael ted cruz,LATINO VOICES
photo of couple married 60 years shows what true devotion really looks like,FIFTY
as important as the intended artwork is selecting the right print studio or foundry,ARTS
6 ways women over 50 can achieve financial fitness before retirement,FIFTY
worlds new oldest person reveals surprising key to long life,FIFTY
gradespan tests are not the answer,EDUCATION
student academic success gets boost from fitness and nutrition,EDUCATION
why we must value languages,ARTS
drivethru 2,ARTS
march madness contenders research programs put to the test,COLLEGE
reflections from ivy day,COLLEGE
men in suits,FIFTY
it is never too late,FIFTY
a remembrance of reverend robert schuller,FIFTY
inside the mind of the worlds naughtiest childrens book illustrator,ARTS
race to the top a metaphor reconsidered,EDUCATION
dispatch goddesses never age with dr christiane northrup,FIFTY
magic to do,ARTS
the composers speak broadway composers participate in a concert of their choral work,ARTS
should i have gone to bard,COLLEGE
strive for rising expectations,COLLEGE
7 powerful mantras to live your life by,FIFTY
spare change,COLLEGE
freedom to discriminate,LATINO VOICES
punishment for sexual assault at uva a letter in his file,COLLEGE
unc charlotte students we protect our family and we take sexual assault seriously,COLLEGE
in 22 states you could lose your license for not paying your student loans,COLLEGE
anna deavere smith on the jefferson lecture and the search for american character,ARTS
forgiveness for mother and child,ARTS
why students at the university of washington want to put their phones away,COLLEGE
modern movies and tv shows get the 80s vhs covers you didnt know they needed,ARTS
from here to afar the art of peter forgacs,ARTS
first nighter new dance craze flexn fills park avenue armory,ARTS
its april what you need to do during this final stage of college admissions,COLLEGE
a wolf in sheeps clothing the emerging controversy behind assemblywoman patty lopez in the san fernando valley,LATINO VOICES
la sapienza,ARTS
can online fundraisers save struggling schools,EDUCATION
20 photographs that prove negative space can be positively gorgeous,ARTS
student loan victims pay the price of ed inaction,COLLEGE
photo series of people with down syndrome beautifully illustrates the diversity of humans,GOOD NEWS
syzygy an alignment of two aesthetic visions,ARTS
adventures of a creationist at the field museum,EDUCATION
the compassion of nurses,GOOD NEWS
ems nude survey 1 opens  revealing naked real,ARTS
father of student attacked by police us aid to mexico being used to kill ordinary people,LATINO VOICES
a way of life juan palmas leadership on public lands,LATINO VOICES
move over memorization,EDUCATION
cheating all around,EDUCATION
art digest leo buys art on instagram tiny paintings hit it big and picassos electrician is found guilty,ARTS
why this 50something is finally done lying about her age,FIFTY
11 things that will dramatically improve your sex life in middle age,FIFTY
10 things nanas know,FIFTY
7 ways to improve your relationship with siri,FIFTY
another school vacation how parents can prevent the spring slide,EDUCATION
interview with yan pei ming,ARTS
my mother on sex romance and being an octogenarian,FIFTY
were only passing through,FIFTY
photographer david yarrow brings a south sudanese cattle herd to the las vegas strip,ARTS
feel like giving up now is the time to fight harder,GOOD NEWS
this is what an affair looks like nsfw,ARTS
spring cleaning life hacks,FIFTY
kiki a pit bull who uses a wheelchair has a cando spirit and needs a forever home,GOOD NEWS
medicine for the people delivered through music,GOOD NEWS
arizona professor received a bunch of threatening emails after fox news segment about his class,LATINO VOICES
first nighter don carlo at the met is grand opera soldier x marches well at here,ARTS
how a message written on the back of her car led this woman to find her kidney donor,GOOD NEWS
art war gold,ARTS
adele sarno san gennaro queen faces eviction by italian american museum,FIFTY
schools enact positive change with drama therapy,EDUCATION
can students wear american flag clothing to school,EDUCATION
the pdp farce  wink wink nod nod,EDUCATION
buckminster fuller talks the geodesic life in rare animated interview,ARTS
what does wheres waldo have in common with the nations main education law,EDUCATION
the barriers to technology in education,EDUCATION
explosive illusions,ARTS
when did that happen,FIFTY
universities public spaces and the democratic way of life,COLLEGE
the identified patient,FIFTY
the art of activating archives marvin j taylor and martha wilson downtow,ARTS
quietly looking at these beautiful bodies at the british museum in times of grindr,ARTS
the mayhem of murphy,ARTS
celtic canadian connections,ARTS
eldercare under a mountain of magazines,FIFTY
the worlds of art and activism collide,ARTS
colleges of the future must go back to the future,EDUCATION
brograine for stressedout balding fraternity brothers,COLLEGE
atlantic for kids brings lisa loebs musical and more to nyc,ARTS
if the money belongs to the student,EDUCATION
dear educators your voice matters,EDUCATION
leadership equity at public liberal arts colleges,COLLEGE
3 steps to dump the baggage and move on with your love life,FIFTY
a hundred tons of memory orhan pamuk at eventi letterari monte verità,ARTS
5 surefire ways to make a powerful first impression,FIFTY
the college admission frenzy greek life gone wild and income inequality,COLLEGE
you got the job  now heres what to expect,COLLEGE
how the rise of the middle class shaped american folk art,ARTS
the art money 20 which artists have performed best at auction since,ARTS
the 15 very best pieces of grandparenting advice from celebrities,FIFTY
paul rand the father of graphic design at the museum of the city of new york,ARTS
these stunning vintage car photos will make you feel the wind in your hair,ARTS
60 years of jane doe portraits give nameless women the attention they deserve,ARTS
the single realization that can help you move past regret,FIFTY
makeawish grants 4yearolds simple request to live comfortably at home,GOOD NEWS
does ballet have a color,ARTS
six months after student massacre in mexico global outrage fades but political crisis intensifies,LATINO VOICES
latino family values no match for cold hard cash,LATINO VOICES
seeing the college admissions glass as halffull,COLLEGE
duke investigates reports of student taunted with racist sae chant,COLLEGE
latinos can honor the 43 missing mexican students by calling for no more drug war,LATINO VOICES
how 90000 lost damaged photos were restored and returned to victims of japan tsunami,GOOD NEWS
the evocative photos of aleksandr rodchenko who changed the way we see photography,ARTS
mujeres líderes building latina political power,LATINO VOICES
the young persons secret to success living at home,GOOD NEWS
7 ways real brides can save money on their wedding,GOOD NEWS
if disney princesses were older theyd be pretty damn awesome,FIFTY
im not trying to age gracefully  so stop pressuring me to,FIFTY
the 39 most iconic college town food joints across north america,COLLEGE
using urban observation to ghostbust cities,ARTS
the indignant and audacious teacher,EDUCATION
king lear and the silver tsunami,FIFTY
watch a love story unravel as two male dancers break your heart with their muscular bodies,ARTS
all recipes have a secret ingredient,FIFTY
step inside the middle easts hippest art neighborhood,ARTS
exclusive video martin short matthew broderick and other stars celebrate stockard channing,ARTS
comedian robert dubac talks about settling down what women really want and performing his oneman show,ARTS
why the american flag fiasco is the best thing to happen to uc irvine,COLLEGE
potential new alzheimers treatment fully restores memory  at least in mice,FIFTY
bracketology,COLLEGE
mountain west and plains best places to retire in us,FIFTY
a triple amputees dream wedding brings community together,GOOD NEWS
the mesmerizing photographs of eva schlegel arrive at park hyatt vienna,ARTS
teaching students happiness and innovation,EDUCATION
top 10 things every alzheimers caregiver should have,FIFTY
night at the museum the guggenheim museums young collectors party,ARTS
ryder ripps alone together solo exhibition at red bull studios new york video,ARTS
8 ways blended learning changes the game,EDUCATION
appreciate each moment,GOOD NEWS
connecting the misogyny of the internet to the supermale world of sculpture,ARTS
back to the future 1854,ARTS
the 2 truths ive learned after working decades in hospice,FIFTY
have you any decency what every american needs to know about high stakes testing and the latest threat to civil liberties,EDUCATION
midcentury in paris a visual map of modern artists,ARTS
new music review klassik spring,ARTS
office hours to the rescue why its a good idea to go,COLLEGE
when your daughters purple hair is making yours gray,FIFTY
notes on moonlust by the holydrug couple,ARTS
sweet briar college and the homogenization of us higher education,COLLEGE
standing ovation for kodo at bam,ARTS
the global search for education ideas ideas ideas ideas,EDUCATION
will ferrell says racist frat song a real argument for getting rid of fraternities altogether,COLLEGE
barcelona museum features sculpture of former king getting sodomized,LATINO VOICES
7 tips for a happier work life,FIFTY
a beautiful match made in musical heaven,ARTS
director scott schwartz takes on disneys hunchback,ARTS
why critical thinking will never be on the test,EDUCATION
recognize the importance and beauty of h2o in honor of world water day,ARTS
how to turn your inner critic into your biggest cheerleader,FIFTY
why you should stop comparing others highlight reels with your behindthescenes,FIFTY
8 tips for bringing play back into sex,FIFTY
youre probably suffering from mindblowing content nausea right now,ARTS
how i used instagram to land my dream internship,COLLEGE
those guys getting picketed for demolishing a piñata store run a pr firm,LATINO VOICES
invisible disability at yale,COLLEGE
suggestions to highschool students for reading shakespeare  part 3,EDUCATION
your college degree wont protect you from institutional racism,COLLEGE
street artist alice pasquini on the magic of creating art in public spaces,ARTS
when your parents were lovers,FIFTY
the lomax connection,ARTS
the birth of a caregiver,FIFTY
mlb wants to play in cuba for first time since,LATINO VOICES
graduation rates are rising but too many students are still falling behind,EDUCATION
what bacteria and smell have to do with feminism today,ARTS
the tattoo lady mother and me,FIFTY
5 questions i wish younger people would stop asking me,FIFTY
this is how to roast your own coffee at home,FIFTY
5 things women with perfectionistic guilt need to hear,FIFTY
15 rules for membership in the big girl panties society,FIFTY
love and murder the inevitable animal of grief,ARTS
laugh at the crazy  another day living with alzheimers,FIFTY
is it dementia or normal aging now theres a tool to figure it out,FIFTY
why over50s seek therapy,FIFTY
ou frat chant and civics,COLLEGE
want to be ready for retirement lower your expectations,FIFTY
step inside a shipping container and speak facetoface with strangers around the world,ARTS
bigotry hits usborn latino teens harder than immigrant teens,LATINO VOICES
why do the english insist on showing rubens if they dislike him so much,ARTS
how to get your mojo back after 50,FIFTY
yup we cant believe these were taken free of charge either,ARTS
iconic surfaces,ARTS
sae sets up anonymous hotline to report racism by fraternity members,COLLEGE
scientists new goal growing old without disease,FIFTY
police say penn state fraternity circulated nude photos of unsuspecting victims,COLLEGE
why diet soda may actually make you gain weight,FIFTY
burkina fasos brick quarries,ARTS
bernsteins seemingly simple song,ARTS
artist with paraplegia uses his mouth to paint hawaiis vivid colors on canvas,GOOD NEWS
student actors now read this,ARTS
the case of the missing latinao shark,LATINO VOICES
is your childs creativity going unnoticed,EDUCATION
queen victorias secretlifting the fig leaf,ARTS
errand of mercy,GOOD NEWS
the questionable success of my birthday,COLLEGE
gentrified brooklyn is not my brooklyn,LATINO VOICES
americans think closing sae frat over racist song was the right call,COLLEGE
being great in old age,FIFTY
college is much more than an end game,EDUCATION
go back inside a video storeone last time,ARTS
got happiness if not try what slough did,GOOD NEWS
parents as chief advocates,EDUCATION
how to thaw a cold childhood and create a warm family,FIFTY
leave secondguessing to others,COLLEGE
one photographerdancer is taking ballet selfies all across berlin,ARTS
minority status does not exempt us from blind spots just ask univision host rodner figueroa,LATINO VOICES
comparing federal student loans to other household debt is popular  its also wrong,COLLEGE
12 things teachers think but cant always say to parents,EDUCATION
first nighter a strong review for posterity des bishop is made in china,ARTS
remarriage on the rise driven by older adults,FIFTY
employment for latinos comes back to life,LATINO VOICES
the way this woman got back at her cheating boyfriend is just perfect,FIFTY
homage to my teachers,EDUCATION
first nighter chenoweth gallagher at full steam in threequarters steam on the twentieth century,ARTS
one speakers thoughts on campus litigation free speech and hostile environments,COLLEGE
actors equitys threat to los angeles theater,ARTS
cabela the dog shot and tied to train tracks gets outpouring of support during recovery,GOOD NEWS
i on beauty chapter 15  the post50 market moves online spends billions for beauty,FIFTY
stage door happy end the audience,ARTS
queen victorias power,ARTS
the latino victory project still undecided on hispanic candidate attracting national attention in chicago,LATINO VOICES
why i feel more gen x than baby boomer,FIFTY
why israel is such a hard place to visit  but so worth the effort,FIFTY
handwritten letters from frida kahlo andy warhol alexander calder and more,ARTS
we asked you answered this is what retro looks like,ARTS
at williams college andy warhol casts his queer eye on books,ARTS
applying the lessons of selfdefense to antisemitism,COLLEGE
on the edge art central rocks hong kong,ARTS
björks first music video from vulnicura has her literally baring her heart,ARTS
does this cats eyebrows remind you of anyone,GOOD NEWS
switzerland at the geffen playhouse,ARTS
boy mysteriously receives heartwarming postcard from his deceased father,GOOD NEWS
how yoga could change the lives of students in one lowincome community,GOOD NEWS
how this budgetminded couple traveled the world in retirement,FIFTY
envision festival costa rica,ARTS
love multiplied recent screening at yangon photo festival,ARTS
first job blues battles and lifelong lessons,EDUCATION
first direct flight from new orleans to cuba since to take off this weekend,LATINO VOICES
what i learned from a college tour visiting johns hopkins university,EDUCATION
umd frat brother allegedly sent racist email signed off with f consent,COLLEGE
another kind of dreamer,LATINO VOICES
mons pubescent,ARTS
tom hanks proves once again hes the nicest guy ever,FIFTY
5 things to know about bjorks moma retrospective,ARTS
how to make it in america,COLLEGE
whos the sexiest man over 60 you decide,FIFTY
if you really love your partner youll take this advice,FIFTY
painting through israel a different way of seeing,ARTS
4 things you shouldnt do on facebook,FIFTY
the global search for education being global  a global competence certificate,EDUCATION
is it still cheating if your spouse no longer recognizes you,FIFTY
a passionate rhythm of right work meet worldclass drummer barbara borden,GOOD NEWS
indecent intentions street harassment and contemporary art,ARTS
the 7 germiest items you probably touch every single day,FIFTY
dapa would lift 40000 california children out of poverty study,LATINO VOICES
harper lees upcoming novel raises concerns about aging authors care,FIFTY
my life in front of the tv,FIFTY
the ten commandments of networking emails,COLLEGE
free resources to teach students about cesar chavez day in march,LATINO VOICES
have you ever been glamping,FIFTY
manipulated satellite photos reveal a multicolored universe exploding with geometry,ARTS
really bad advice from the woodstock era,FIFTY
tomi ungerer the mirror of a century,ARTS
ron arads riveting car sculptures arrive at paul kasmin gallery,ARTS
a 3d font that reads like text but can be viewed like sculpture,ARTS
8yearold sells hot chocolate donates profits to hospital that saved his friends life,GOOD NEWS
on thesising or academic privilege,COLLEGE
speaking with somi a new appraisal,ARTS
retired det sonny grosso will be smiling on st patricks day to the pipes and drums,ARTS
how to make anyone fall in love with you in 36 questions,FIFTY
chilean invasion at nyfw,LATINO VOICES
the march is not over yet a different education for the century,COLLEGE
how this 50something mother of three trained for a triathlon,FIFTY
the readymade is already made,ARTS
melodrama notes from an ongoing investigation,COLLEGE
8 surprising culprits that keep you from falling asleep,FIFTY
3 secrets im ashamed to tell my kids about my teenage years,FIFTY
is disability in,ARTS
dear high heels why i have to break up with you,FIFTY
customer gives mega tip so single dad can get dental work reason to smile,GOOD NEWS
this is lizzo the grrrl rapper whos making nogenre music just for you,ARTS
10 things that really make my head explode,FIFTY
protecting our environment is a matter of life or death,LATINO VOICES
tales from the toofaan express,FIFTY
this abandoned house will be entirely filled with flowers,ARTS
dozens of students stage antiracism protest at university of oklahoma,COLLEGE
collected stories,ARTS
aisle view the queen takes the stage,ARTS
happy birthday stephen schwartz,ARTS
heres the dance opera thats being filmed inside a particle accelerator,ARTS
run dont walk to final days of natvar bhavsar exhibit at tower49 gallery nyc,ARTS
retired nurse uses pension money to help provide meals to 7000 hungry people each month,GOOD NEWS
dances with mexicans disneys mcfarland usa,LATINO VOICES
the dollars and sense of buying a vacation home,FIFTY
an interview with a revolutionary professor peter mclaren,EDUCATION
the straw that broke the teachers back,EDUCATION
selma50 voter education suppression and obligation,EDUCATION
skills for social progress the power of social and emotional skills,EDUCATION
5 things to know about hamdy reda,ARTS
nasim nasrs zaeefeh the wretchedness and shadi happiness gagprojects adelaideberlin at the art dubai,ARTS
surveillance02,ARTS
stage door hamilton fish in the dark,ARTS
the 6 big benefits of getting married midlife,FIFTY
france wants to punish facebook for censoring a painting of a vagina terrible idea,ARTS
björk retrospective at moma new york video,ARTS
international womens day means more than looking beyond  it means looking below,LATINO VOICES
hey college students being smart is okay,COLLEGE
wet hot american summer the play garage theatre long beach ca,ARTS
uc irvine student government bans american flag others from campus area,COLLEGE
first nighter fiennes in shaws man and superman patrick marbers revived closer mike bartletts new game,ARTS
is early reading a problem,EDUCATION
us police killings of unarmed mexican men enrage latino community,LATINO VOICES
why am i so tired all the time,FIFTY
7 ways to boost your happiness in under a minute,FIFTY
6 dream retirement destinations in europe now on sale,FIFTY
yup we cant believe these were taken on an iphone either,ARTS
the reality behind nixon and khrushchevs kitchen debate cabbage soup vs red meat,ARTS
how internship success can jumpstart your career,COLLEGE
weatherproof advice for fall prevention,FIFTY
uc santa cruz student protesters cause traffic jam and shut down campus,COLLEGE
these senior citizens jam out in a burger king every friday,FIFTY
why our kids dont love school anymore,EDUCATION
an exile artist from iraq paints herself into ancient illustrated manuscripts,ARTS
awesome senior prank reminds principal why he loves his job,GOOD NEWS
eating art,ARTS
8 smart ideas that actually help people age in place,FIFTY
7 ways to prove youre full of energy at work,FIFTY
ayoub qanir takes time to cannes,ARTS
the case for spotify how i became a music streamer in spite of myself,ARTS
why going online could cause girl scouts values to crumble,COLLEGE
doctor lawyer camel rancher helping your kids discover careers they love,EDUCATION
this gorgeous grandma proves beauty has no expiration date,FIFTY
good habits live long,EDUCATION
karen finley did it first,ARTS
what yeezy taught me 5 lessons we can learn from kanye west,COLLEGE
17 suggestions for choosing classes in college,COLLEGE
sara zielinski interviews sara zielinski,ARTS
two words we need to hear more in higher education,COLLEGE
meet hilary knight the illustrator who brought to life the world of eloise,ARTS
how the world of crime photography has changed since,ARTS
doing it yourself from independent learning plans to organizing your instructional path,EDUCATION
restore the true spirit of esea,EDUCATION
dustin yellin is shredding 10000 for the sake of art and its pretty damn beautiful,ARTS
8 fairs to visit during armory week,ARTS
how hashtags evolved and changed the way we communicate,COLLEGE
the dress,FIFTY
a conversation with luke ingham principal dancer at san francisco ballet,ARTS
the singapore mikado in brooklyn,ARTS
7 ways to get the passion back in a very long marriage,FIFTY
in epic battle of dogs vs imaginary doors pups would rather be safe than sorry,GOOD NEWS
the great mujica portrait of a person,LATINO VOICES
america ferrera takes hollywoods lack of diversity extremely personally,LATINO VOICES
staggering number of colleges request the hunting ground screenings,COLLEGE
interview with fernando botero,ARTS
the oscars of the gif world needs you,ARTS
this is what passes as collegegourmet on campus,COLLEGE
free eye care gives poor students fighting chance to succeed in school,GOOD NEWS
revolution as contemporary body holly zausners resplendent unsettled matter,ARTS
campus debit cards good for you or your university,COLLEGE
91yearold is living her dream as a tech designer at silicon valley firm,GOOD NEWS
carlos núñez concert honoring alan lomaxs spanish fieldwork,ARTS
a marriage of two languages my journey on embracing both english and spanish,LATINO VOICES
blind girl produces whimsical wizard of oz scene as shes always pictured it,GOOD NEWS
a day with alzheimers as a caregiver,FIFTY
the entrepreneurial pianist,ARTS
ive been called a lot of things but isis,FIFTY
hollywoods diversity problem starts at the top ucla report finds,LATINO VOICES
paul taylors legacy plan champions modern dance,ARTS
hidden in plain sight struck by the street art of stickers from the streets to the classroom,EDUCATION
why i am not and never will be a senior citizen,FIFTY
the real thing long beach playhouse mainstage theatre at long beach california,ARTS
why you need to prepare for expatriation like its pregnancy,FIFTY
flipping the way students and professors do college,COLLEGE
why smartphone use helps develop century skills in higher education,COLLEGE
suggestions to highschool students for reading shakespeare  part 2,EDUCATION
why ive stopped apologizing,COLLEGE
what older men want young men to know about love,FIFTY
hand cannot erase  an interview with steven wilson,ARTS
i on exceptional living  catharine hamilton chicago to versailles,FIFTY
why no good ever comes from drunk dialing,FIFTY
how you too can have full gorgeous eyebrows,FIFTY
stateless and silenced,LATINO VOICES
a heavenly match jerome robbins and liam scarlett at san francisco ballet,ARTS
touching photo series captures dying pit bulls first and last time seeing the ocean,GOOD NEWS
why bangkok is one of the worlds best retirement spots,FIFTY
whats really wrong with bill oreillys el salvador reporting,LATINO VOICES
dapaeligible immigrants face threat of deportation advocates say,LATINO VOICES
this blessed music video turns doodling into a spiritual experience,ARTS
parent involvement in schools matters a teachers perspective,EDUCATION
dear patricia arquette who fought for us,LATINO VOICES
financial aid guide for families,COLLEGE
homeless man helps push cars up hill in snow storm internet rewards him for kind act,GOOD NEWS
why egg freezing isnt the answer to every problem,FIFTY
the disturbing technology trend among midlifers,FIFTY
of teachers and educational technology,EDUCATION
mcfarland usa director on why she avoided making a white savior movie,LATINO VOICES
learning from improvement or not,EDUCATION
new york is a leader in the fight against sexual assault on college campuses,COLLEGE
soon student loans will look like the tax code,COLLEGE
the record shop episode 2 vinyl,ARTS
no more campus guns wont decrease rape,COLLEGE
how to be there for your spouse when things go right,FIFTY
indias biggest art star is not a pipe,ARTS
how to retire overseas in a paradise with yearround sunshine,FIFTY
what 5yearolds can teach us about life after 50,FIFTY
have we already solved the student debt crisis,COLLEGE
majority of retirees say theyre living in the best home of their lives,FIFTY
adorable photos of men and cats prove few things are more manly than cat ownership,ARTS
my night out looking for love at honeymoon in vegas,ARTS
the challenges of transfer application essays,COLLEGE
annesophie mutter  a profile of the artist,ARTS
a visit to henri matisse the cut outs on closing weekend,ARTS
the immersive and minimal black & white mountain landscape photography of scott rinckenberger,ARTS
the razor scooter incident,COLLEGE
opera is dead,ARTS
the hidden value of serving salad,COLLEGE
dont rain on her parade kimberly faye greenberg brings fanny brice to fabulous life,ARTS
manhattans dry line will look something like this,ARTS
the newly renovated harvard art museums an artists perspective,ARTS
five questions for laverne evans srinivasan,EDUCATION
chin hairs and other facts about perimenopause,FIFTY
i go red for mis abuelas,LATINO VOICES
21yearold eastern ky university woman loses 175 pounds in 14 months,COLLEGE
you should have your heart broken at least once,COLLEGE
do latino businesses pander to white customers,LATINO VOICES
the amazing london museum you never heard of,ARTS
a message for the brother i hardly knew,FIFTY
how detroiters got dozens of parks reopened and made the city better for kids,GOOD NEWS
autopsy of a fraud update on deborah solomons disastrous norman rockwell bio,ARTS
this is the degenerate art once banned by hitler,ARTS
truth and consequences,EDUCATION
bellydancing gave her confidence and a painfree body,ARTS
prejudice a reflection on incident of sureshbhai patel,COLLEGE
homeless mans kind gesture inspired viral campaign thats getting people off the streets,GOOD NEWS
these stunning older celebs ruled the oscars red carpet,FIFTY
in the event of a water landing,FIFTY
inheriting the greek language,EDUCATION
the last five years richard lagravanese how glee made his film possible,ARTS
reflections of an octogenarian iv whatever happened to the core in the core curriculum now you see it and now you dont,EDUCATION
day dream believers from wisconsin to nashville,FIFTY
the global search for education our top 12 global teacher blogs  what will be the most significant classroom innovation in the next 10 years,EDUCATION
a living room of ones own gob squads western society,ARTS
the best retirement plan is having a job you love,FIFTY
people with disabilities can easily find accessible spots with this app,GOOD NEWS
with immigration injunction texas judge condemns millions to continued life in the shadows,LATINO VOICES
the threepenny opera at a noise within,ARTS
first nighter stoppards hard problem neatly solved last of the de mullins deftly revived homers odyssey in 60 minutes,ARTS
why i decided to get pregnant at 50,FIFTY
the truth about generic vs brandname medications,FIFTY
why this midlife couple decided to adopt kids,FIFTY
the 4 words that are keeping you from finding love,FIFTY
humans of new york an afternoon with brandon stanton,ARTS
london says goodbye to the scottsboro boys,ARTS
in 5 minutes this student destroys our double standards for men and women,COLLEGE
not your typical artist,GOOD NEWS
first nighter james mcavoy rules the ruling class a feminized treasure island di and viv and rose on friendship,ARTS
meningitis bacteria to blame for oregon students death,COLLEGE
meet eric dyer the modern master of the zoetrope,ARTS
berlinale event quantum entanglement and the james franco epic,ARTS
brett novak on capturing the grace of skateboarding,ARTS
no child left in isolation,EDUCATION
the elephant in the school failure debate,EDUCATION
if ever there was a kid born to read,EDUCATION
5 reasons cold weather is actually good for you,FIFTY
helping children understand ferguson through art,ARTS
a howto for a life,FIFTY
storied princeton eating club elects first female president,COLLEGE
these gorgeous maps show the worlds great cities from a locals pov,ARTS
students fight to keep affordable college from becoming extinct,COLLEGE
roald dahl the bfg and the measles,EDUCATION
living your future is an authentic process,EDUCATION
the 10 most creative instagram accounts to follow,ARTS
heres what the insides of marriage really look like according to an artist,ARTS
heres what might happen if persephone goddess of spring were a millennial,ARTS
how to know if youre in the fifty shades of grey stage of your life,FIFTY
nursing home resident on group disney trip i felt like a kid again on christmas morning,GOOD NEWS
menopause relief straight talk about compounding pharmacies,FIFTY
what its like to try speed dating at 70,FIFTY
at 52 this former flight attendant wants to break into hollywood,FIFTY
investing in whiteness a latinas struggle to form her own physical identity,LATINO VOICES
lessons from the spring festival,ARTS
kisses for my mother,FIFTY
33 things women love most about being married,FIFTY
the thorn in the side of women over 70,FIFTY
did i ever have a choice,FIFTY
animal housing 3 reasons to banish fraternities,COLLEGE
obamas presidential library will look something like this,ARTS
dog covered with oil rescued,GOOD NEWS
the best class i have taken,EDUCATION
the comey speech misses the ñ,LATINO VOICES
4 reasons to rethink entrepreneurship education,COLLEGE
working with the college financial aid office,COLLEGE
fifty shades of grey hair yuppie porn and hippie fantasies,FIFTY
only in ohio unsigned band joins symphony orchestra,ARTS
speaking of measles scott walkers vaccine against education,EDUCATION
the iceman cometh theatre review,ARTS
this dark and gripping timelapse captures san francisco like youve never seen it before,ARTS
back to the future,EDUCATION
parents share your story how do you empower student learning,EDUCATION
when photography becomes more than just taking pictures,ARTS
stanley fish on academic freedom,COLLEGE
martin shore and berklee city music join forces with take me to the river educational initiative,EDUCATION
lessons from a presidents day accident,GOOD NEWS
male amputee model walks in new york fashion week show featuring people with disabilities,GOOD NEWS
hot flashes can last up to 14 years soulcrushing study says,FIFTY
suggestions to high school students for reading shakespeare  part 1,EDUCATION
stage door breaking the silence with girl be heard,ARTS
why your power nap is definitely worth it,COLLEGE
people with disabilities have a hard time finding jobs and this company is doing something about it,GOOD NEWS
the rocky road to selfawareness,ARTS
dennis hare without restraint at the bakersfield museum of art,ARTS
is teach for america beginning to lose its luster,EDUCATION
the global search for education the tech report  from australia,EDUCATION
response why alexandra villarreal matters to the dance world,ARTS
allowing loss of a family member to unite family,FIFTY
are you listening to your kids,EDUCATION
first nighter ronald keaton makes an imposing churchill,ARTS
leveling the playing field for our kids,EDUCATION
demiurge,ARTS
hundreds protest fatal police shooting in washington,LATINO VOICES
the childhood games that make us feel all nostalgia,FIFTY
how to plan a vacation thats better than the guide books,FIFTY
warning these erotic outsider artworks arent for your basic valentine nsfw,ARTS
how to celebrate age through the lens of gratitude instead of groans,FIFTY
a valentines day message to my adorable grandkids,FIFTY
a beauty regimen designed to give aging looks the deep freeze,FIFTY
how to celebrate valentines day if youve recently been dumped,FIFTY
3 questions when choosing a college,COLLEGE
hazards of the me culture,COLLEGE
examining the often overlooked wonder of bridges overpasses and viaducts,ARTS
texas draw the prophet contest is shameless muslimbaiting,ARTS
10 famous paintings that will make you feel happy you dont have a valentine,ARTS
5 ted talks for encouragement and motivation,COLLEGE
a valentine homage to okeeffe and stieglitz,ARTS
social media is another canvas for millennial artists,COLLEGE
frequencies law of attraction,COLLEGE
hamburger for my valentine,COLLEGE
new school new start navigating college as a transfer student,COLLEGE
poetry,COLLEGE
boys will be boys,ARTS
everyone seems to be doin valentines day wrong,COLLEGE
xs and os americas obsession with football at berkeley rep,ARTS
this university tumbling teams flight got delayed so they channeled beyonce,COLLEGE
the real threat to democracy,LATINO VOICES
philadelphiatheatreco celebrates 40 with stars aligned,ARTS
the chapel hill shooting why our lives depend on closing the global achievement gap,EDUCATION
latinos choose the west for environment fight for protection because of passion,LATINO VOICES
internet raises funds for firefighter who responded to emergency call at his own home,GOOD NEWS
reality risk & reward is us kids tv ripe for authenticity and autonomy,EDUCATION
have the guts to go with your guts,COLLEGE
7 reasons being over 50 is absolutely awesome,FIFTY
the mystery of vivian maier the most famous street photographer no one actually knows,ARTS
my husband my valentine,GOOD NEWS
5 questions to ask before making a career change,COLLEGE
thefts are an everpresent problem at arts and crafts fairs,ARTS
severely injured toucan who was attacked by vandals to receive 3d printed prosthetic beak,GOOD NEWS
4 powerful lessons about life i learned as a hospice worker,FIFTY
music i mostly hold dear george rochberg,ARTS
missing latinos on american award telecasts,LATINO VOICES
these pictures prove brazils legacy of slavery is not a thing of the past,LATINO VOICES
how this woman will conquer her lifelong weight struggles in,FIFTY
forget roses these japanese flower sculptures will blow your valentine away,ARTS
welcome to the page2ferguson blog salon,EDUCATION
neverbeforeseen works by surrealist master salvador dali on view now,ARTS
nude photography by women of women for women,ARTS
these century harem portraits break all the rules,ARTS
how a student from the noncollege track became a founder of schools,EDUCATION
yeah its winter in new england chill out,COLLEGE
how i spiced up my sex life by losing the underwear,FIFTY
meet andrés jaque the winning young architect set to take over moma ps1,ARTS
an informed consumer of students test scores,EDUCATION
out of the boat and into the frying pan,COLLEGE
dance review ballerina wendy whelan restless for a reason,ARTS
unspeakable hope,ARTS
mortality,ARTS
unknown sketch of vincent van gogh and both his ears discovered in scrapbook,ARTS
pass the diacetyl and save your marriage,FIFTY
seeking a secular community in college,COLLEGE
positive postit note day sheds light on a tragic year at appalachian state university,COLLEGE
cms top 10 schools for cheerleading,COLLEGE
sarah elise abramson the cosmos in the chaos,ARTS
comp me baby one more time,COLLEGE
my closet is never empty,FIFTY
martha stewarts antiaging routine starts at 4 am,FIFTY
learning from failure,EDUCATION
the art and science hybrid that has artists helping to identify crime victims,ARTS
why college might cost so freaking much,COLLEGE
a better way to spend 60 billion expand pell grants,EDUCATION
how this 55yearold widow plans to bounce back after the worst year of her life,FIFTY
a highdef selfie with the arts and humanities,ARTS
5 reasons growing older is more awesome than awful,FIFTY
17 simple sights smells and sounds that whisk you back to childhood,FIFTY
unprecedented opportunities online learning explosion empowers gendiy,EDUCATION
companys staff is 80 employees with autism provides model for other businesses,GOOD NEWS
the sounds of alzheimers,FIFTY
the best hotel getaways for valentines day,FIFTY
paul gauguin at fondation beyeler video,ARTS
i on beauty chapter 14  the man who is stopping the clock,FIFTY
dont just go abroad  volunteer abroad,COLLEGE
first nighter joe pintauros snow orchid benjamin scheuers the lion,ARTS
the dark days caring for my mother with alzheimers,FIFTY
6 ways to make sure your quiet child doesnt get lost in the shuffle,FIFTY
how the designer behind aaron schocks office caught the attention of capitol hill,ARTS
what its really like to retire in belize,FIFTY
college student survey suggests weve made little progress eliminating racism,COLLEGE
when balloons invade the urban landscape everybody wins,ARTS
exclusive interview with photographer and documentary filmmaker nora de angelli,ARTS
get your safety freak on,FIFTY
londons tate modern celebrates marlene dumas,ARTS
an aging persons observations about aging helpful hints for all ages,FIFTY
blythe danner says 35 in hollywood used to be old not anymore,FIFTY
university blacklisted for publishing jack whites guacamole recipe contract,COLLEGE
overlooked elderly pets need love too and this pit bull is proof,GOOD NEWS
23 valentines day cards that are actually works of art,ARTS
sometimes it takes a president,LATINO VOICES
brains and bottoms,ARTS
new combinations at new york city ballet,ARTS
small houses with a huge sense of style,ARTS
why harvard officially banned professorstudent relationships,COLLEGE
bill nye meets with young fan who has autism reignites our love for the science guy,GOOD NEWS
how hurricane katrina saved some of new orleans most historic art from obscurity,ARTS
dear little sister,COLLEGE
are painters reference photographs a form of cheating,ARTS
flourishing aboriginal art,ARTS
photographer captures 100 female artists in their homes and studios,ARTS
all children are not the same common core standards fail to keep child development in mind,EDUCATION
how i embraced the winter blahs,FIFTY
the top 15 colleges that pay you back the most,COLLEGE
how one couple turned an epic fight into fuel for love,FIFTY
unions and other old things,FIFTY
revolution in berlin sontag revisited,ARTS
watch mom lose it when son comes home early after years abroad,FIFTY
new college cool womens colleges,COLLEGE
review the road to damascus,ARTS
photographer captures stunning shots of babies seconds after theyve left the womb,ARTS
top 5 solo exhibitions to see this season,ARTS
american sniper students debate films quality and impact,COLLEGE
want to be less materialistic take part in this experimental art project,ARTS
have we coddled our kids too much,FIFTY
photographer allows bacteria to eat away at images of the cosmos and these are the celestial results,ARTS
why the presidents 529 proposal just didnt add up,COLLEGE
does kindness matter my grandmother says yes,GOOD NEWS
who am i homesick in my last semester of college,COLLEGE
this tibetan monk has taken in 170 orphan children,GOOD NEWS
moving photos of rescued dogs and their tattooed humans remind us to ditch stereotypes,GOOD NEWS
bob dylan does first interview in years  and its with aarp,FIFTY
college students start branding yourself now,COLLEGE
thousands of dominicans woke up this week without citizenship in any country,LATINO VOICES
after the death of her husband this 58yearold is trying online dating,FIFTY
why i sing the songs of grace jones  literally and figuratively,ARTS
firefighters return to finish shoveling heart attack victims driveway launch shovelitforward movement,GOOD NEWS
why im choosing to move to nyc,COLLEGE
whats next after college,COLLEGE
what might have been treaties and nationbuilding,ARTS
uh oh lonely people are more likely to binge watch,COLLEGE
how to make your bathroom safer,FIFTY
beware an irs scam may be coming to a telephone or inbox near you,FIFTY
how i used a spreadsheet to fix my love life,FIFTY
how a friendship with muhammad ali resulted in some of the worlds best sports photography,ARTS
the positive impact of vaccines in one stunning historysoaked photo,ARTS
an open letter to president obama,COLLEGE
why this 71yearold woman is embarking on a 500mile hike,FIFTY
pit bulls in pajamas aim to warm people up to the breed,GOOD NEWS
duke of burgundy is the allfemale erotic drama you need to see,ARTS
every mom and dad a stem mentor,EDUCATION
strangers help shovel snow so this man can deliver a daisy to his late wife every day,GOOD NEWS
ranking of colleges with the most drug arrests per capita counts several suny campuses,COLLEGE
why i dont want botox needles sticking into my face,FIFTY
youthful exuberance softens the corners of aging,FIFTY
the second time around the new usual,FIFTY
progressive labels for regressive practices how key terms in education have been coopted,EDUCATION
why rescue the latest failed chief for change,EDUCATION
bloody valentine national theatre of scotlands let the right one in,ARTS
cuba arts journal island in flux,ARTS
teacher regulations worthy of george orwell,COLLEGE
these twin sisters just turned 90 and are still cracking each other up,FIFTY
yes an unpaid internship is a job,COLLEGE
financial sense 201 going beyond the classroom and making smart financial choices now,COLLEGE
presidents call for action on inequality rings urgently for latinos,LATINO VOICES
why your twenties dont immediately make you an adult,COLLEGE
prologue to my blog,ARTS
banksy exhibit inspires exdrug addict to change his own life through art,GOOD NEWS
spirit of the hawk,ARTS
oscar isaac on his powerful flawed latino character in a most violent year,LATINO VOICES
uva students say banning sorority members from frat parties is dangerous,COLLEGE
50 ways to organize your life after 50 part 2,FIFTY
tanya habjouqas occupied pleasures keeping our humanity,ARTS
first nighter schilling dinklage edwards spend a month in the country,ARTS
cd review the great escape by the great escape,ARTS
cd review i am love by i am love,ARTS
why we should stop saying sorry so often,GOOD NEWS
teach stream be acquired why online education investors are hot for teacher,EDUCATION
choice is a privilege,EDUCATION
inland empire early college paves pathway to postsecondary,EDUCATION
police and students of color a letter to the new york times columnist whose son was held at gunpoint by the campus police,COLLEGE
cracks in talent pipeline pose risks for employers and college students with disabilities,EDUCATION
california blueprint for creative schools unveiled,EDUCATION
dartmouth creates new rules bans liquor to tame heavydrinking culture,COLLEGE
penn state task force calls for disclosure of sexual assault punishments,COLLEGE
advocates rally around transgender migrant woman detained in allmale facility,LATINO VOICES
8 adorable dogs playing in the snow,GOOD NEWS
you probably need this vase 3d printed in the shape of your face,ARTS
whats good for cuomo is bad for students,EDUCATION
illinois educational funding  expect deep cuts,COLLEGE
woman who has cerebral palsy is writing an entire novel by typing with her toes,GOOD NEWS
why wont arne duncan and other true believers in highstakes testing face reality,EDUCATION
the work of artists is not play,ARTS
charter schools vital to dcs educational renaissance,EDUCATION
17 ways to make your resume fit on one page,COLLEGE
some awesome people shoveled the boston marathon finish line during the blizzard,GOOD NEWS
teacher and his students recreate uptown funk get an a in breakin it down,GOOD NEWS
watch some nyu frat bros play beer pong in the street during the blizzard,COLLEGE
guy doing doughnuts with a snowplow is handling the blizzard brrriliantly,GOOD NEWS
smart ways to save for retirement at any age,FIFTY
how to eat as a 50something woman,FIFTY
university of southern mississippi to offer study abroad program in cuba,COLLEGE
institutionalized misogyny in the greek system,COLLEGE
scholars to fox news writing about white people doesnt make you racist,LATINO VOICES
a brief rant on the exhaustion of the avantgarde zombie formalism and what contemporary painting needs to move forward,ARTS
5 bad behaviors from the past that are now totally common,FIFTY
jon swihart a portrait of louis zamperini,ARTS
tattoo duo brings incredibly intricate cubist illustrations to flesh,ARTS
everyone wants a nudie pic a look at whats hot in art,ARTS
holocaust survivor salutes liberator in emotional meeting decades later,GOOD NEWS
the verdict is in obamacare is working exactly as the law intended,FIFTY
entering aurie ramirezs pinstriped glam rock watercolor world nsfw,ARTS
is it art or is it soup,ARTS
the usual east corner wonton is gone,FIFTY
how a humans of new york fundraiser taught us about education,EDUCATION
emotional intelligence needs a moral rudder,EDUCATION
longing to finally visit the cuba of my dreams,FIFTY
let curiosity back into the concert hall,ARTS
app tells parents and professors if students go to class,COLLEGE
you can get a scholarship for playing video games,COLLEGE
is innovative art an oxymoron,ARTS
meet teacher the futuristic machine thats going to show you how to draw,ARTS
why doing what you love isnt enough when starting a business,FIFTY
letters of sacrifice,ARTS
financial sense 101 prepare for college before the freshman fifteen,COLLEGE
smarts with a side of grits,EDUCATION
dedicated humans of new york fans raise money to send underserved kids on harvard visit,GOOD NEWS
the promise of the affordable care act must reach all communities,LATINO VOICES
6 reasons im thankful you fired me,COLLEGE
victim in mit online course sexual harassment case comes forward,COLLEGE
american sniper and the fetishization of patriotism,COLLEGE
aisle view into the woods back on stage,ARTS
several fraternities sororities utterly destroy two michigan ski resorts,COLLEGE
intellectual diversity on american university campuses,COLLEGE
groups place free hats and scarves around cities spread warmth to those who need it most,GOOD NEWS
13 quotes from artists that will inspire you to create,ARTS
bad girls dont cry,ARTS
one girl,ARTS
jane the virgin pauses midepisode to drive home the need for immigration reform,LATINO VOICES
julianne moores secret for flawless skin is surprisingly simple,FIFTY
setting the stage what to see at art stage singapore,ARTS
i know i can sharons story,FIFTY
daily meditations for alzheimers and dementia caregivers,FIFTY
seniors play grand theft auto v and their reactions are priceless,FIFTY
faculty alert why are employers giving low marks to college & university grads,COLLEGE
the us should give guantánamo back to cuba its rightful owner,LATINO VOICES
first nighter halley feiffers im gonna pray for you so hard needs more prayer,ARTS
watch seal bellies up to dog gives it a hug,GOOD NEWS
the life skills you should have by 50 60 70,FIFTY
study uncovers surprising increase in falls among older people,FIFTY
what to do when a midlife crisis is a major splurge,FIFTY
5 things to do in to prepare for your overseas retirement,FIFTY
7 ways to make your workout routine stick,FIFTY
5 tips if youre job hunting for the first time in years,FIFTY
teaching character versus life skills in schools whats the best approach,EDUCATION
jane wilson artist of the ethereal dies at 90,ARTS
meet the latina miss universe candidates,LATINO VOICES
how to see exactly what admissions offices think about you,COLLEGE
the best medicine for aging brains,FIFTY
century best courtesy albrightknox art gallery,ARTS
why tattoos may be the next great generational divide,FIFTY
why im proud to flaunt my 50something body,FIFTY
a young global leader at johns hopkins,GOOD NEWS
why i like turning 50 so much more than turning 40,FIFTY
review of the girl from human street by roger cohen,COLLEGE
are we prepared for president obamas free community colleges,COLLEGE
make the mlk holiday a day on not a day off,FIFTY
what i have a dream looks like to detroit artists,ARTS
photographs of the freedom journey in illuminate the pasts connection to the present,ARTS
i on beauty chapter 13  new year renewal favorites,FIFTY
migration from cuba surges amid rumors of end to wet foot dry foot policy,LATINO VOICES
matisses cutouts at moma and on film picasso and the camera at the gagosian,ARTS
the marvelous wonderettes san pedro theatre club san pedro ca,ARTS
how were all responsible for creating the facebook monster,FIFTY
7 reasons well always love you kevin costner,FIFTY
man floats in sky tied to 90 balloons channels iconic up scene,GOOD NEWS
glorious tumblr examines the world from an artworks perspective,ARTS
the presidents plan for tuitionfree education at community colleges,EDUCATION
will andres serrano sue over theft of piss christ copyright,ARTS
this weekend lets make art like nun artist corita kent,ARTS
5 timeless lessons from betty white on her birthday,FIFTY
this sororitys prerush week beauty standards are pure madness,COLLEGE
how one college student turned studying into art,COLLEGE
how facebook helped me identify an abducted child,GOOD NEWS
the character of my boat,EDUCATION
new arizona republican governor begins legacy tying immigration test to educational system,LATINO VOICES
cloud eye control half life,ARTS
young people must know their own history,EDUCATION
honest moments,ARTS
haiku reviews art roundup vi,ARTS
fraternity booted off campus denies harassing antirape activists,COLLEGE
happy birthday sweetie pie,FIFTY
political leadership is central to successful education reform,LATINO VOICES
takeaways from serial entrepreneur jen groovers talk on innovation and perception,COLLEGE
teens balloon letter to late father gets beautiful reply from strangers 400 miles away,GOOD NEWS
eduscholar rankings where education policy should be going versus where it is,EDUCATION
how to design smart toys for creative kids,EDUCATION
sign up for affordable health insurance today,LATINO VOICES
lessons from chile annual testing in schools,EDUCATION
teachers image takes a hit in america,EDUCATION
american soldier photos expose the many faces of modern war,ARTS
meet millo the street artist who paints massive monochromatic murals around italy,ARTS
family resemblance,ARTS
arts education learning how to see,ARTS
spice up your resume in  the secret to getting the right internships,COLLEGE
my inheritance from my father,GOOD NEWS
first nighter gyllenhaal wilson illuminate nick paynes constellations,ARTS
empowerment within engagement reconciling dialogue and action in model united nations,COLLEGE
7 ways to optimize your yearend ritual,FIFTY
from student to teacher the rise of singapore education,EDUCATION
a reset button,EDUCATION
come at me frat bro,COLLEGE
fat femme artist picks apart your preconceived notions of beauty,ARTS
3 small but smart steps to being less selfconscious,FIFTY
donny osmond on his encounters with michael jackson and the story behind his latest album,FIFTY
the thing youll never hear a woman say about her hair,FIFTY
4 surprising reasons why preschool and kindergarten must change,EDUCATION
the 10 mustsee sundance films for art lovers,ARTS
meet huffposts newest campus editorsatlarge,COLLEGE
the love advice that shocked a marriage expert,FIFTY
10 things i learned about molly ivins,ARTS
what white educators can learn from pittsburghs police chief,EDUCATION
blame the schools,COLLEGE
the spirit of selma nine students arrested in georgia for protesting discriminatory education policies,LATINO VOICES
6 older celebs who stole the show at the golden globes,FIFTY
4 cities where people live the longest,FIFTY
what is the authenticity of a work of art in the era of 3d,ARTS
haiku reviews art roundup iv,ARTS
you say you want a revolution,EDUCATION
sadly the last ship sinks,ARTS
how to break through writers block by sitting around doing nothing except meditating,ARTS
our man in havana part ii,ARTS
this artists beautiful plaid swatches are made entirely out of teeny tiny people,ARTS
the year of the art film what we learned on the silver screen in,ARTS
how to introduce humor into your wellness program and your approach to life,EDUCATION
5 keys to bouncing back after you hit rock bottom,FIFTY
free community college gift horse or trojan horse,COLLEGE
goin down to bitsyland,FIFTY
these brothers put your snowman to shame,GOOD NEWS
11 things nobody ever told you about menopause,FIFTY
5 tips so you can finally write your memoir,FIFTY
watch centenarians discuss their 80year marriage and be charmed,FIFTY
all about the electorate,LATINO VOICES
worthy of free expression,COLLEGE
this optical illusion will make your eyes bulge and your brain burst,ARTS
just not feeling it  or when you dont love a subject you have to take,COLLEGE
these 8 arab cartoonists fight for freedom of expression every day,ARTS
this 4dprinted dress is changing the way we define fashion  and art,ARTS
the largest demographic of binge drinkers might surprise you,FIFTY
atheists demand apology over public universitys email about religion,COLLEGE
french bulldog puppy loves slippers loves stealing them even more,GOOD NEWS
duke student athletes speak out on the power of language,COLLEGE
rome journal the sacred and the profound,ARTS
artist transforms gallery into a basketball court all in the name of space jam,ARTS
in love for the long haul,ARTS
restaurant bans tips will pay servers a livable wage,GOOD NEWS
the adventures of  is the 1950s fatherson animation we never want to forget,ARTS
jesse friedmans case and the appearance of impropriety,COLLEGE
the totally normal life stage that dare not speak its name,FIFTY
student motivation focusing on excellence,EDUCATION
failure to launch the federal plan for higher education accountability,EDUCATION
enchanting silhouettes bring brothers grimm fairytales to life,ARTS
the top 5 international exhibitions of the year,ARTS
reflections of an octogenarian kids what do they know anyway how to raise their socialpolitical literacy,EDUCATION
je suis charlie,ARTS
learn to delegate,COLLEGE
the sad mothers ring,FIFTY
prestigious womens college joins list of 94 schools facing sexual assault probes,COLLEGE
this professor uses slave narratives to teach empathy to future public servants,COLLEGE
when students wont read,EDUCATION
it didnt take a miracle to save these dogs it took some amazing humans,GOOD NEWS
adoption inquiries pour in for dog abandoned at train station with suitcase of belongings,GOOD NEWS
7 ways ive changed for the better in the 7 years since turning 50,FIFTY
three tips for getting along with a difficult person with alzheimers,FIFTY
urban yoga project connects our bodies to the streets around us,ARTS
princeton police investigated allegations against tiger inn bouncers,COLLEGE
30 words we should stop using to describe art,ARTS
this is what happens when adults play with playdoh,ARTS
hollywood of exiles and émigrés,ARTS
see the glass half full,FIFTY
do millennials have good money habits,EDUCATION
3 great tips for combating ageism in your everyday life,FIFTY
5 ways winter may help speed up the aging process,FIFTY
mutualarts top 10 art books of,ARTS
from urbanizing to urban according to my facebook cover page,ARTS
an homage to teachers,EDUCATION
free speech on campus,EDUCATION
edtech investment is at record levels  where is all the money going,EDUCATION
how to get a 40 in fraud prevention,COLLEGE
kaplan to pay 13 million settlement after allegations of unqualified teachers in texas,COLLEGE
teaching hip hop illegally promotes ethnic solidarity arizona official says,LATINO VOICES
nfls worst year how this professional league screwed everything up,FIFTY
new years resolution  let colleges lead the way to a new normal in cuba,COLLEGE
7 ways to jump start your retirement savings in,FIFTY
clever teacher jazzes up students doodles with own hilarious drawings,GOOD NEWS
perspective the worst thing ever or the best thing ever,GOOD NEWS
new year new semester college prep for juniors,COLLEGE
masterpiece musical theatre,ARTS
seth rogen leads the fight against alzheimers,FIFTY
the 8 things that can cause dizziness,FIFTY
4 powerpacked resolutions for job search success in,FIFTY
10 things i learned as a new adjunct teacher,EDUCATION
sense and sensibility why librarians remain essential to our schools,EDUCATION
10 colleges where the most alumni donate,COLLEGE
changing of the guard five prima ballerinas reflect on the biggest change in the dance world,ARTS
why middle age is the best time to seek therapy,FIFTY
10 extraordinary people turning 60 in,FIFTY
4 ways to prepare for next semester now,COLLEGE
saying goodbye to the freak show side shows inevitable demise,ARTS
teaching the bible as literature in public high school part 10  the noble lie,EDUCATION
revealed the 25 best places to retire in,FIFTY
cabaret icon on fearlessly kicking off with no regrets,ARTS
closing the empathy gap,ARTS
the enigmatic art of josef koudelka,ARTS
paul auster how i became a writer,ARTS
death of a salesman,FIFTY
this is barbie like youve never seen her before,ARTS
experts weigh in top latino issues of and what to expect in,LATINO VOICES
dog on chain rescued after 6 years,GOOD NEWS
the egocentric art world is killing art,ARTS
the global search for education our global top 12 teacher blogs,EDUCATION
firefighters turn up the heat in this smokin calendar that benefits animals,GOOD NEWS
10 mustsee movies from the arab world,ARTS
getting warmer in my online search for love,FIFTY
auld acquaintance,FIFTY
6 things that barack obama did for p20 education in,EDUCATION
a new merry widow with renee fleming in widows weeds,ARTS
the wisdom ive gleaned from another passing year,FIFTY
31 photographs that will show you the future of photography,ARTS
why my dog going gray is killing me,FIFTY
why ive chosen to live in a complete state of denial,FIFTY
end the nypd hissyfit,COLLEGE
the house on mango street goes to trial mayavsaz,LATINO VOICES
10 famous artworks that celebrate father time,ARTS
leeza gibbons resources for alzheimers caregivers,FIFTY
why im finally ready for an emotional attachment after years of hot sex,FIFTY
queen of soul commands in philly,ARTS
china and the us a new century a new partnership,COLLEGE
wafflers,ARTS
a commitment to ignore good advice in,FIFTY
into the woods and the dumbing down of the movie musical,ARTS
photos that remind us the world is a good place after all,GOOD NEWS
missing puppy headed back to worried owners after 2400mile road trip,GOOD NEWS
3 ways to get out of your dating rut and just have fun,FIFTY
5 ways to stop the obsession with all things antiaging,FIFTY
the worst commentary about latinos in,LATINO VOICES
6 biggest wins for education in,EDUCATION
what one encounter at the laundromat taught me about life,GOOD NEWS
buying art abroad is fun bringing it home may not be,ARTS
harvards failed sexual assault response triggers policy changes,COLLEGE
how to keep tabs on an elderly parent when you cant be there,FIFTY
amphipolis a cosmopolitan inhabitant in a cosmopolitan tomb,ARTS
obama corrects a historic mistake,LATINO VOICES
against odds nigerian artists make it happen,ARTS
better learning through expensive software,EDUCATION
my brooklyn bridge the partys not over,ARTS
bingewatching the latest reinvention of entertainment consumption,FIFTY
conclusion of our exclusive interview joan lunden tackles cancer and plans to win,FIFTY
reflections of an octogenarian educational reform or stop me if youve heard this one before,EDUCATION
a city at the edge of the horizon the kochimuziris biennale,ARTS
boomer seasons greetings and fond memories,FIFTY
new wave women pulse and nada,ARTS
around the world in 30 days  december,EDUCATION
how not to reinvent the wheel in college accountability,COLLEGE
dame maggie smiths best oneliners from downton as told by gifs,FIFTY
5 companies with parttime jobs and benefits too,FIFTY
when my teen accused me of being old this is what i did,FIFTY
schools need to prioritize addressing obesity in,EDUCATION
music i mostly hold dear lerdahl string quartets 13,ARTS
why my 60s are the best decade of my life,FIFTY
3 great ideas for satisfying encore careers,FIFTY
your 20s matter,COLLEGE
the leader in you a poem,EDUCATION
lessons learned from a notsomerry christmas,COLLEGE
watch parents react to son paying off their mortgage,GOOD NEWS
dont let the fafsa ruin your holiday cheer 10 financial aid myths debunked,EDUCATION
did the shepherds laugh,GOOD NEWS
resolved to teach more through writing,EDUCATION
teaching the bible as literature in public high school part 9,EDUCATION
christmas in an empty nest,FIFTY
how to stage a secret play on new york citys most festering polluted waterway,ARTS
the 20 colleges with the best campus food,COLLEGE
how a mother with amputated arms became an angel in her daughters eyes,ARTS
a dream is a wish your heart makes,ARTS
artsy gifts according to edward goldman,ARTS
george w bushs pearls of wisdom on painting,ARTS
the mid college job crisis,COLLEGE
independent spirit award nominee andrea suarez paz i hope to play something impossible,ARTS
new orleans art explores how food preserves difference in a country pushing for sameness,ARTS
the belonging,ARTS
why an aging population is not a burden on the economy,FIFTY
6 snapshots that summed up middle age in,FIFTY
how the billionaire boys club shaped education in,EDUCATION
art fairs are they eclipsing art museums,ARTS
heres why the snowman is so good,ARTS
the 10 most influential animals of,GOOD NEWS
9 lessons about love and relationships my sassy grandmothers have taught me,FIFTY
cancer survivor 9 brings toys to sick kids spending christmas at the hospital,GOOD NEWS
a few coins a random act of kindness and a christmas tree,GOOD NEWS
these ecofriendly artists are dreaming of a plastic free christmas,ARTS
why its sometimes necessary to redefine family at holiday time,FIFTY
happy birthday louise bourgeois,ARTS
hollywoods most influential costume designer vies for another oscar nod,ARTS
not just ayotzinapa a day in a narcoravaged mexican city,COLLEGE
human throws her cat a snazzy birthday bash feline is not impressed,GOOD NEWS
an interview with guillermo kuitca,ARTS
more than a glorified teachers aide,EDUCATION
4 reasons hallmark movies saved my holiday spirit,FIFTY
mindfulness for educators,EDUCATION
twitters unexpected benefits,EDUCATION
things heat up in the kitchen when 12yearold busts out moves we didnt see coming,GOOD NEWS
how to survive the holidays at home,COLLEGE
ankore tearing it down and putting it up,LATINO VOICES
6 reasons having a latino pope has made a difference,LATINO VOICES
the christmas i died  briefly  only to wake up with a greater sense of purpose,FIFTY
joe cocker rock and roll aint pretty,ARTS
when its alzheimers should the person be told the diagnosis,FIFTY
millennials are tolerant educated enterprising and hyphenated,EDUCATION
an obituary for an unattained education goal,EDUCATION
the social power of traveling photographers,ARTS
big eyes will open christmas day,ARTS
title ix administrators discuss emotional demands of job,COLLEGE
hellraiser7,FIFTY
5 tips for managing credit and boosting your score,EDUCATION
how to be a jewish boomer and still celebrate christmas,FIFTY
the 5 best moments for those 50 and older in,FIFTY
when terrorists win sonys cancellation of seth rogens the interview,COLLEGE
the cultural evolution of art and the net,ARTS
the jaded sing hallelujah for oakland ballets nutcracker,ARTS
when i was a kid we took pictures with cameras,ARTS
why letting go is hard to do,FIFTY
lessons in love from my 16yearold self,FIFTY
the 10 best books for grownups in,FIFTY
10 reasons to be proud of your father,FIFTY
chicago showdown facing up to magritte,ARTS
mindful final exams,EDUCATION
just believe,GOOD NEWS
our fight for justice,EDUCATION
toddler with down syndrome stars in target ad helps raise awareness for condition,GOOD NEWS
i on exceptional living  nikki haskell a timeless icon,ARTS
teaching learning and the college ratings framework,COLLEGE
dating someone new 10 tips to survive his or her family over the holidays,FIFTY
the global search for education whats the secret to canadas success,EDUCATION
ageism in america,FIFTY
19 of the best snow scenes in art,ARTS
roland reiss art review,ARTS
7 antiaging foods you should be eating today,FIFTY
post mortem presents a very victorian christmas post mortem movement theatre long beach calif,ARTS
the 8 unhealthiest christmas foods,FIFTY
a retired elementary school teacher turned her home into a folksy fine art mecca,ARTS
you can now go to art school at hogwarts,ARTS
these quotes will remind you that life after 50 is an absolute gift,GOOD NEWS
surprising tricks to help you bond with your teenager,GOOD NEWS
9 quotes that will help you find the nerve to take a bold risk,GOOD NEWS
advice in 140 characters or less how to be a good coworker according to twitter,GOOD NEWS
fragments of femininity a comparative analysis of the art of tracey emin and kiki smith,ARTS
these motivational quotes will help you move on from whatever has you down,GOOD NEWS
5 things boomers wont be able to escape in,FIFTY
these american world war ii reenactors dress up like nazis for fun,ARTS
the truth about transfer admissions what to do and what it takes to get in,COLLEGE
3 tips for a happy financial new year,EDUCATION
how i turned a traumatic accident into an opportunity to help,GOOD NEWS
deferred 5 powerful tips to getting accepted at your top choice school,EDUCATION
henry millers ipod,FIFTY
5 options allow gendiy to rethink college,EDUCATION
top 10 education trends to watch in and beyond,EDUCATION
resonance and memory the essence of landscape,ARTS
6 women over 50 who inspired us in,FIFTY
the 4 keys to a successful retirement every older woman should know,FIFTY
time magazines person of the year,FIFTY
7 financial goals for the end of the year,FIFTY
radio waves beats in space video,ARTS
my circle inspired me to open a conversation beyond just tech,COLLEGE
dog eats enough homework to make old macdonald blush,GOOD NEWS
global meditation celebrates world spirit day on,GOOD NEWS
how to welcome opportunities why you should learn to take risks instead of avoiding them,COLLEGE
stage door not the messiah hes a very naughty boy,ARTS
4 benefits of aging frances mcdormand would love,FIFTY
11 art destinations that double as therapeutic retreats,ARTS
the 5 resolutions those 50 and older should never make,FIFTY
educating for the future learning mandarin as a key to uschina relations,EDUCATION
the most memorable most hilarious tweets by midlifers in,FIFTY
the top 20 small cities for growing older in the us,FIFTY
convergence of mobile art,ARTS
13 overthetop holiday decorations you have to see to believe,FIFTY
jules muck brings street art to santa monicas hotel casa del mar,ARTS
the pursuit of happiness,GOOD NEWS
the healthy food transition,EDUCATION
abused pup found with bite marks in a garbage bag just needs some love,GOOD NEWS
theater bradley cooper gets ugly tr knight gets closeted,ARTS
doing the right thing the 5 cs of leadership in higher education,COLLEGE
11 holiday traditions that wont be happening at my house,FIFTY
timeless allure of darshan,ARTS
the lost art of partying,COLLEGE
the year of speaking kindly,GOOD NEWS
watch dog takes on frisbee frisbee wins,GOOD NEWS
feel younger than your age youll likely live longer,FIFTY
dispatch from dc a historic day for children at the white house,EDUCATION
nautical stripes help puerto rican culture sail off the island,LATINO VOICES
fleshy stilettos made with human hair question the sexiness of heels,ARTS
keeping a secret how a confession can make your relationship stronger,FIFTY
raw photos depict the magic of motherhood from a fathers perspective,ARTS
7 posture tips to help you feel younger,FIFTY
jockum nordströms first solo show at david zwirner in london triumphs,ARTS
walmart cashier pays for mans groceries with her own money,GOOD NEWS
sexual assault statistics are not the point,COLLEGE
4 ways congress just screwed up pensions,FIFTY
artists explore the many influences of ebony and jet magazines,ARTS
obese dachshund sheds 50 pounds poses for hot dog calendar,GOOD NEWS
no im not smarter than a thirdgrader,FIFTY
the simple mind exercise that will prepare you for retirement,FIFTY
6 credit score myths debunked,FIFTY
2 men who are doing great work on campuses,COLLEGE
watch friends dispute key allegation in rolling stone rape story,COLLEGE
damning report claims mexican federal police participated in disappearance of 43 students,LATINO VOICES
stage door the elephant man lost lake,ARTS
colombia is not mexico,LATINO VOICES
walking the deferral tightrope,COLLEGE
college rejection doesnt have to mean frustration,COLLEGE
designers recreated wes andersons grand budapest hotel irl,ARTS
holiday traditions snoopy blues part two,GOOD NEWS
8 techie things everyone over 50 needs to know,FIFTY
what not to say to college students,COLLEGE
the 4 difficulties of being alone in a partnered world,FIFTY
5 wise lessons on aging that i learned in,FIFTY
how i became that middleaged woman who uses baby talk with her dogs,FIFTY
the university of virginia and the risky illusion of validity,COLLEGE
feminism is back in vogue,ARTS
better together parenting a child in an independent school,EDUCATION
a street art festival takes root across the walls of malaysia,ARTS
5 ways to show kindness to a child,GOOD NEWS
ivy league president criticized for joining protesters diein,COLLEGE
are college students tempted to sleep with a hometown ex during breaks,COLLEGE
naked will,ARTS
this winter you can get tattooed at a famous new york museum,ARTS
how my latino family does christmas differently,LATINO VOICES
the graduation brouhaha  the story behind the ritual,EDUCATION
9 quotes that will help your friend with worklife balance,GOOD NEWS
the customer service experience that absolutely shocked me,FIFTY
why i still wear my mothers robe 3 years after her death,FIFTY
a little nuance with frats please,COLLEGE
the best mix by a chick who doesnt dig chick music,ARTS
a holiday craft project that will bring the whole family together,FIFTY
watch cop carries woman with ms down stairs during power outage,GOOD NEWS
photographer diego saldiva lived a nightmare every parent fears,ARTS
what can mentoring organizations learn from each other what data is missing,EDUCATION
the reason i loved english class is the reason my students hate it,EDUCATION
where does corporate giving to the arts go,ARTS
get rid of dating stress with these simple steps,FIFTY
why it took me until my 50s to feel ok about masturbation,FIFTY
slut shaming is still a thing how women are shifting the conversation through the arts,ARTS
crazy fun gapyear ideas for grownups,FIFTY
the man and art behind andy warhols silver factory,ARTS
8 inexpensive indispensables every older skier needs to own,FIFTY
eric garners haunting last words become performance art,ARTS
to my unborn son yale black mens union launch powerful photo campaign,COLLEGE
educational testing for what purpose whats really material,EDUCATION
the rudest thing you can do on a first date,FIFTY
mexicos malinchismo why deposing pena nieto is not the solution,COLLEGE
they say it never rains in la,ARTS
a conversation with gloria garfinkel,ARTS
top 20 picks,ARTS
how to write a harvardworthy college application essay,COLLEGE
makeschool cofounder ashu desai talks about the computer science degree of the future,EDUCATION
11 artists you should pay attention to next year,ARTS
why you can thank the neanderthals for your retirement plan,FIFTY
o christmas tree,GOOD NEWS
cute ducks waddling and saving the world,GOOD NEWS
the choreography of my dreams,EDUCATION
how not to go broke this holiday season,COLLEGE
the global search for education creative china  part 2,EDUCATION
parcc is down to dc plus ten states and louisiana isnt one of them,EDUCATION
promoting meaningful education phi beta kappa honors the washington consortium for the liberal arts,EDUCATION
3 tips for retirement bliss,FIFTY
jane seymours secrets to feeling young after 50,FIFTY
holiday reads 10 recent books on art and culture,ARTS
once again air force band surprises and delights,ARTS
why i still believe rape survivors,COLLEGE
dog chases away her friends bad dream with a good ol snuggle sesh,GOOD NEWS
the patron saint of sideshow the found theatre long beach ca,ARTS
this dog strikes all sorts of fancy poses for his bff photographer owner,GOOD NEWS
testing enhanced interrogation in the classroom,EDUCATION
5 ways sexuality is alive and lively as we age,FIFTY
mr mayor its time to take racism out of the equation,EDUCATION
broken systems created ferguson educating people can help fix it,EDUCATION
what aging women want most that money cant buy,FIFTY
the secret to perfect hair,FIFTY
these ceramics encrusted with crustaceans will blow your tiny mind,ARTS
how have fame and fortune shaped the business of being an artist,ARTS
scott elliott and the theater of the uncomfortable,ARTS
an aids quilt songbook sing for hope,ARTS
debunking the myths about boys and emotions,EDUCATION
perception or reality whats happening in our schools,EDUCATION
the archivists dilemma q&a with oddball films stephen parr,ARTS
jimmy carter pushes colleges to get tougher on campus rapists,COLLEGE
this puppy is so moved by the groove that he just needs to break it down,GOOD NEWS
into the woods at the wallis annenberg center,ARTS
first nighter capotes christmas memory set to sweet music,ARTS
us is deporting people who could legally stay here report,LATINO VOICES
college students greet eric garner decision already primed for protest,COLLEGE
stop lying to yourself,EDUCATION
i was a 52yearold thanksgiving virgin  until last week,FIFTY
why its not worth it to settle for just any job after college,COLLEGE
city councilmen deemed this nude pregnant portrait pornography,ARTS
these popular retirement activities wont break the bank,FIFTY
paola antonelli on curating  a way to communicate,ARTS
in room 201 it takes two to tango,EDUCATION
side show stage directions and henry krieger,ARTS
what happens when 5 street artists share a wall in poland,ARTS
the death of a poet death the last chapter,ARTS
5 steps to a stress free holiday season,FIFTY
what we remember about home economics  the good the bad and the ugly,FIFTY
easy tips to kiss away menopausal holiday stress,FIFTY
three more flaws in harvards sexual harassment policy,COLLEGE
why hosting a party for complete strangers may be the best thing you ever do,FIFTY
these adorably uncoordinated pooches fail at playing fetch,GOOD NEWS
15 masterpieces that make barcelona feel like one big modern art museum,ARTS
volunteers save dogs from breeding farm,GOOD NEWS
globalization of knowledge via the internet,EDUCATION
stuart little leads art historian to longlost masterpiece,ARTS
14 ways to successfully wrap up,COLLEGE
sweet covers o mine the top 15 cover songs,ARTS
soaring with the washington ballets noche de pasión the tango soirée,ARTS
the billionaire the boulud and the baloney,FIFTY
i tagged along with an edm dj for a night in new york heres what happened,COLLEGE
uspakistan relations an insight with vali nasr,COLLEGE
straighta athlete who plays 3 sports with 1 arm is a true allstar,GOOD NEWS
baryshnikov and dafoe in robert wilsons the old woman at cal performances berkeley,ARTS
poetic photographs of plastic bags shed light on our consumer society,ARTS
11 instagram accounts worth following this art basel miami beach season,ARTS
the irony of intelligence,FIFTY
the good the bad and the ugly of student loans,COLLEGE
the bill cosby we loved is gone,FIFTY
the worlds top 10 historic hotels,FIFTY
large canine and tiny pooch team up to help their veteran owner overcome depression,GOOD NEWS
5 steps to avoid the sunday evening blues,FIFTY
5 reasons why baby boomers blog,FIFTY
around the world in 30 days  november,EDUCATION
kaleidoscope chamber orchestra launches in los angeles,ARTS
college presidents promise to help the poorest but theyve done the opposite,COLLEGE
why i think customer service is worse than ever,FIFTY
the case against business school,EDUCATION
north to alaska images of election in native villages,GOOD NEWS
an ovation for jefferson county,COLLEGE
what are you thankful for,GOOD NEWS
the top 7 essential college video games,COLLEGE
the 8 biggest excuses that keep you from exercising,FIFTY
ohio police officer rescues puppy twice gets a new best friend for thanksgiving,GOOD NEWS
with a conscience the power of why,EDUCATION
what is cataract surgery actually like,FIFTY
this austrian photographer creates sassy unique balloon creatures,ARTS
internet helps paralyzed dog get love and care he deserves,GOOD NEWS
10 more art therapy techniques to help you destress this holiday season,ARTS
6 silly thanksgiving memories of mom,FIFTY
neighbor hangs holiday lights on terminally sick girls home brightens her spirits,GOOD NEWS
a peek at the offthecuff goofball side of one of broadways sexiest men,ARTS
street artists around the country celebrate small business saturday,ARTS
what its like to raise a daughter with down syndrome,ARTS
women in college leadership,COLLEGE
attention sports fans,ARTS
bleak friday,EDUCATION
first nighter tamburlaine parts i and ii tristan & yseult blood spillage,ARTS
chespirito dead at 85,LATINO VOICES
centenarians spill the 4 secrets to a long and happy life,FIFTY
why we shouldnt dare say thanksgiving unless we are truly giving,FIFTY
evidence of abundance 20 global education,GOOD NEWS
this 9yearold collected 400 pounds of food for the needy for thanksgiving,GOOD NEWS
marianne faithfull personifies the eternal return in berlin and takes a stand for the future of the planet,ARTS
janets class,FIFTY
how sexiest man chris hemsworth stacks up against his powerhouse predecessors,FIFTY
goats sheep make love to the camera,ARTS
can change at uva make campuses a safer place,COLLEGE
surprising things i am grateful for,FIFTY
final arrangements should be made sooner rather than later,FIFTY
this is what sustains people in need as nuclear families spread out,FIFTY
some really good and a bit of bad health news for regular coffee drinkers,FIFTY
10 gifts people really want from their better halves,FIFTY
celebrate thanksgiving with the 15 best meals in art,ARTS
a thanksgiving playlist to get you through cooking a whole meal,ARTS
top 5 reasons to drop your ex this break up season,COLLEGE
the country is watching waiting,LATINO VOICES
photos of star wars in real life will put you over the moon,ARTS
airline brings passengers to tears with surprise letters from loved ones before takeoff,GOOD NEWS
thank a teacher thursday brother nick,EDUCATION
albuquerques opera southwest beams up long lost hamlet opera by verdis favorite conductor,ARTS
little kid dreams the impossible dream tries to whistle,GOOD NEWS
3 reasons why twitter may be an older persons best friend,FIFTY
the one new years resolution i really need to keep,FIFTY
thanksgiving and zebra tablecloths,FIFTY
thanksgiving just wouldnt be thanksgiving without,FIFTY
consider this the antiphotoshop,ARTS
how my vision of thanksgiving differs from the reality,FIFTY
health care overseas is it really a viable option,FIFTY
what you need to do to make a midlife career change,FIFTY
25 life lessons from a 99yearold,FIFTY
how i learned to love my middleaged hands,FIFTY
the return to basics in education did we ever leave,EDUCATION
why we should ditch complaining and actually do something about our problems,COLLEGE
3 tips for coping with grief during the holidays,FIFTY
saxophonist michael blake pays homage to pres and hawk on tiddy boom,ARTS
4 keys to living longer and better in retirement,FIFTY
connie nielsen on why 50 is so awesome,FIFTY
teaching the bible as literature in public high school part 3,EDUCATION
life with lyme,ARTS
the global search for education whats the news from pakistan,EDUCATION
life of a resident assistant part 1  introduction to the job,COLLEGE
snarkitecture in black and white,ARTS
uva official students whove admitted to sexual assault havent been expelled,COLLEGE
northwestern scraps possibility of payday for professor accused of assaulting students,COLLEGE
what i am giving thanks for this year,ARTS
these stunning dog portraits perfectly capture each pups unique spirit,GOOD NEWS
the pen is mightier than the printer,FIFTY
stage door the river its only a play,ARTS
the hotter the passion the harder the breakup,FIFTY
gap years are they effective for students,EDUCATION
6 trends improving k12 learning experiences,EDUCATION
retire dance die but first pass the chocolate boomers according to google,FIFTY
are you concerned you may be developing alzheimers,FIFTY
oedipus san pedro rep,ARTS
10 foods overweight people eat regularly,FIFTY
the dazzling multicolored customized trucks of india,ARTS
power plays by robert dekkers for postballet,ARTS
10 lifechanging books we read growing up,FIFTY
a brief history of butts in art,ARTS
feast your eyes upon these sweetly hyperrealistic artworks and feel unworthy,ARTS
artist spends 200 hours resurrecting centuriesold tradition of tapestry making,ARTS
11 beautiful artworks smaller than a breadbox,ARTS
there can be no successful allcharter school system,EDUCATION
the art of breaking up online,FIFTY
6 tax tips midlifers may not know about  but should,FIFTY
watch steven tyler wail dream on in maui like its,FIFTY
exploring the chilling world of hunters in the northern united states,ARTS
heres what happens when the king of trash art gets his hands on a fancy manhattan townhouse,ARTS
exploring letters from himmler,ARTS
mirror mirror on the wall youre to blame when our confidence falls,COLLEGE
mark handforth rough dark diamond,ARTS
happy menopausal thanksgiving,FIFTY
youth designs designed with the future in mind,ARTS
if life is a game what are the rules,EDUCATION
a master plan abandoned,COLLEGE
6 ways to transition from single parent to empty nest,FIFTY
uva wants investigation of alleged 7member fraternity gang rape 2 years later,COLLEGE
a letter to my fellow students,COLLEGE
ballerina of our dreams misty copeland is getting a reality show,ARTS
phi kappa psi frat vandalized students protest after rolling stone article,COLLEGE
we are more than an ivory tower,COLLEGE
stage door side show allegro,ARTS
why tipofthetongue syndrome terrifies me,FIFTY
frederick wisemans national gallery,ARTS
when does a colleges obligation to its students end,COLLEGE
women power and the rule of three,ARTS
artists as global citizens,ARTS
this panda is really loving the november snow,GOOD NEWS
heres why immigration advocates are pressing so hard for executive action,LATINO VOICES
what to do if it feels like you are running out of time on your satact test prep,EDUCATION
for college freshmen mental health help should come early on,COLLEGE
5 reasons why social workers need to be rich,GOOD NEWS
the job nobody sees coming,FIFTY
the biggest change in flying over the past 50 years,FIFTY
how a bike opened up the world for one middleaged couple,FIFTY
blended learning its not the tech its how the tech is used,EDUCATION
klinghoffer,ARTS
straight to the point young jean lees straight white men,ARTS
kickstart your career by finding  and funding  inspiration abroad,COLLEGE
degrees not debt,EDUCATION
our job is to enable wellbeing,FIFTY
american latinas leadership and economic force,LATINO VOICES
an open letter to chancellor syverud,COLLEGE
these hightech ballet shoes demonstrate just how explosive dancers movements can be,ARTS
5 gamechanging tech tools for caregivers,FIFTY
how your body image affects your daughters selfesteem,FIFTY
50 years later peter yarrow still asks when will they ever learn,ARTS
teach kids about africa as if our lives depend upon it  and maybe they do,EDUCATION
it takes teamwork to make a dream work,COLLEGE
a new york artist turned her 170yearold farmhouse into a rainbow playground,ARTS
alzheimers men and caregiving,FIFTY
inventive designer celebrates the most famous surfaces in architecture,ARTS
finally live the life youve always wanted with wearables,FIFTY
elsa the kitten saved from severe hypothermia and given a fairytale ending,GOOD NEWS
neuroscience improves early childhood education quality,EDUCATION
ill take turkey over tofu thank you,FIFTY
do elderly crossing signs discriminate against older people,FIFTY
this chef has a hilarious problem pronouncing worcestershire,FIFTY
training tomorrows leaders in higher education,COLLEGE
every step you take every toe you break,FIFTY
the reasons older skiers should not be afraid of the slopes,FIFTY
the important conversation almost no one seems to be having,FIFTY
how not to repeat history,ARTS
i on beauty chapter 10  six dermatological breakthroughs to defy age part i,FIFTY
the intrinsic value of liberal education,COLLEGE
look best friends recreate childhood photo 20 years later,GOOD NEWS
white housesponsored week of action aims to raise awareness of college sexual assault,COLLEGE
dont lose the body and 8 other tips for funeral planning,FIFTY
the beauty of scars that tell a story,ARTS
charles darwin and the sunmine,GOOD NEWS
the promise of career and technical education,EDUCATION
retirement mythbusting,FIFTY
how i finally won the battle against gray hair,FIFTY
this app wants to help your drunk self,COLLEGE
that fake yoko onokaty perry cover is still worth 1000000 listens,ARTS
kim kardashian posed nude her motherhood has nothing to do with it,ARTS
stage door lypsinka the trilogy billy & ray mozarts the magic flute,ARTS
by trying to reduce class sizes were solving the wrong problem,EDUCATION
a week in seoul,COLLEGE
what we feed students  but also how we feed them,EDUCATION
torke in tahiti,ARTS
the dutch village where everybody has dementia,FIFTY
the three lives of thomasina,GOOD NEWS
this powerful black odyssey blends greek myth and modern harlem,ARTS
we still need womens colleges,COLLEGE
are you a plugged in boomer,FIFTY
thanksgiving food safety what to do to survive the holiday,FIFTY
survey finds continued lack of institutional support for parttime faculty,COLLEGE
cops go beyond call of duty buy greatgrandmas groceries after her purse is snatched,GOOD NEWS
happy world kindness day quotes to inspire kindness,GOOD NEWS
how to write 50000 words in a month,EDUCATION
midterm lesson for democrats dont take latino voters for granted,LATINO VOICES
theater some disappointments and a promising young composer  stephen sondheim,ARTS
some initial thoughts on flama and latino rebels rebel report,LATINO VOICES
hey all you 20somethings breathe,COLLEGE
6 ways siblings can pull together for mom and dad,FIFTY
how i lost 85 pounds and became a runner,FIFTY
bonaparte & tim fite usher in brave neue welt,ARTS
making school reform a true civil rights movement,EDUCATION
picking up the feathers,GOOD NEWS
iranian street art brothers icy & sot take over europe,ARTS
this robot creates art basically the same way we do,ARTS
students protest universitys handling of board members alleged antilatina comments,LATINO VOICES
why i wrote a novel about tenure,EDUCATION
military dogs offered welldeserved free medical care after serving our country,GOOD NEWS
stalking and being stalked,FIFTY
a purveyor of truth the writers life part 2,ARTS
literacy for all yes the new literacy,EDUCATION
what veterans have taught me about teaching,EDUCATION
why every college student should work on a political campaign,COLLEGE
11 university towns that double as amazing retirement spots,FIFTY
the 8 main concerns shared by older women,FIFTY
where are the highest heels in the us worn not new york,LATINO VOICES
yuna at stage 48 the sweetest taboo,ARTS
the value of collegiate athletics lets not throw the baby out with the bathwater,COLLEGE
3 tips for ditching a dreadful date,FIFTY
what to do when your house becomes an empty nest,FIFTY
know your bfa musthaves,COLLEGE
real prettiness project showcases individuals with down syndrome as they wish to be seen,ARTS
basquiat wrote breast on a jacket and now its worth a lot of money,ARTS
why transgender students belong at womens colleges,COLLEGE
16 documentaries to watch out for this year,ARTS
young cancer survivor turns into wwii soldier for his own movie thanks to makeawish,GOOD NEWS
this is what its like to fly above manhattan,ARTS
new york inspires,ARTS
this man ditched his birthday asked people to donate to his cousins cancer fund instead,GOOD NEWS
5 foolproof ways to make your marriage last,FIFTY
is this the first photograph of a human being,ARTS
10 budgetfriendly street photography books,ARTS
trying to explain heroin to the concerned father of an addict,FIFTY
almost 80 percent of latinos elected to state legislatures are democrats,LATINO VOICES
why we should remember to treat every day like a special occasion,FIFTY
robert jackson tinkering with reality,ARTS
my pagan youth within the walls of christianity,FIFTY
the berlin wall richard avedons rendezvous with history,ARTS
first nighter the band wagon is worth jumping on,ARTS
7 tips to ace the relationship talk,FIFTY
dorothy the dog and toto the cat are adopted together learn theres no place like home,GOOD NEWS
why im using cookies to help sell my first book,FIFTY
searching for my identity and the right house,COLLEGE
sick woman granted final wish to say goodbye to beloved horse hours before her death,GOOD NEWS
birthdays,GOOD NEWS
parenting debate tiger mom vsteacher mom  today,EDUCATION
art still offers hope my interview with peter seibt,ARTS
5 pointz landlord says his luxury condos will be just like the graffiti mecca he destroyed,ARTS
top 5 contemporary art auctions this fall,ARTS
how to maintain a healthy relationship even during menopause,FIFTY
a letter from 21yearold me to 18yearoldme,COLLEGE
is recess still on the sats,EDUCATION
help my phone drowned,FIFTY
war and love,GOOD NEWS
for americas future engineering needs to diversify,COLLEGE
at the penn & teller show 7 questions with teller,ARTS
jane pauley shares insights for reimagining your life,FIFTY
now and then,ARTS
stuff thats difficult to find  let alone understand  but important to know for college applications,COLLEGE
good but not good enough moving public will on early childhood education,EDUCATION
the questions to ask yourself before retiring overseas,FIFTY
it turns out teddy bears ripped open and forced inside out are pure horror,ARTS
art & the tyranny of the new,ARTS
greek tragedy and john wick,ARTS
we all lose under current student loan bankruptcy rules,COLLEGE
5 life lessons i learned from holding a garage sale,FIFTY
a homeless veteran shares how art transformed his life,ARTS
stage door wiesenthal,ARTS
do grades really reflect rigor,EDUCATION
town rallies to help family of hospitalized high school football player,GOOD NEWS
watch tiny hockey fan hands out adorable pregame fist bumps,GOOD NEWS
salma hayek says shes not a feminist before receiving womens equality award,LATINO VOICES
what to do when you truly want to reinvent yourself,FIFTY
eerie photo series imagines beloved superheroes after death,ARTS
why i fantasize about covering my aging face with a mask,FIFTY
5 reasons sex is way more awesome after 50 than at 25,FIFTY
9 signs youre winning at the grandparenting game,FIFTY
3 tips to startup in college from a successful studentpreneur,COLLEGE
states should be giving you useful data about your childrens schools,EDUCATION
help out a school counselor im in with hscc2015,COLLEGE
retire to this littleknown wonderland of the old world,FIFTY
this video of a japanese craftsman at work will make you love humans again,ARTS
themeccafest a new home for howard homecoming,COLLEGE
unsung heroes the face of american caregiving,FIFTY
technology is bringing back the apprenticeship model it just has a different name  mentoring,EDUCATION
did your face make it into the official artselfie book,ARTS
kids first be a kidvoter,EDUCATION
from steve mcqueen and david beckham to the streets of los angeles british iron endures,ARTS
caregivers reveal what its really like to look after a sick partner,FIFTY
what it means to seize your youth,COLLEGE
zeev aram video,ARTS
lost in translation finding confidence in flamenco,COLLEGE
where all the teachers are above aveage,EDUCATION
10 free mustread street photography ebooks,ARTS
the father of freakonomics,COLLEGE
a play for our times pia wilsons turning the glass around,ARTS
feminist artist heather marie scholl stitches why its hard to be a woman,ARTS
can we learn to get along,EDUCATION
these pilots fly atrisk dogs to safe havens every weekend,GOOD NEWS
60 women over 60 look back at their first jobs,FIFTY
the serious dating blunder every woman makes,FIFTY
walead beshty at the curve barbican centre london video,ARTS
watch dog sings the blues,GOOD NEWS
here are disturbing examples of a prorape attitude at a georgia tech frat,COLLEGE
artist transforms breakup texts into works of art,ARTS
meet the hulking young stars of senegal  professional wrestlers,ARTS
5 nutritional deficiencies you might not even know you have,FIFTY
a mile in nanas shoes,EDUCATION
watch wolverine does flawless rendition of single ladies dance,GOOD NEWS
separation of church and state  part 2 the tartuffe factor,EDUCATION
taking antiimmigrant fervor too far,LATINO VOICES
first nighter bloody bloody london stages rule,ARTS
what happens when a photographer joins the circus,ARTS
how to kill a culture in 3 easy steps,ARTS
lets talk about teacher retention not tenure,EDUCATION
dido and aeneas bluebeards castle in a duo at la opera,ARTS
the war on teacher tenure,EDUCATION
a commitment to making college accessible to firstgeneration college students,COLLEGE
womens group demands investigation into rape allegations at detention center,LATINO VOICES
dia de los muertos honoring our loved ones by voting to end the war on drugs,LATINO VOICES
this meteorologist took his halloween costume to the next level,GOOD NEWS
rapebait frat encouraged sexual violence among members lawsuit,COLLEGE
meet the 70 year old who lives and breathes hello kitty,FIFTY
skip the haunted houses take a digital tour of abandoned buildings instead,ARTS
reflections on photographing tragedy,ARTS
leave no votes on the table engaging latinos in georgia and kansas,LATINO VOICES
around the world in 30 days  october,EDUCATION
broadways once remains magical in final two months,ARTS
part and parcel danielle krysa,ARTS
3 things you should know about learning disabilities,EDUCATION
watch college student sinks 4 shots in a row wins 10000,GOOD NEWS
hbo tags youtube in anticipation of its upcoming banksy documentary,ARTS
toygodd attends exact science gallerys grand opening,ARTS
filmmaker judy irving  on pelican dreams,ARTS
this inspiring film reminds us of the value of a kind gesture,GOOD NEWS
artist melts 100 tons of arctic ice to remind you that climate change is real,ARTS
7 ways to test out if a career is right for you,COLLEGE
consultants report blames sexual assault activists for campus unrest,COLLEGE
the new new place,FIFTY
alzheimers journal  come back early today,FIFTY
process and presentness the work of israel lund,ARTS
artists honey bee project comes with a dire environmental warning,ARTS
the two college strategy reduces the benefits of college,COLLEGE
gratitude and 6 other things i learned at boarding school,COLLEGE
what it takes to be a real gentleman in,FIFTY
ask yourself these 7 questions before retiring overseas,FIFTY
mind art project allows individuals living with disabilities to create art with their brains,ARTS
what to do when youre among the oldest people at your workplace,FIFTY
why some of my most cherished memories relate to halloween,FIFTY
doris duke & norton simon kindred spirits a world apart,ARTS
a futurist prediction for virtual education,EDUCATION
my mother reformed her rock band  and rediscovered her groove,FIFTY
project 24 a portrait of millennial artist ariel cotton,ARTS
pit bull abandoned after fire has no hard feelings for humans just wants a forever home,GOOD NEWS
how to have a conversation with wellmeaning people,ARTS
21 cindy sherman photos head to the auction block,ARTS
why these five numbers shouldnt limit your potential,COLLEGE
on being content,GOOD NEWS
we have whiskers they have whiskers a mans best friend is his cat,GOOD NEWS
give unconditional love a chance,GOOD NEWS
return of the artisan,ARTS
kids in montana unique theyre learning the truth,EDUCATION
astana opera on new yorks cultural radar screen,ARTS
childless by choice  gas station condoms and rumors of infertility,FIFTY
rita wilson on life after 50 and the lesson she learned from oprah,FIFTY
what a caregiver needs to do in order to help others,FIFTY
reinventing your midlife relationship  with yourself,FIFTY
first nighter ivo van hoves strong take on angels in america,ARTS
the power of partnerships in early education,EDUCATION
getting intimate with san franciscos drag scene pioneers,ARTS
old new york in on the town,ARTS
why social media guidance is important,COLLEGE
celebrate picassos birthday by spending 6 million on one of his paintings,ARTS
when the bad news comes be there and remain faithful,FIFTY
this pit bull with a cleft palate proved doctors wrong and is now living the good life,GOOD NEWS
the normal american family,GOOD NEWS
7 reasons cats arent the best pets,FIFTY
looking beyond the classroom to awardearn college credits,COLLEGE
beloved author and leonardo da vinci scholar explains why we make art,ARTS
bullies in the classroom,EDUCATION
why some millennials and their parents are slow to cut the cord,FIFTY
here comes the judge,ARTS
save your pennies the cost to apply to college adds up,COLLEGE
3 ways to make money last through retirement,FIFTY
boy fighting cancer gets the superhero theme song he deserves,GOOD NEWS
the grandkids,FIFTY
political undertones and calls to action at judaica museums fall exhibit,ARTS
get ready to feel uncomfortable watching these reactions to anaconda,FIFTY
saudi women leaders reshape early education,EDUCATION
kellesimone waits on imageblog,ARTS
town holds early halloween christmas for boy with cancer who has just weeks to live,GOOD NEWS
live man walking online datings meetup,FIFTY
i love my mother but if she passed away today i would be thankful,FIFTY
what i learned during my fascinating evening with madeleine albright,FIFTY
5 common medicare mistakes and how to avoid them,FIFTY
menopause and pelvic exams the rules are changing,FIFTY
bystander intervention and double standards of sexual assault during hazing,EDUCATION
this is why you dont train puppies to ring bells,GOOD NEWS
addressing the student debt crisis we can do more to encourage responsible borrowing,EDUCATION
why i yearn for the boring days of yore,FIFTY
is michael keatons birdman buddhist,ARTS
your pet wont put up a fight this halloween when its costume supports shelter animals,GOOD NEWS
these fantastical indian buildings were all built before this century,ARTS
my kind of brain,EDUCATION
elegance and style dictates the art collection at the park hyatt zurich,ARTS
i live because i dance,COLLEGE
what americans want to see happen to frats caught hazing,COLLEGE
do you live in the most expensive dorm in the country,COLLEGE
so just how often do you need a mammogram,FIFTY
once a soldier today a heartist the journey from external demand to guidance from within,ARTS
why we need to combat ageism just like we do racism,FIFTY
a tree without roots astroturf and corporate education reform,EDUCATION
talk read and sing to kids to close the word gap,EDUCATION
walking the line,FIFTY
are you too old to say my bad,FIFTY
the compelling need to improve the higher education value equation,EDUCATION
breaking the debt cycle how peertopeer lending is changing the student loan rules,COLLEGE
from a recruiter career fairs info sessions and networkingoh my,COLLEGE
higher education and the public good,COLLEGE
the queen of fashion returned with a flourish to again dominate the worlds fashion weeks,FIFTY
state of art,ARTS
with college so expensive how do you choose where to visit and apply,COLLEGE
the case for mandatory j101,EDUCATION
how philadelphia is bringing together the countrys top millennials,COLLEGE
white house civic summit on higher education,COLLEGE
photographer creates moving tribute to her beloved pooch during the dogs final days,GOOD NEWS
why does bob dylan steal,ARTS
new orleans charter operator bails surplus laptops sold bearing student data,EDUCATION
pumpkin festival turns to total mayhem,COLLEGE
these advocates are raising awareness for ridiculously adorable sloths,GOOD NEWS
10 of the funniest boomer tv moments ever,FIFTY
multiple people allegedly given daterape drugs at uc berkeley fraternity,COLLEGE
behold iranian fathers and the diverse daughters theyve raised,ARTS
zaha hadid designs five wooden towers to house cambodian genocide institute,ARTS
a quiet place the windhover contemplative center at stanford,ARTS
what i learned from 10 days without shampoo,COLLEGE
ann coulter to gop stop sucking up to hispanics,LATINO VOICES
master class,ARTS
us politicians hispandering cannot make up for countless failures to latinos,LATINO VOICES
first nighter gotham opera company enlivens two martinu works,ARTS
the art of falling hubbard street dance and second citys comic liaisons,ARTS
learning to live out loud in the second half of my life,FIFTY
3 steps for achieving true happiness in your relationships,FIFTY
these moving street art gifs are everything we ever wanted in a gif,ARTS
why even smart people keep falling for scams,FIFTY
joan lunden on the greatest challenges of caregiving and cancer,FIFTY
once more back on the town,ARTS
an interview with 114yearold anna stoehr,FIFTY
affordability and attainment student success from acceptance to graduation,COLLEGE
should grandparents worry about their credit,FIFTY
9 home improvements for your aging parents,FIFTY
why performance incentives and public schools dont mix,EDUCATION
first nighter john waters john lennon carol burnetts letter writer,ARTS
do this to improve your college chances,COLLEGE
setting up the jokes for maximum effect,ARTS
hrt and heart disease what you need to know,FIFTY
technology just got a whole lot easier with the realpad,FIFTY
why the golden girls got it right when it comes to living arrangements,FIFTY
evidence of abundance 14 worldwide internet adoption,GOOD NEWS
can this longtime marriage survive,FIFTY
why i dont want to die at 75,FIFTY
these lovable black rescue cats will make you leave your superstitions behind,GOOD NEWS
ask memory interrogation and the college essay,COLLEGE
rethinking community service you can fight ebola by joining online mapping,COLLEGE
5 antiaging steps everyone should consider taking in middle age,FIFTY
car pooling with photographer alejandro cartagena,ARTS
study shows how screen time can improve your toddlers reading comprehension,EDUCATION
when tv dinners met the boob toob,FIFTY
the greatest hazard of living a healthy life,FIFTY
disneys classic animal characters would make pretty adorable humans,ARTS
out of the blue,COLLEGE
caves icebergs and humanoid landscapes a collaboration with rebecca chaperon,ARTS
sexual assault will not be solved by public relations,COLLEGE
why were all the same freaks we were in high school  and why thats okay,FIFTY
why breast cancer awareness is a lot more than just thinking pink,FIFTY
6 things your sloppy college years will teach you,COLLEGE
why you need to talk to your parents about aging,FIFTY
this nextlevel origami will wow your socks off,ARTS
what matters more than test scores,EDUCATION
sharing cancer stories on facebook,FIFTY
stella the dog discovers the joys of fall in a pile of leaves,GOOD NEWS
life after college,COLLEGE
what every woman really wants out of a relationship,FIFTY
need a job 3 ways to turn your networking meetings into an offer,FIFTY
7 perspectives from international princeton students,COLLEGE
autism and literacy making the unique an everyday occurrence,EDUCATION
6 things you should never touch at work during flu season,FIFTY
how i benefited from a summer of walks with coworkers i didnt know,FIFTY
with liberty and justice and high speed internet access for all,EDUCATION
ensuring the voices of government reflect the people they represent,LATINO VOICES
handpainted photographs conjure a psychedelic wonderland nsfw,ARTS
not a holocaust film,ARTS
this is a music tattoo and its as wonderfully wacky as it sounds,ARTS
good samaritan rescues 3 from burning car moments before explosion,GOOD NEWS
the life out loud fostering a creative community,ARTS
gramma goods packing tips,FIFTY
mindful mantras for teachers,EDUCATION
engaging girls in your stem program,EDUCATION
15 animals that make us feel better about getting older,GOOD NEWS
why im thinking of separating from a wonderful man after 27 years together,FIFTY
minimalist voices of the past and present,ARTS
the influence of william bailey,ARTS
the 10 dos and donts of online dating,FIFTY
a wardrobe malfunction,FIFTY
colleges are reporting more sexual assaults and thats a great sign,COLLEGE
bruce lieberman east end at gallery north,ARTS
kid president and grover remind us were all good people who have something to give,GOOD NEWS
doctor my eyes the ultimate cataract surgery mix tape,FIFTY
the personality trait that will make you a successful midlifer,FIFTY
americas crusade against its public school children,EDUCATION
how to help your teen deal with bullies,FIFTY
the new girls night out for older women,FIFTY
3 things all restaurants should stop doing now,FIFTY
can you really know all your facebook friends,ARTS
9 key terms you should know before seeing the massive hokusai exhibition,ARTS
the best and worst of the alma awards red carpet,LATINO VOICES
at florida state football clouds justice,COLLEGE
the intricate fairy tale illustrations of a fantasia artist will make your imagination run wild,ARTS
the qalandiya international the second edition of the palestinian biennial,ARTS
eva longorias many wardrobe changes at the alma awards,LATINO VOICES
the most common complaint among those who retire abroad,FIFTY
personifying iran in an art of dissent defiance and desire,ARTS
blogging in an evening gown,FIFTY
college rankings whats the use,COLLEGE
students shaping the future lynn university welcomes millennium campus conference delegates,COLLEGE
beware your fantasy it might just come true,ARTS
the nathan lane show,ARTS
ed moses the lion of venice reflects on maintaining the fire,ARTS
48 hours with delta spirit and js bach in nyc with peter sellars and the berlin phil,ARTS
grace and power fragility and strength artist christophe leroux discusses his new works at the sonce alexander gallery,ARTS
rescue animals get the help they need thanks to online donations,GOOD NEWS
lady intern,COLLEGE
five films marina abramovic and lars von trier should make together,ARTS
wheres the science in science education,EDUCATION
redskins revenge censorship the ridiculous mascot fight at a pennsylvania high school,EDUCATION
how breast cancer impacted my sexuality,FIFTY
striking gifs and illustrations depict the women of the war on terror,ARTS
the greatest holocaust story never told,ARTS
the empty nest through a husbands eyes,FIFTY
undercats get a second chance from milos sanctuary,GOOD NEWS
hockey player makes dream come true for young fan who has down syndrome,GOOD NEWS
education reform and evidence,EDUCATION
the magic of the anderson collection,ARTS
this is the america of yesteryear in stunning vintage photos,ARTS
how i reinvigorated longtime friendships with a guys weekend,FIFTY
want to end campus sexual assault tackle the primary issue being ignored,COLLEGE
adventure 1 mexico,FIFTY
9 things you probably didnt know about the worlds most famous camera,ARTS
5 tips to deal with your friends divorce drama,FIFTY
what we can learn from taiwan about aging,FIFTY
why men are moodier than women  especially as they age,FIFTY
what you gain by ditching your smartphone,FIFTY
the accidental immigration advocate,LATINO VOICES
callous or callow waving the confederate flag at bryn mawr college,COLLEGE
the secret sauce of college admissions,COLLEGE
carlos vives makes a fouryearold cancer patients dream come true,LATINO VOICES
the running picador,ARTS
suffering optional walking into the wild is a quest of privilege,ARTS
axes appeal make love not war,GOOD NEWS
why its ok not to be best friends with your spouse,FIFTY
6 tips for better sex from an erotic romance author,FIFTY
focusing on closing the gender gap in school shootings,EDUCATION
at what age can you teach a global mindset,EDUCATION
large and absent ai weiwei on alcatraz,ARTS
twin wwii pilots celebrate birthdays with birds eye view,GOOD NEWS
steven and william ladd intricate and intimate,ARTS
sex after 50 how to beat bozo syndrome,FIFTY
the good news of poetry that can win the day,ARTS
kiss me kate at the pasadena playhouse is too darn hot for sure,ARTS
you cant give a girl too many flowers,GOOD NEWS
emails are forever,COLLEGE
jill soloway transparent creator is brilliant,ARTS
hong kong protester proposes to girlfriend amid the action,GOOD NEWS
the 5 biggest mistakes older investors make,FIFTY
california the arts and the creative economy,ARTS
this guy is going to grab coffee with every single one of his 1000 facebook friends,GOOD NEWS
stop hitting the snooze button a guide to setting and completing your goals big or small,COLLEGE
making your postbreakup masterpiece one location permit at a time,COLLEGE
uga football overshadows yom kippur,COLLEGE
cuban migrants adrift at sea drank own blood and urine to stay alive,LATINO VOICES
mephistopheles in your living room,ARTS
i on beauty chapter 8  living better with pets,FIFTY
project 24 a portrait of millennial artist andrew kaminski,ARTS
15 songs that defined the boomer generation,FIFTY
10 eerily adorable gifs that will make you feel like a kid before bedtime,ARTS
why physical attraction is all in your nose,FIFTY
stage door love letters port authority,ARTS
how to build a gay and lesbian art museum,ARTS
this guys oneman duet as freddie mercury and pavarotti will give you goosebumps,ARTS
mapping the world as she imagines it xuchi naungayan eggleton,ARTS
behold the many faces of texas,ARTS
miranda july designed a purse and its everything you hoped it would be,ARTS
czechs mix part 3 clarinet factory video,ARTS
in nc senate race candidates must deliver on the issues that matter to latino voters,LATINO VOICES
courtney love is an opera singer now,ARTS
working with herb alpert,ARTS
paralyzed dog couldnt be happier to get a second chance at walking,GOOD NEWS
music in the southwest part 2 the tucson symphony orchestra,ARTS
50 shades of shameworthy behaviors beyond airline passengers,FIFTY
find your moment to celebrate hope,GOOD NEWS
you must learn what is diversity,EDUCATION
steve wilson on the making of gone with the wind,ARTS
firefighters rescue elderly woman at her home then go extra mile and do her yard work,GOOD NEWS
recycled tijuana houses trucked from san diego,ARTS
pizza shop owner truly delivers,GOOD NEWS
nonprofit uses sports to promote social change,GOOD NEWS
why rational women repeat irrational patterns,FIFTY
middle stage i got a million of em,FIFTY
hotel mogul enhances florida community through education,GOOD NEWS
why middleaged people should consider going back to school,FIFTY
the rumors of operas death have been greatly exaggerated pt 1,ARTS
this orchestra is out to redefine the century concert hall experience,ARTS
whats wrong with denigrating girls and women in schools,EDUCATION
why it actually might be a good idea for everyone to die at 75,FIFTY
when facebook is the bearer of bad news,FIFTY
donors matter global warming teacher employment law and the political lens,EDUCATION
boy whos going blind granted wish to see northern lights says theyre like watercolors in sky,GOOD NEWS
the perfect breakthefast dishes for your yom kippur buffet,FIFTY
dont be surprised by retiree healthcare costs,FIFTY
has gaudís sagrada familia grown out of touch,ARTS
midlife stress linked to greater alzheimers risk,FIFTY
ncees marc tucker public education needs accountability overhaul,EDUCATION
dog rescuers make amazing discovery,GOOD NEWS
a night with lady g a trilogy of irish comedy,ARTS
common core a solid policy behind an unpopular name,EDUCATION
as above so below lezley saars monad at merry karnowsky gallery,ARTS
bringing down the barriers for a better education in arizona,LATINO VOICES
artist depicts school shooting perpetrators using news clippings from around the world,ARTS
childhood lasts a thousand years,FIFTY
2 12 tips for a happier life start today,FIFTY
weve both been in your shoes couple leaves 150 tip for busy waiter despite poor service,GOOD NEWS
the constitution isnt just for grown ups,EDUCATION
why teachers werent invited to the table,EDUCATION
sanitizing history in the name of patriotism,EDUCATION
firefighters save baby hamsters with teeny oxygen masks,GOOD NEWS
how socialemotional learning transforms classrooms,EDUCATION
proof that sexy doesnt have an expiration date,FIFTY
5 simple steps to a sharper memory,FIFTY
singer shelley fishers stunning musical tribute to her jewish ancestry,ARTS
you wish your grandma was as cool as 93yearold adelaide,ARTS
the politics of fashion  the fashion of politics video,ARTS
j balvín talks latin grammy nominations and his next big dream,LATINO VOICES
gilligans island where were you when the minnow ran aground,FIFTY
californias early learning momentum goes on,EDUCATION
eat different photos,ARTS
101 effective but simple practices for loving yourself more deeply,FIFTY
world pet day helps support animal charities in cutest way possible,GOOD NEWS
first nighter you cant take it with you takes you with it merrily,ARTS
baby boomer change,FIFTY
the making of them tv documentary review belated,ARTS
valley vista,ARTS
a tale of three titties,FIFTY
artists to serve radioactive soup to express solidarity with fukushima,ARTS
12 pieces of grandparenting advice for the clintons,FIFTY
why i collect racist ephemera,ARTS
the trip to bountiful,ARTS
the love story between a squirrel and a horse told in an adorably surreal photo essay,ARTS
whimsy and terror mark morris returns to berkeley,ARTS
watch sweet tabby cat lovingly grooms baby rabbits as if they were her own,GOOD NEWS
gaudís sagrada família to reach another milestone,ARTS
the defining moment that made me decide to move to nicaragua,FIFTY
the hands of wayne thiebaud photos,ARTS
first nighter peter brooks valley of astonishment the sucker emcee the bullpen,ARTS
drawn at sea drawing no04,ARTS
what gameday looks like at these college campuses,COLLEGE
transferring from community college to top university can be done advice from an adult learner,COLLEGE
donations pour in for devoted dog who suffered degree burns saving family from fire,GOOD NEWS
there is no one kind of brooklyn artist and heres why,ARTS
i hope we recognize each other,FIFTY
downton abbey meets mozart at the met opera,ARTS
3 oversights that are killing your dating life,FIFTY
why we should care about boys and young men of color,EDUCATION
money mistakes freshman can make if you dont talk to them about it,COLLEGE
where can i sign up for the activities fair,COLLEGE
atlanta symphony lockout is enforced silence,ARTS
let delta chi at the university of marylands ice bucket challenge remind you that not all frats are bad,COLLEGE
3 things that young women need to remember about feminism,ARTS
drawn at sea drawing no03,ARTS
the constant conflict between feminism and nationalism,COLLEGE
why works of art can shake us to our core watch,ARTS
a guide to sex at 50 and beyond,FIFTY
forbes column warns drunk women will ruin fraternities,COLLEGE
dog runs through water fountain is basically the happiest creature on earth,GOOD NEWS
shakira and massachusetts mayor agree learning english critical for immigrants,EDUCATION
the importance of partnerships why business and higher ed need each other,COLLEGE
strangers to send nice bucket gift to ice challenge prank victim in moving show of solidarity,GOOD NEWS
striking street art captures the geometric romance between wood and paint,ARTS
national punctuation day make a dash for it,FIFTY
dashcam catches kids dancing like dorks and its glorious,GOOD NEWS
first nighter neil labutes money shot hits the target,ARTS
mustard greens and pot liquor love,FIFTY
this man with severe cerebral palsy created mindblowing art using just a typewriter,GOOD NEWS
the resume secret it takes a lifetime to learn,FIFTY
hypocrisy and the right to travel to cuba,LATINO VOICES
young poet explains the essence of climate change,ARTS
a freshmans guide to feminism in college,COLLEGE
watch this little girl age 80 years right before your eyes,FIFTY
announcing my boldest mission yet,GOOD NEWS
leonard cohen at 80,ARTS
this college student is trying to eliminate small talk one big question at a time,COLLEGE
elite colleges demand big changes at fraternities,COLLEGE
its undemocratic for obama to delay deportation relief whether or not you support reform,LATINO VOICES
the 10 unspoken agreements of middleaged female friendship,FIFTY
remembering,FIFTY
you cant put this in a box todays buddha doodle,GOOD NEWS
prepare to be uncomfortable,ARTS
5 ways boomers can play nice with millennials at work,FIFTY
6 of the best movies for grownups this fall,FIFTY
the true story of public education in america,EDUCATION
the global search for education got mobile get it right,EDUCATION
i on beauty chapter 7  the loss of joan rivers highlights endoflife care issues,FIFTY
theater almost home never arrives rococo rouge never goes there,ARTS
will only full payments count towards public service loan forgiveness,COLLEGE
kate burton on tvs embrace of women over 50,FIFTY
its time to rename retirement,FIFTY
this mans recordsetting turban weighs more than a child,ARTS
how the gotham typeface came to define our era,ARTS
artist merges genders with her late lover as ultimate artistic collaboration nsfw,ARTS
tiny changes todays buddha doodle,GOOD NEWS
watch cop pulls over choking woman saves her life,GOOD NEWS
first nighter two gentlemen of veronaon screens big and bold,ARTS
daniel radcliffe pays back cab fare 2 years later,GOOD NEWS
lost in translation loneliness abroad,COLLEGE
13 life lessons from 13 years at burning man,ARTS
return of gurneys love letters,ARTS
school interviews  averting disaster,EDUCATION
teaching the next generation of leaders,COLLEGE
the absurdist soap opera inspired by our town,ARTS
liberian boy who had ebola does delightful dance during treatment has since recovered,GOOD NEWS
instead of taking selfies take more photos,ARTS
middle stage never stop learning,FIFTY
the crawleys are back why the world loves downton abbey,FIFTY
lightskinned latinos tend to vote more republican,LATINO VOICES
this is how you visualize the heartbeat of a city,ARTS
sea tree is the floating green oasis that could bring nature to the city,ARTS
shonda rhimes rules the world ultimate lessons learned from the scandal greys anatomy how to get away with murder creator,COLLEGE
making the humanities relevant,EDUCATION
news for high schools digital media plus teaching equals support for freedom,EDUCATION
don omar arrested over alleged domestic violence,LATINO VOICES
a memorable melody through the proverbs,GOOD NEWS
toddler takes the lead in choreographing interpretive dance for adults,ARTS
why college students are stealing their textbooks,COLLEGE
karoline hjorth and riitta ikonen on the imageblog,ARTS
spending a summer as a camp counselor could be the best decision you make in college,COLLEGE
7 antiaging secrets celebrities swear by,FIFTY
the glorious history of giant fingers ruining photos,ARTS
what every guy needs to do now to save his face,FIFTY
boomers reveal how they really feel about sex,FIFTY
part and parcel okla elliott,ARTS
dont bother with yale even the most excellent sheep are still part of a herd,EDUCATION
crystal bridges exhibition reveals curatorial missteps,ARTS
abandoned pup recovering from mange couldnt be more excited to reunite with his rescuer,GOOD NEWS
one blow could change life boxer overcame rough childhood to become inspiring athlete,GOOD NEWS
how this boomer pursues his passion without sacrificing his career,FIFTY
salma hayek talks ugly betty reunion,LATINO VOICES
mesmerizing photographs prove burning man is still alive and well,ARTS
what does it mean to be latino everyone brandishes the term but there are many meanings and interpretations,LATINO VOICES
photography with closed eyes,ARTS
16 reasons why i love to teach creative writing,EDUCATION
these dogs that comforted each other in shelter have now found a caring forever home together,GOOD NEWS
beloved dads memory lives on through special message in a bottle from his family,GOOD NEWS
insomnia hemingways mouth and the cultural referent,COLLEGE
the e in tedx maui,ARTS
this poor kitty puts our seasonal allergies to shame,GOOD NEWS
these are 32 of the most stunning submissions in this years world photography awards,ARTS
adorable photos of dogs help animal rescue group recover after devastating fire,GOOD NEWS
what i learned from taking a selfie,FIFTY
stella abrera ballerina on a double mission,ARTS
engaged and enraged people vow to end alzheimers by,FIFTY
7 little habits that wreak havoc on your feet,FIFTY
these portraits of moroccan hipsters are more nuanced than they look,ARTS
help new yorks candy cab driver get a sweet new ride,GOOD NEWS
winter is coming,ARTS
how one woman is turning her online harassment into art,ARTS
am i the only virgin in college,COLLEGE
6 musthave pieces of advice for college graduates,COLLEGE
uniquely asian uniquely modern proudly classical ballet philippines to tour us canada,ARTS
10 quotes on what inspires creativity and what most definitely does not,ARTS
calling all minds table talk with benjamin moe,ARTS
these amazing art illusions prove paper can be anything but basic,ARTS
lies my corporate ed reformers told me the truth about teacher tenure and the civil rights movement,EDUCATION
dear ernest 2 lets get real about campus leadership,COLLEGE
artist turns vintage library of congress photos into awesomely creepy gifs,ARTS
high school custodian offers students inspired guidance,GOOD NEWS
the option of sensing the city,ARTS
these animal friends sure have each others backs,GOOD NEWS
street artist gives johannesburgs decrepit landmarks a neon pink makeover,ARTS
young girl meets unicorn and its just beautifully innocent,GOOD NEWS
free dry cleaning offer changes lives,GOOD NEWS
experts the white house plan to rate colleges has major issues,EDUCATION
letter to jenny,EDUCATION
options are endless for students seeking to design video games,EDUCATION
remembering 911 the story behind chi modus towering tribute,ARTS
aarp ideas50 san diego review,FIFTY
why california has to enter the century with its standards,EDUCATION
the 17 best public colleges in the country,COLLEGE
the cubans of 911,LATINO VOICES
lets have an honest discussion about latino equality,LATINO VOICES
clemson footballs housebuilding is best kind of teamwork,GOOD NEWS
why today wouldnt be such a bad day to die,FIFTY
jacobs pillow dance festival  daniel ulbrichtballet,ARTS
my daughter took me to burning man,ARTS
students to university stop calling rape nonconsensual sex,COLLEGE
dance on the lawn  community dance festival sets standard,ARTS
who needs  falls the time for new beginnings,FIFTY
beloved detroit artist dies at 60,ARTS
something seems very wrong with japans art aquarium craze,ARTS
is isis not as powerful as you think,COLLEGE
rescue dog with special needs can only eat from her high chair but she loves the view,GOOD NEWS
no cure for growing older,FIFTY
yield to whim,ARTS
how we do it success in the classroom,EDUCATION
where does art come from,ARTS
childrennotsoldiers,ARTS
todays buddha doodle  how to change your future,GOOD NEWS
kids are in school for about 15000 hours  does how they spend that time make a difference,EDUCATION
going the distance in the entertainment industry,ARTS
growing up in the shadow of 911 revisited,COLLEGE
what joan rivers taught us about dying,FIFTY
college relations bostons brains behind the olympics,COLLEGE
a brothers ashes quietly honored on world aids day,FIFTY
artist channels ancient myths fairy tales and mundane moments in fantastical crochet,ARTS
cindy jacksons stalled rapture,ARTS
education for the world we want part 2,EDUCATION
for 15 years this photographer inserted herself into other womens lives,ARTS
there is more to life than freshman year,COLLEGE
a good start for schools and students,EDUCATION
how baby boomers are redefining healthy aging,FIFTY
art galleries get wise during the busiest time of the year,ARTS
happy grandparents day have we got a tribute for you,FIFTY
retired bombsniffing dog will get lifesaving surgery,GOOD NEWS
perfect v good higher ed reform edition,COLLEGE
watch osu marching band performs impressive tv tribute,COLLEGE
arts integration works says portlands right brain initiative,EDUCATION
the powerful reason this artist drew vaginas nsfw video,ARTS
get your quick and dirty arts education with haiku reviews,ARTS
remembering my largerthanlife grandmother pretzel,FIFTY
nbcs tamron hall on the grandfather who was always there for her,FIFTY
how the i love new york logo went from a scribble to an iconic piece of graphic design,ARTS
reinserting black women into art history,ARTS
why its easier to grandparent from afar than you think,FIFTY
15 stunning male dancers expand what it means to be masculine,ARTS
give them an e for effort,ARTS
what teachers really do really,EDUCATION
margaret ouchida stories legends and realms,ARTS
coached and now coaching,EDUCATION
czechs mix crossroads festival in ostrava part 1 video,ARTS
watch this dog is just happy football is back,GOOD NEWS
this pup has traveled the world and has droolworthy pics to prove it,GOOD NEWS
stage door ute lemper sings love songs of pablo neruda,ARTS
this man ate 100 chipotle burritos to help his fraternity brother with cancer,COLLEGE
lessons from a watermelon,FIFTY
bodysurfers daring ocean rescue caught on his gopro camera,GOOD NEWS
loving couples forced to make impossible choices,LATINO VOICES
opening the doors of elite college what itll take,COLLEGE
11 odd household objects that will intrigue you then frustrate you beyond belief,ARTS
i remember trees this artweekla,ARTS
what to look forward to as a senior,COLLEGE
dont have any retirement savings youre not alone,FIFTY
the key to a successful job search you may be overlooking,FIFTY
artist turns hundreds of old shoes into something spectacular,ARTS
how your personality type can determine your retirement type,FIFTY
the very best part of an internetfree family vacation,FIFTY
the true cost of printing in comic sans is as horrifying as youd imagine,ARTS
ive fallen in love with someone new happy grandparents day,FIFTY
how to say goodbye to summer,FIFTY
the most powerful renewable resource  citizen power,EDUCATION
why i left academia,EDUCATION
an accounting of word counts,COLLEGE
hanging in the balance stories of aspiring americans,LATINO VOICES
how my love life went from 50 shades of grey to gay,COLLEGE
she was joy light and woohoo,FIFTY
escaping the higher education stockholm syndrome,COLLEGE
the walmartization of education walmart wants classrooms to run more like a business teachers are fighting back,EDUCATION
the best possible ways to turn back the clock on your body,FIFTY
exercising restraint in schools,EDUCATION
why todays parents have no business giving their kids advice,FIFTY
what we love most about keanu reeves on his birthday,FIFTY
thinking outside the white box,ARTS
4 backtoschool myths about college textbooks,COLLEGE
university considered community service too punitive for rape punishment,COLLEGE
practical dreaming in the hopeful light of earthrise,GOOD NEWS
3d lytro illum photos awesome costumes at pax gaming convention,ARTS
art and landscape in nordland northern norway,ARTS
dear ernest 1 the college gpa myth exposed,COLLEGE
why i taught my class about ferguson,EDUCATION
education and philanthropy,EDUCATION
academic freedom at the university of illinois,COLLEGE
why are art galleries so cold,ARTS
michelle rhee and the high price of education leadership,EDUCATION
baby elephant dances with a ribbon reminds us to cut loose in life,GOOD NEWS
school district cuts ties with christian college over antigay request,COLLEGE
7 ways vacations get better as your kids get older,FIFTY
who needs 10 fps when you can have 1 frame every 10 minutes 5 min portrait 1850s edition,ARTS
conor walton contemplating higher things,ARTS
the global search for education how to lead well,EDUCATION
empty nesting season letting go a little at a time,FIFTY
this loving pit bull made a man out of her buddy with this kiss,GOOD NEWS
sweet meets sweet treats,ARTS
willi dorners bodies in urban spaces video,ARTS
my fathers dementia makes me laugh,FIFTY
the 1 minute blog joliepitt goodwill,GOOD NEWS
8 unforgettable lessons we learned from our first jobs,FIFTY
55 tips to get better tennis photos,ARTS
college must be more than just a classy trade school,COLLEGE
the 5 sexiest things about richard gere on his birthday,FIFTY
proof that you can live a positive life even with ms,FIFTY
a portrait of millennial artist nguyễn chi,ARTS
7 reasons job interviews suck as you grow older,FIFTY
heres a hermit crab shelter because why not,ARTS
how artists are transforming detroit,ARTS
the worlds largest artist colony is about to be bulldozed,ARTS
even some humanitarian hounds are getting in on the ice bucket challenge,GOOD NEWS
increasingly retirees dump their possessions and hit the road,FIFTY
a meditation on violent language professors impassioned tweets vs the university memo,COLLEGE
the other guy behind the mexicanamerican studies ban lost his primary too,LATINO VOICES
pit bull saves 8yearold boy from swarm of bees,GOOD NEWS
indian elephant who paints gets gallery show,ARTS
like me on facebook or else,FIFTY
a trove of lost and found photos reveal one mystery couples beautiful life,ARTS
8 essential health checks for women,FIFTY
not every traditional art is just a handicraft,ARTS
the alarming health risks of sitting too much,FIFTY
good news from one of the worlds top retirement havens,FIFTY
girl sets up lemonade stand to raise funds for vet with ptsd moves him to tears,GOOD NEWS
whisper in my mask explores the stunning complexities of disguise,ARTS
napping around colleges provide campus snooze rooms,COLLEGE
indigenous performance artist will experience 8 hours of abuse in redskin,ARTS
3 ways to build students analog skills in the era of the emoticon,EDUCATION
finding art in everyday life,ARTS
beyond the bell,EDUCATION
attention freshmen heres what to expect,COLLEGE
back to school with heart,EDUCATION
education is the avenue to prosperity in america,COLLEGE
the last days of summer,ARTS
watch these 50 celebrities totally kill it at the ice bucket challenge,GOOD NEWS
if anyone deserves to be this happy its scratchy the pit bull,GOOD NEWS
this pup who retrieves grocery bags from car is even better than fresh direct,GOOD NEWS
service for a song,GOOD NEWS
universitys planner features lovely photo  of the wrong school,COLLEGE
fire island is oasis for queer creatives,ARTS
these hyperrealistic wood sculptures will make your jaw drop,ARTS
finally las vegas grows up,FIFTY
these 25 famous former interns are proof that hard work does pay off,COLLEGE
making friends and enjoying an active social life in belize,FIFTY
hair products its all about sulfatefree,FIFTY
chris trueman on the imageblog,ARTS
teaching as a subversive activity,EDUCATION
live and dangerous bestival,ARTS
educational challenges in flyover country,COLLEGE
you can now study reddit at mit,COLLEGE
i contain multitudes brian martinez,ARTS
afrobrazilians demand slavery reparations because poverty has a color,LATINO VOICES
choreographer mark dendy enters the labyrinth,ARTS
this badass lady taxidermist stuffs her animals and eats them too,ARTS
thinking at harvard what is the future of learning,EDUCATION
why colleges and universities should be worried about campus sexual assault investigations,COLLEGE
jeff koons at the whitney,ARTS
the overachievers guide to junior year,COLLEGE
what every caregiver needs to know about the healthcare system,FIFTY
artist turns abandoned building into lifesize dollhouse,ARTS
eerie photos capture scientists frightened responses to climate change discussions,ARTS
the extraordinary ordinary life and death of elisabeth küblerross,GOOD NEWS
why im a transformative language artist,ARTS
arne duncan declares victory in war on schools and teachers,EDUCATION
employment for the ages,FIFTY
abandoned dog found drenched in motor oil just needs a bit of love support to clean up real nice,GOOD NEWS
no northern illinois university your web policy really isnt ok,COLLEGE
a teachers plea to president obama,EDUCATION
8 herbs and spices that fight off disease,FIFTY
artist makes masks out of junk food and supremely creeps everyone out nsfw,ARTS
starting college a guide for parents in,COLLEGE
this bulldog was stolen abused and neglected but 8 years later shes found her way back home,GOOD NEWS
getting along better with others,GOOD NEWS
the ancient practice that can transform your life,FIFTY
the 1 minute blog boy flees war,GOOD NEWS
a dog day afternoon,GOOD NEWS
putting the oxygen back into improving education,EDUCATION
5 tips to finding purpose and meaning later in life,FIFTY
11 quotes to remember jorge luis borges on his birthday,LATINO VOICES
heres twin peaks reimagined as a retro arcade game,ARTS
5 things empty nesters never say,FIFTY
3 lessons on aging we can learn from robin williams,FIFTY
parents plans for retirement are crimped by kids college debt,FIFTY
a caricature of a cuban woman,LATINO VOICES
honduras a little too much wishful thinking way too many loudmouths,LATINO VOICES
learning to be a college mom,FIFTY
al roker is 60 and,FIFTY
and here is the lego house youve always dreamed of,ARTS
marx brothers make merry in tv collection,ARTS
university of illinois repeals the first amendment for its faculty,COLLEGE
comic takes your awful first date to its logically terrifying extreme,ARTS
we cant believe this red rock canyon tree exists on planet earth,ARTS
engaging those kids in writing,EDUCATION
exhibition explores body image in los angeles,ARTS
what your fear can tell you about your art,ARTS
a truelife love story what my grandparents taught me about devotion,FIFTY
watch the hilarious truth about being a college student,COLLEGE
5 ways to get more out of your classes this fall,COLLEGE
jim jeffords a founder of the movement to expand afterschool programs a hero to children and families,EDUCATION
freyda miller words and deeds,ARTS
when a mans wheelchair got stuck in a storm this cop did something great,GOOD NEWS
a guitar solo set to the exact tune of that crazy weeping japanese politician,ARTS
13 ways you know youre a broke college student,COLLEGE
racist bullying needs to stop we cannot become desensitized to 10yearolds hanging themselves,EDUCATION
aircraft mechanic fixes quadruple amputee veterans prosthetic leg,GOOD NEWS
scientists calculate the exact minute impressionism was born,ARTS
9 things a millennial will never admit,COLLEGE
maison de madness,COLLEGE
how to pick the perfect retirement location,FIFTY
man defaces jeff koons retrospective with own blood,ARTS
yearround schooling why its time to change,EDUCATION
10 surprising facts about the sex lives of single men,COLLEGE
extra extra how to get your face on screen,COLLEGE
behold the language of street art in istanbul,ARTS
look artist transforms toilet paper rolls into awesome faces,ARTS
startart,ARTS
tony wagners the global achievement gap is more relevant than ever,EDUCATION
the 1 minute blog emotions consuming you,GOOD NEWS
highlights from miamis brazilian film festival,ARTS
artists underwater crochet bomb may have killed marine life,ARTS
meet marina abramopug the grandpuppy of performance art,ARTS
14 artists who are transforming the future of opera,ARTS
is college worth the cost of attendance,COLLEGE
how to help your grandkids save for college,FIFTY
the overachievers guide to senior year,COLLEGE
the 20 greatest entertainment flops in boomer history,FIFTY
how college students order food,COLLEGE
10 things to pack when you go to college,COLLEGE
we are star dust,ARTS
man finds home videos hidden in goodwill buy tracks down family to return memories,GOOD NEWS
plimpton the professional amateur,ARTS
the selfie made out of blood youve maybe been waiting for nsfw,ARTS
a freeway detour,FIFTY
photographer sends his kids back in time with these moving vintage photos,ARTS
duncan funnels millions to college board,EDUCATION
who is fka twigs,ARTS
love your skin in your 50s and beyond,FIFTY
moving side show to broadway,ARTS
recruiting latecareer professionals to teaching,EDUCATION
utah shakespeare festival offers unique experience,ARTS
the ultimate demise of common core  part iii the logistics,EDUCATION
diverse conversations being transparent,COLLEGE
diverse conversations whats next for higher education,COLLEGE
the 1 minute blog protesters and looting,GOOD NEWS
fergusons lessons for the fall semester,COLLEGE
first nighter theresa rebecks poor behavior just plain poor,ARTS
cats  tattoos  cattoo purrrrfection,GOOD NEWS
6 things modern grandkids just dont understand,FIFTY
a process of stimulating alzheimers patients thats nothing short of magic,FIFTY
a parents guide to minimizing sibling rivalry,FIFTY
a conversation with danielle eubank expedition artist on her upcoming trip to the arctic circle,ARTS
overcoming failure and disappointment,GOOD NEWS
mediocrity the new normal,FIFTY
creating a learning environment with moocs,EDUCATION
this is the car people drive when theyre old,FIFTY
enriching our lives with empathy,GOOD NEWS
how to plan the nearly perfect family reunion,FIFTY
7 great tips to help you cope when your kid leaves for college,FIFTY
the breaking cartgate scandal in honduras,LATINO VOICES
the lady of shalott te san pedro rep,ARTS
the 1 minute blog robin and parkinsons,GOOD NEWS
one of the worlds best celeb photographers reveals his favorite star moments,FIFTY
an art form that just keeps evolving,ARTS
brace yourselves a bjork documentary is coming,ARTS
reunion first rule just admit you dont recognize most of your old pals,FIFTY
being thrown and getting back up,EDUCATION
10 more gorgeous colorized photos that put history in a new light,ARTS
watch fearless chihuahua takes on great dane in most endearing attack of all time,GOOD NEWS
lalit a literary magazine launches third print volume at city museum of kathmandu,ARTS
the 2 simple words that will improve your marriage,FIFTY
woodstock yeah it was something  just not what you think,FIFTY
this is what happens when you use a waterfall as your canvas,ARTS
the vulnerable side of a stalwart new york songanddance man,ARTS
the expressionist as rationalist,ARTS
jewish jesus and identity theft in renaissance art,ARTS
my manhattan,ARTS
how would you redefine study abroad,COLLEGE
recapping the womens college advantage,COLLEGE
the 3 questions everyone should ask before marriage,FIFTY
wee goat wears a hawaiian shirt to lei on the cuteness for his adoption pics,GOOD NEWS
artist creates handmade digital images by stitching pixels,ARTS
why this place south of the border may be the worlds best retirement spot,FIFTY
why are we so obsessed with getting older that we need to know everyones age,FIFTY
the first hasidic rock band,ARTS
our students their moment my a,EDUCATION
the 1 minute blog lauren bacall the look,GOOD NEWS
hundreds call on dartmouth to make a big change,COLLEGE
16 beautiful life lessons from the pen of a childrens book illustrator,ARTS
todays buddha doodle  speak it,GOOD NEWS
a dozen or so ways to tame the backtoschool freak out,EDUCATION
social security the biggest decision youll ever make,FIFTY
dolly parton really,EDUCATION
family engagement the top of everyones backtoschool checklist,EDUCATION
la luna súper,FIFTY
ding dong the witch is dead obit says,FIFTY
father with als and his daughter do touching ice bucket challenge and its the best yet,GOOD NEWS
still correct to not hire antiisrael prof,COLLEGE
investing in student outcomes can we get spending right in public schools,EDUCATION
no human is immune to this corgis pleasecanihaveatreat face,GOOD NEWS
aspiring entrepreneur driven to put a smile on his moms face surprises her with dream car,GOOD NEWS
ulab prototyping the century university,EDUCATION
why we need to show up for the hard stuff,GOOD NEWS
creativity isnt free,ARTS
a reply to nathaniel zelinsky antiisrael professor shouldnt have been fired,COLLEGE
its about the music stupid,ARTS
why you need painting to say that painting is dead,ARTS
the one minute blog woody allens magic,GOOD NEWS
how garry winogrand captured america,ARTS
iowa state students look for replacement to annual rage fest,COLLEGE
11 things you should never do again after 50,FIFTY
diverse conversations understanding the peerreview process,COLLEGE
diverse conversations the academic entrepreneur supplementing your income,COLLEGE
the one minute blog  tsunamis gift,GOOD NEWS
the ultimate demise of common core  part i the politics,EDUCATION
the randomest awesomest things that make college students happy,COLLEGE
how ive struggled with the idea of being a senior citizen,FIFTY
why baby boomers will never go quietly into the night,FIFTY
3 triedandtrue ways to boost brain power,FIFTY
the hollywood blacklist in exile,ARTS
its blackout season again in honduras,LATINO VOICES
the global search for education creative china,EDUCATION
no exit long beach playhouse studio theatre long beach ca,ARTS
badass feminist robot puts pie charts on actual pies,ARTS
coming to terms about mentorship,EDUCATION
msnbc head pledges to boost diversity after cinco de mayo disaster,LATINO VOICES
stage door my stubborn tongue,ARTS
dartmouth posts fundraising record amid us sexual assault probe,COLLEGE
sustainability of traditional art forms,ARTS
banish worry from your life once and for all,FIFTY
meet the lady gaga of myanmar,ARTS
time release,ARTS
ultimate proof that the best tourists are 80s tourists,ARTS
why im happy being a late bloomer in life,FIFTY
60 celebs and other things turning the big 60 in,FIFTY
behold the beauty of pushkars holy men,ARTS
an instagram worth a thousand likes what our photos are really saying about us,COLLEGE
the best burning man kickstarter is way simpler than youd expect,ARTS
were all on our way out 16 pieces of advice for incoming college freshmen,COLLEGE
texas teachers arent waiting for permission,LATINO VOICES
the one minute blog dumbledore inspires,GOOD NEWS
finally artist paints female nudes as they really are nsfw,ARTS
meet 10 inspiring people over 50 giving back to the world,FIFTY
enjoying the greatest high of my life at age 91,FIFTY
this animated short captures the israelpalestine conflict in under four minutes,ARTS
cultivating an attitude of gratitude,GOOD NEWS
meet cameron the countercultural icon who bewitched los angeles,ARTS
streamsong resort golf and literature bass and alligators,ARTS
two affordable turnkey retirement options in europe,FIFTY
when your mother makes you the enemy,FIFTY
5 types of annoying people to avoid at all costs,FIFTY
the many portrait faces of virginia woolf,ARTS
this man inspires us to up our selfie game big time,ARTS
does political correctness work,COLLEGE
student debt may have a bigger impact on your life than you realize,COLLEGE
girl 11 invents chemo backpack to help kids with cancer after battling the disease herself,GOOD NEWS
art school defends failing students poo sculpture,ARTS
this smart gemstone cap is the mood ring of the future,ARTS
parents of young athletes need to keep everything in perspective,COLLEGE
sticker shock college performing arts costs,COLLEGE
nyc photographer leverages instagram to plot the future of marketing,ARTS
an eggplant with a yolk these fruits and veggies are not what they seem,ARTS
nothing is impossible man pushed friend in a wheelchair across 500mile spanish trail,GOOD NEWS
an artistic milestone for one of nycs most prolific female playwrights,ARTS
the one minute blog kids grieve too,GOOD NEWS
we see you watch this super cute toddler play peekaboo by herself,GOOD NEWS
weed was way cheaper on campus 40 years ago,COLLEGE
obama says he wants to cut the stupid sht start with bad cuba policy,LATINO VOICES
successful aging the challenge of regret and guilt,FIFTY
the surprising thing a nurse told me to drink for my health,FIFTY
proof the world has long been paranoid about tropical disease,ARTS
conversation piece art event makes collecting art easy and affordable,ARTS
kids get governor to increase penalties for animal abuse this is how government should work,GOOD NEWS
meet 10 people who prove you can reinvent your career after 50,FIFTY
help im a digital immigrant,FIFTY
3 books every girl should read before starting college,COLLEGE
college president gives 90000 of his salary to lowestpaid employees on campus,COLLEGE
how colleges can produce more careerready grads,EDUCATION
byu had a great reaction to once again be named the most sober school,COLLEGE
taylor swifts song and dance with 6yearold boy with cancer will totally brighten your day,GOOD NEWS
the man of la mancha san pedro theatre club,ARTS
8 great cities every american should visit,FIFTY
why we should not copy south korea,EDUCATION
us air force academy to probe reports of rape drug use,COLLEGE
computer science in k12 classrooms needs to catch up,EDUCATION
grading race to the top on its merits,EDUCATION
the grateful artist,GOOD NEWS
forever foureyed,FIFTY
the 10 healthiest things you can do in bed,FIFTY
coming full circle heading to korea to entertain the troops,FIFTY
the widower,GOOD NEWS
hallucinatory portraits that rethink the ways we look at women,ARTS
second chances,GOOD NEWS
10 ballet photos that prove dancing is the magical alternative to walking,ARTS
this mesmerizing gopro video will make you feel like a human coin,ARTS
a market approach to immigration,LATINO VOICES
the threepenny opera the garage theatre in collision with alive theatre long beach ca,ARTS
twitter fights of the high renaissance michelangelo leonardo da vinci and savonarola,ARTS
an education revolution in one word,EDUCATION
twist and shout,ARTS
voices from the virtual street what does public education mean to you,EDUCATION
a master builder,ARTS
homeless man with amazing voice sings john legend stuns all of us,GOOD NEWS
which college athletes smoke the most weed,COLLEGE
damien hirst is building a town no one wants,ARTS
when it comes to leveling the playing field for women writers vida reminds us that women are not alone,ARTS
do you really know what the common core is,EDUCATION
coming to america,ARTS
are college students sleeping with toxic flame retardants,COLLEGE
american dream fraud confession of a stupid idealist,COLLEGE
immigration benefits for sons and daughters of new permanent residents another setback,LATINO VOICES
another model proves you can be a sexy centerfold while revealing colostomy bags,GOOD NEWS
this is how we know daca didnt cause the border crisis,LATINO VOICES
artist destroys wedding norms with gorgeously strange bridal portraits,ARTS
new bill would shed daylight on schools under investigation for sexual violence,COLLEGE
watch ceo gets epic retirement party fit for a boss,GOOD NEWS
what your hands can reveal about your health,FIFTY
george ossei on african americans and the civil rights movement in rhode island,COLLEGE
whats your boomer eq part 2,FIFTY
big dreams over broadway artofy,ARTS
shakespeares hamlet heads to honduras,ARTS
qatar world cup stadium workers earn way less than they should,ARTS
calle 13 explores the power of a kiss,LATINO VOICES
this law school grad made a serious case for pizza and won,GOOD NEWS
here are the giant luxury towers that will replace new yorks most iconic graffiti wall,ARTS
rockandroll dandies through the years,ARTS
adjuncts would get student debt wiped away under new proposal,COLLEGE
white house counseling summit raises hopes questions and possibilities,COLLEGE
the preservation hall jazz band at the ford theater,ARTS
jon pylypchuk on the imageblog,ARTS
the louvre gardens are teeming with rats,ARTS
this man dropped out of college to make a statement against circumcision,COLLEGE
what years worth of campus blotter reports for one party school looks like,COLLEGE
transformation through listening,EDUCATION
styrofoam stopmotion is the next beautiful thing,ARTS
the real college financial crisis,COLLEGE
health how the inevitable telemedicine trend will change healthcare forever,FIFTY
american latinos forging a stronger america,LATINO VOICES
heres proof that beautiful art is hiding in the most mundane of places,ARTS
college advice from the people who matter most pt i,COLLEGE
can a portrait look back,ARTS
the power behind a gesture,EDUCATION
stunning auction highlights the new faces of middle eastern art,ARTS
birds of a feather three new york swan lakes,ARTS
how a fabulous billy joel concert brought out my most intimate fantasies,FIFTY
ill visuals,ARTS
the vergara era part 2 a new opportunity,EDUCATION
the importance of being bold,EDUCATION
aolbuild spotlights lindsey stirling,ARTS
iggy azalea and macklemore white rappers in a black genre,COLLEGE
an heir to the chilean presidency isabel allende bussi,LATINO VOICES
guatemala honduras and el salvador governments must reassess their priorities,LATINO VOICES
12 delicious marcel duchamp quotes to unleash your inner artist,ARTS
the 10 best colleges for your money,COLLEGE
this womans first visit to the ocean reminds us of the beauty all around us,GOOD NEWS
mirror mirror why are you so mean,FIFTY
attention must be paid,ARTS
koons walker and the examination of life and death,ARTS
first nighter sturges strictly dishonorable quinton in drop dead perfect,ARTS
3 easy ways to laugh more every day,FIFTY
the global search for education from new zealand,EDUCATION
anthony weiners former mistress lived in my apartment for a week,COLLEGE
what k12 systems can learn from best education college rankings,COLLEGE
dorm shopping everything you need and where to get it,COLLEGE
theater strictly delightful strictly dishonorable,ARTS
3 things high school students should know about college,EDUCATION
robert wilsons lady gaga portraits at the watermill centers annual summer benefit andy warhol global phenomenon at guild hall,ARTS
want to live to 102 heres how,GOOD NEWS
todays buddha doodle  how to change the world,GOOD NEWS
the secret to healing your troubled motherdaughter relationship,FIFTY
40 words of wisdom every parent needs to give their child,FIFTY
kick hindi with english subtitles,ARTS
3 simple practices that will help make you job candidate 1,FIFTY
the major life lesson i learned in rwanda,FIFTY
8 health symptoms you should never ignore,FIFTY
mutoid waste guide the lost tea party to burning man,ARTS
strangers find fallen marines tribute flag at flea market return it to his grieving mom,GOOD NEWS
how i paid off 117k of student loans,COLLEGE
the pope is coming to the us late night goodwill in the offing,GOOD NEWS
6 key ways italians are nothing like americans,FIFTY
a career path for every great teacher,EDUCATION
what education of the future will look like,COLLEGE
5 healthy treats you dont have to feel guilty about,FIFTY
5 things you say that make retired people mad,FIFTY
i learned nothing in college,COLLEGE
artist sends 99 sad critters down chinas dead pigs river,ARTS
humpty sharma ki dulhania humpty sharmas bride hindi with english subtitles,ARTS
how american independence fosters philanthropy,GOOD NEWS
after 10 years sideways is still bewitching,GOOD NEWS
overthecounter ed drugs considered,FIFTY
maya bloch on the imageblog,ARTS
college women gain valuable career experience this summer,COLLEGE
watch lifeguard hears screams rushes to save drowning boy,GOOD NEWS
these guys showed up at a childrens hospital proved that superheroes really do exist,GOOD NEWS
our first year opening a gallery,ARTS
technology gives me a headache,FIFTY
breathtaking photos of witch doctors and healers reveal the spiritual diversity of bolivia,ARTS
culturezohn tiler peck and robert fairchild dancing as fast as they can,ARTS
playful learning and rigorous assessment can we levelup the common core,EDUCATION
artist conjures the ghosts hidden in found vintage photos,ARTS
how to stop saving the english major,COLLEGE
andy a popera is born,ARTS
shoes,FIFTY
this is how many plastic bottles new yorkers discard in one hour,ARTS
192 arrested in human trafficking crackdown,LATINO VOICES
one woman two proposals dumbfounding indecision,GOOD NEWS
college students helped end the war in vietnam cant they stop rape on campus,COLLEGE
this pit bull carried her injured chihuahua soul mate to safety now they need a loving home,GOOD NEWS
is paris burning,EDUCATION
educational reform ten exercises in heart intelligence,EDUCATION
this is what making out actually looks like,ARTS
to dc with love,COLLEGE
emoji are taking over the world and one artist is documenting the damage,ARTS
dropping the needle disruptive innovation and higher education,EDUCATION
the precious moments in life that have touched my soul most,FIFTY
my big milestone birthday with beyoncé,FIFTY
terry richardson photos get even creepier nsfw,ARTS
why i want to remain twitter illiterate,FIFTY
a big maze inspired by ancient labyrinths takes over a museum,ARTS
reality and imagination photo collage on coney island,ARTS
janet krupin keeps dance music trill how working alongside idina menzel inspired integritydriven edm,ARTS
does big oil really care about vulnerable communities,LATINO VOICES
the 15 long celebrity marriages we admire most,FIFTY
kristina guerrero says goodbye to e news after 6 years exclusive,LATINO VOICES
mr minkel goes to the white house,EDUCATION
ojai turns on the water works,ARTS
gothic summer,LATINO VOICES
this floating platform could filter the plastic from our polluted oceans,ARTS
classics in hd  film school 101 at symphony space,ARTS
watch this cat and this horse cant stop cuddling might be love,GOOD NEWS
tattoo artist brings dots and lines to new heights in stunning geometric ink designs,ARTS
appreciating what we have,GOOD NEWS
awol erizkus eighttrack,ARTS
a teachers unlikely crush on an ereader,EDUCATION
howard stern seduced my mother,FIFTY
6 fun date ideas women and men will both love,FIFTY
over my empty nest who am i kidding,FIFTY
tourist left paralyzed and stranded in hawaii finally gets flight back home,GOOD NEWS
educational tech whats next,EDUCATION
activists ask new york mayor to stop detaining immigrants for ice,LATINO VOICES
did you know faith is a bird,GOOD NEWS
a little nonsense,GOOD NEWS
tuning in to teachers,EDUCATION
laura palmers house could become a twin peaks museum shrine and b&b,ARTS
why i encourage failure in stem one teachers experience in finding female leaders in stem,EDUCATION
do you fancy secrets,GOOD NEWS
this is what happens when doodles grow up,ARTS
a letter to airbnbs ceo with love from georgia okeeffe,ARTS
a love letter to louise bourgeois a feminist icon whether she likes it or not,ARTS
higher education and rising inequality,COLLEGE
a true story,FIFTY
czech folkrock catching up with čechomor,ARTS
surreal portraits of facepeeled people,ARTS
intelligence having fun a multiplayer game to redefine creativity,EDUCATION
summer learning no vacation from opportunity gap,EDUCATION
ergonomic tools that can ease gardening pains,FIFTY
the complicated sex life of baby boomers,FIFTY
10 things you might not know about cindy sherman looking at one untitled film still,ARTS
paul mccartney talks retirement,FIFTY
who would replace arne duncan,EDUCATION
3 tips for using video interviews to hire great teachers,EDUCATION
the vergara era part 1 how we got here,EDUCATION
latams online voice louder during world cup,LATINO VOICES
the bard of the upper reaches,ARTS
this organic skyscraper is designed to literally grow as its residents recycle,ARTS
advising students about college in this new economy,COLLEGE
interview with the last peyote guardians marakame josé luis katira ramírez and son,ARTS
indias flower men are a new kind of masculine,ARTS
the curious mechanics of edm and how it became distinct from electronic dance music,COLLEGE
piece of my heart quick questions with leslie kritzer and teal wicks,ARTS
is autism a disability or a difference,EDUCATION
wendy williams on regrets turning 50 and the celebrity shes sick of hearing about,FIFTY
sex lessons from the old masters nsfw,ARTS
10 things about having an opera career that you dont learn in school,ARTS
top 20 dating tips for finding love again after 50,FIFTY
to move back in with your parents after you graduate or not that is the question,COLLEGE
7 surprising things that cause wrinkles,FIFTY
fear running short of cash in retirement what to do,FIFTY
in art and life perfectionism is the enemy,ARTS
marble statue looks exactly like ron swanson but was carved in mid1800s,ARTS
the best of summer  dawn of the planet of the apes,COLLEGE
4 ways to make money after graduation,COLLEGE
look up  todays buddha doodle,GOOD NEWS
look you wont believe this dogs incredible transformation,GOOD NEWS
lithuanian orchestra performs with a pianoplaying cat calls it a catcerto,ARTS
mans love letter to his wife of 61 years will melt your heart,GOOD NEWS
9 jokes that will make you love gabriel iglesias even more,LATINO VOICES
funding disparity highlights inequality between district charter students,EDUCATION
the very best antiaging skin strategy,FIFTY
possibly the only back to school todo list youll need,COLLEGE
competition through cooperation in american higher education,COLLEGE
5 penisshaped toys that show japan fears only one genders genitals,ARTS
dont fight summer fun  make it educational,COLLEGE
art collective puts nuclear history in perspective,ARTS
first nighter musicals atomic the mapmakers opera valueville,ARTS
selfacceptance and selfrespect,GOOD NEWS
repurposing with a passion,ARTS
the top five myths about attending an allwomens college,COLLEGE
world cup photo dairy ready for the big day,LATINO VOICES
learn french in 10 years,EDUCATION
staying in a college town over the summer,COLLEGE
countdown to the first anniversary of my husbands death,FIFTY
life interrupted  my experience at the jerusalem film festival,ARTS
man with spastic cerebral palsy who wasnt expected to walk is now an accomplished athlete,GOOD NEWS
who knew photographing puddles could be so mesmerizing,ARTS
seeking times gone by with that rocky mountain high,FIFTY
doing academic time,COLLEGE
a colleges handling of a reported rape made the victim wish she had stayed silent,COLLEGE
the global search for education head heart soul and frankenstein,EDUCATION
are you fluent in the language of love,GOOD NEWS
5 reasons retiring abroad doesnt always work,FIFTY
why boomers need a refresher course in safe sex,FIFTY
7 ways to find your longlost self,FIFTY
the best gift my grandson ever gave me,FIFTY
how to prepare for college,COLLEGE
the giant red ball thats touring the globe in the name of art,ARTS
why change sucks even when youre middle age,FIFTY
what would you do if you only had hours to live,FIFTY
whats the biggest mistake young women make you may be surprised,FIFTY
interview with louise munson playwright of luigi,ARTS
these pablo neruda quotes taught us about love and life,LATINO VOICES
informal learning is taking over infographic,EDUCATION
fiddler on the roof  long beach playhouse mainstage theatre,ARTS
boundless  todays buddha doodle,GOOD NEWS
is brazil safe for the final world cup game,LATINO VOICES
they dont make tv neighbors like this anymore,GOOD NEWS
why cant anyone stop the onslaught of scam phone calls,FIFTY
an octogenarians adventures in online dating,FIFTY
puppy comforts dog having a nightmare because thats what friends are for,GOOD NEWS
how mexico plans to boost its gdp by 2 percent per year,LATINO VOICES
my mother hated tattoos so naturally i got one for her,COLLEGE
meet the ladies of the west hamilton koons club,ARTS
8 things middleaged women think about far more than whether theyre still fckable by middleaged men,FIFTY
sexting after 50,FIFTY
singing in the snow storms produce strength,EDUCATION
dads eye of the tiger video will inspire you,GOOD NEWS
in real time richard linklaters boyhood premieres at moma,ARTS
the untapped potential of teacher networks,EDUCATION
when it pays to think inside the box,EDUCATION
do you trust yourself the jelly beans of life,FIFTY
in order for our kids to keep learning we need to keep learning too,EDUCATION
the echo chamber is getting louder,COLLEGE
he promised hed shave his beard for grandmas 100th birthday,FIFTY
details of duncan equity equality plan,EDUCATION
on kawara japanese conceptual artist dies at 81,ARTS
exploring loisaida and latino culture in nyc,LATINO VOICES
selling to the grays,FIFTY
travel safely evidence of abundance 3,GOOD NEWS
50 years after the civil rights act,EDUCATION
the elites politics are squelching everyone elses right to culture,EDUCATION
3 reasons to get out of your comfort zone immediately,GOOD NEWS
gratitude for viktor frankl,GOOD NEWS
urban living and the necessity of the arts,ARTS
5 ways to impress a tough boss,COLLEGE
14 beautiful artworks that prove brazil is much more than the world cup,ARTS
worlds coolest cop patrols by cruising on his skateboard inspires kids in his community,GOOD NEWS
this simple test could detect the onset of alzheimers,FIFTY
one artists love affair with new york city frozen in time,ARTS
ives maes on the imageblog,ARTS
usa today columnist has a terrible idea for how to deal with child migrants,LATINO VOICES
interconnected  todays buddha doodles,GOOD NEWS
world cup photo diary beach day in barra,LATINO VOICES
at national charter conference the numbers add up  except when they dont,EDUCATION
why id give anything for my grownup kids to be babies again,FIFTY
tastes great keeps you healthy whats not to like about national chocolate day,FIFTY
being a grandparent expectation vs reality,FIFTY
the future of higher education is there a middle ground,COLLEGE
the artist and the astronaut by bruce helander,ARTS
what do we know about the new sat,EDUCATION
should we rewrite american history books,EDUCATION
do teachers really hate common core,EDUCATION
ut austin president enters standoff over resignation,COLLEGE
cinematic ukraine getting ready for the odessa international film festival,ARTS
5 money moves every boomer couple should consider,FIFTY
got a cape youre a hero dress for the occasion,GOOD NEWS
the mystery of tishas apple pie,GOOD NEWS
what we learned living in 20 different homes in 3 years,FIFTY
the hardest part of teaching,EDUCATION
how this chicana writer is breaking the mold when it comes to strong women,FIFTY
behold the most magical and massive picnic of all time,ARTS
celebrating the creator of calvin and hobbes  and a worldclass introvert  on his birthday,FIFTY
these gorgeous sculptures were built by bees,ARTS
love story of 2 patients who fell in love at the hospital might make you believe in fate,GOOD NEWS
how chinas most famous grounded artist collaborated with a navajo man thousands of miles away,ARTS
choosing your professors and keeping those ties,COLLEGE
the importance of process in achieving results,EDUCATION
writing the common application essay and what to avoid,COLLEGE
refuge in america,GOOD NEWS
a stravinsky vaudeville with claws the feather gatherers,ARTS
american families in crisis,ARTS
first nighter henry iv part i and henry iv part ii on screen with antony sher,ARTS
bobby jasoos hindi english subtitles,ARTS
dunbars number why celebrity train wrecks grab your attention,GOOD NEWS
newtown victims animal sanctuary dream becomes a reality,GOOD NEWS
for your viewing pleasure we present some nude piles as art nsfw,ARTS
4 valuable life skills only a grandpa can teach,FIFTY
world cup photo diary my day in lapa,LATINO VOICES
meet ivan pejovic a brand new citizen,GOOD NEWS
reclaiming usa usa usa from the bigots in murrieta,LATINO VOICES
why its so important to pause and take a breath together on the fourth of july,FIFTY
viral video of kids greeting classmate may change the way we think about each other,GOOD NEWS
health company ceo personally drives across border to save a patients life,GOOD NEWS
screen literacy for the next generation how the arts and humanities matter,EDUCATION
how to start kickin a after 50,FIFTY
3 interview pitfalls we all fall for,FIFTY
higher ed slims down,EDUCATION
7 steps to a healthier summer bbq,FIFTY
theres a tiny pool in the middle of the mojave desert and you can swim in it,ARTS
you might not know it but parakeets have invaded the skies of tokyo,ARTS
hundreds of mysterious love signs pop up to stem crime in new orleans,GOOD NEWS
declaring our independence through education,COLLEGE
winning our independence required vision and muscle  with a hearty helping of art,ARTS
happy birthday america,EDUCATION
job insecurity the false dilemma of teacher tenure,EDUCATION
ive graduated but dont have a job now what,COLLEGE
over,FIFTY
finding yourself in need of a therapist during menopause,FIFTY
is promarijuana propropaganda,COLLEGE
the accidental sensuality of ancient indian wrestling,ARTS
let these 25 pups show you how to be ridiculously patriotic,GOOD NEWS
big bad israeli film,ARTS
senior identity theft is on the rise how to protect yourself,FIFTY
roy huck and siddartha,COLLEGE
boys charity lemonade stand has raised enough to buy 330 wheelchairs for people in need,GOOD NEWS
a cure for microwave spectrum disorder,COLLEGE
ghost the musical,ARTS
this is what retired expats do all day,FIFTY
row premieres tchaikovsky rarity,ARTS
path to enlightenment,FIFTY
the fountain of youth springs from within,FIFTY
hey yale can you tell me whats going on,COLLEGE
class reunion facebook for old dudes,FIFTY
a rose for marthas vineyard,ARTS
4 contemporary female photographers who put the middle east in perspective,ARTS
xwoman,ARTS
soul searching for todays high school student,COLLEGE
living legends of jazz,ARTS
what they didnt prepare you for after college,EDUCATION
movie review earth to echo techno et,EDUCATION
doing vs thinking valuable phd transferable skills,EDUCATION
how i decide who to root for during the world cup,FIFTY
sheriff uses sledgehammer to save 2 kids trapped in hot car,GOOD NEWS
world cup fervor shows how usa has assimilated to immigrant cultures,LATINO VOICES
mélissa laveaux at the global beat festival  serving smiles and warmth,ARTS
how we spent our summer vacation,COLLEGE
a mooc by any other name,EDUCATION
the sunday series jennstrong with mark brodinsky,GOOD NEWS
you can plant a virtual tree that grows to the rhythm of your heartbeat,ARTS
who pays for our kids education,EDUCATION
professor arrested for assault on police but video may tell different story,COLLEGE
64 colleges are under now investigation for their handling of sexual assaults,COLLEGE
softball camp hits home run pairs amputee military members with kids whove lost limbs,GOOD NEWS
this coffee shop has no employees because it runs entirely on the honor system,GOOD NEWS
gratitude for my friends pragmatic heart,GOOD NEWS
uruguay president rages against fifa sons of bhes,LATINO VOICES
start spreading the news,ARTS
77yearold veteran shows a bunch of young guns how its done in pushup competition,GOOD NEWS
the littleknown aging illness that needs more awareness,FIFTY
jennifer reeves   with apologies to ee cummings buffalo bills,ARTS
review of adam phillips becoming freud the making of a psychoanalyst,COLLEGE
mama wont fly little fish theatre san pedro ca,ARTS
who invented the universe,GOOD NEWS
professor slammed to the ground by police arrested for allegedly assaulting an officer,COLLEGE
why you should think twice before using the word bully,FIFTY
why i am an aarp poster child,FIFTY
smart ways to beat the stress of alzheimers caregiving,FIFTY
nyt column asserts us colleges stink,COLLEGE
google comes to havana,LATINO VOICES
why grammar is important,EDUCATION
agedefying makeup tips for women over 50,FIFTY
artists portrayal of kim kardashian as a religious idol stirs controversy obviously,ARTS
community donates 70000 to give this veteran a beautiful surprise home makeover,GOOD NEWS
gratitude for home,GOOD NEWS
undeniable labors of love,ARTS
missing the full picture of voters attitudes on public education,EDUCATION
kim gordon and arcade fire are in a short film together commence collective squee,ARTS
an artist wrapped in a mystery inside shiny stainless steel,ARTS
what it takes to keep your cool,COLLEGE
voto latino cofounder says latino presidential candidate is still in the making,LATINO VOICES
retaining our culinary heritage while eating healthy with ronaldos cocina,LATINO VOICES
the proper etiquette for eating corn on the cob as shown by a dog,GOOD NEWS
this loving dog found with a jug stuck on her head is waiting for a family to call her own,GOOD NEWS
surviving challenges after 50,FIFTY
saturday mornings like poetry,EDUCATION
positively deviant school reform,EDUCATION
5 things to help millennials take back their lives,COLLEGE
mary rodgers,ARTS
5 ways to live as long as the royals,FIFTY
what i learned about love watching my mother go on her first date in 51 years,FIFTY
rosario dawson goes from sinful to devilish,LATINO VOICES
yes a happy marriage really does lead to a healthy heart,FIFTY
ask the art professor how can i make the transition to teaching art at the college level,ARTS
for women in midlife career gains slip away,FIFTY
hillary clintons new image cool grandma,FIFTY
the urgent humanitarian crisis doesnt begin or end at the border,LATINO VOICES
we never thought wed say this but these skulls look good enough to eat,ARTS
is this washington post ad ageist,FIFTY
this is what happens when the child becomes the parent,FIFTY
27 more photographers you need to follow on instagram right now,ARTS
this dancing crossing guard is making sandy hook a brighter place,GOOD NEWS
secrets of power the lesson of five chilean presidents,LATINO VOICES
mama duck teaches her ducklings life lessons with some tough love,GOOD NEWS
the books that could set off a metal detector,LATINO VOICES
tiny kitten mounts attack against unimpressed doberman,GOOD NEWS
agnieszka hollands burning bush,ARTS
breaking bad in bavaria,COLLEGE
mfa abstraction crapstraction dropcloth abstraction or zombie abstraction recommended reading 2,ARTS
el tri gay slurs and good intentions,LATINO VOICES
phillys whacky reception groupies,ARTS
11 hottest classic actors that can never be replaced,FIFTY
how to explore your sexual fantasies in middle age,FIFTY
4 retirement fears and their antidotes,FIFTY
why feloncrushfriday should change the way we think about incarceration,COLLEGE
watch jiff the pom is still killing us with cuteness,GOOD NEWS
im sorry to say this about the chinese,COLLEGE
these strangers rushing to help one another remind us were not alone,GOOD NEWS
forget everything you knew about the circus  this performance is fine art,ARTS
talking to jordan rudess about harmonywiz,ARTS
what makes a plan strategic,ARTS
9 reasons meryl streep will always be our leading lady,FIFTY
these are the real reasons behind our humanitarian crisis at the border,LATINO VOICES
the global search for education teacher i need you,EDUCATION
do you have a green thumb with people,GOOD NEWS
blame cantor not immigration,LATINO VOICES
5 scientificallybacked ways to lose those last 5 pounds,FIFTY
want to watch your entire life pass by in an instant just do this,FIFTY
reach out and touch someone,ARTS
two public policies that transformed our nation,EDUCATION
hundreds of toddlers said to be taken into custody at the border,LATINO VOICES
marijuana cubans need to talk about it,LATINO VOICES
time magazines rape crisis article,COLLEGE
the abundance mindset,GOOD NEWS
stage door barceló con hielo,ARTS
universal humanism or identity art which works better for you,ARTS
inspiring 111yearold woman gets honorary diploma reminds us to never lose our passion for life,GOOD NEWS
the year retirement ends,FIFTY
empty nest syndrome isnt just for moms,FIFTY
the major rookie mistake i made caring for my car,FIFTY
a 360degree view on studying abroad,COLLEGE
15 international summer art exhibitions you should definitely see,ARTS
this upcoming exhibit on human freedom is ironic for a few reasons,ARTS
the surpising beauty of the worlds most eccentric hobby clubs,ARTS
sónar festival offers more than you might expect,ARTS
this woman celebrated her birthday in the fiercest way possible,FIFTY
setting the record straight on sexual assaults on campus,COLLEGE
when your hs graduates choose community college,COLLEGE
holbrooktwain an american odyssey,ARTS
the 8 most important lessons from my first year out of college,COLLEGE
ground zero memorial museums invisible ingredients,ARTS
lessons about love i learned from people with alzheimers,FIFTY
10yearold girl saves the day and her fathers life with frantic facebook plea,GOOD NEWS
new video questions false promises of online education industry,EDUCATION
starbucks and arizona state create a new education pathway,COLLEGE
this ad combines the internets 2 favorite addictions cats and selfies and its adorbz,GOOD NEWS
hospital execs increase minimum wage by scrapping their own bonuses,GOOD NEWS
björk is getting her own massive art exhibition,ARTS
kittens so many foster kittens,GOOD NEWS
the drunk song understands your drinking habits too well,COLLEGE
yes virginia there are bad teachers,EDUCATION
the cultural landscape architects thomas j lax,ARTS
living on the edge,ARTS
the lessons my father taught me,FIFTY
flexing our political and financial muscle,LATINO VOICES
an ode to the dopey and lovable labrador retriever,GOOD NEWS
watch out theres a giant armadillolike structure taking over paris,ARTS
miffed by the prospect of menopause,FIFTY
curbing americas homework habit california parents press school to stop the homework madness,EDUCATION
financial advice for recent college graduates,COLLEGE
my father was billy the kid,FIFTY
the r word,FIFTY
classic portraits are way better when painted on beer cans,ARTS
my how the heart aches when you downsize,FIFTY
beginning the struggle,COLLEGE
the tortured soul of wit,ARTS
photographer documents things we tell the internet but wouldnt tell our moms,ARTS
the 28 lessons you learn on birthright,COLLEGE
get me guitarist joe beck leaves a shining legacy,ARTS
teagle promotes collaborative humanities learning at stanford,COLLEGE
watch dads hilarious reaction to sons tattoos is priceless,FIFTY
heres how much itd cost to launch a radical new tuition model,COLLEGE
graduation ceremonies turned into silent protests at elite universities,COLLEGE
i was my fathers daughter after all,FIFTY
how your student debt can make you sick and depressed,COLLEGE
why miss usa refused to take this crazy piece of advice,LATINO VOICES
this street performer has a vocal range like nothing youve ever heard before,ARTS
10 tips to survive being suddenly single after 50,FIFTY
when your happiness comes at the cost of someone elses,FIFTY
the fathers day card i wish i could send,FIFTY
firefighter who took in friends 6 kids after he died on 911 gets best fathers day gift ever,GOOD NEWS
all the reasons we love courteney cox on her birthday,FIFTY
treading the line between good intentions and abuse,FIFTY
shrugging off a lifetime of sexual shame,FIFTY
powering up theater breaking through barrierss power plays,ARTS
the strange experience that caused me to get off matchcom,FIFTY
colorado ballet company proves dancers have way more fun than the rest of us,ARTS
this mud mural is changing the lives of indian schoolkids,ARTS
empowering the next generation of scientists,EDUCATION
debunking the myths of kara walkers sugar sphinx,ARTS
diverse conversations mentoring minority faculty,COLLEGE
lessons i learned as an author of 10 books part two,GOOD NEWS
splish splash,GOOD NEWS
papa can you hear me,ARTS
tenure educations friend or foe,EDUCATION
the amazing things that happened when i started yoga at 85,FIFTY
an open letter to graduation speakers,COLLEGE
celebratory travels,FIFTY
hosting an exchange student expands your world,EDUCATION
what my father built,FIFTY
vergara identified a few real problems but its completely wrong about the solutions,EDUCATION
what it was like to talk about the empty nest on katie,FIFTY
mesmerizing nudes show a softer side of americas darkest street photographer nsfw,ARTS
this is how to turn up the heat on your sex life after 50,FIFTY
dont blame central american newspapers for influx of undocumented children,LATINO VOICES
images of the great american city will take you back in time,ARTS
education reformers keep saying they want to pay teachers more  do they mean it,EDUCATION
vergara v california decision teacher tenure is not the problem,EDUCATION
miniature horse and dog love each other this much,GOOD NEWS
large number of recent college grads still rely on money from parents,COLLEGE
swarthmore college president surprises community,COLLEGE
from picasso to joyce dylan and jobs,ARTS
expert beauty advice for women over 50,FIFTY
love advice from a couple married 75 years,FIFTY
what i see,FIFTY
latinos and the elections five reasons to vote in november,LATINO VOICES
once a welder now a teacher,EDUCATION
why you should hold your head and your hemlines high after 50,FIFTY
the life lesson we can all take from the freshfaced high school grads,FIFTY
on trial judgement vs expression,ARTS
bunny yeagers vibrant legacy lives on in las vegas,ARTS
portraits of sikh men reveal the diverse beauty of turbans and beards,ARTS
cartographia artifacts of a creative journey torrance art museum,ARTS
an abridged history of times new roman the most famous font in the world,ARTS
the power of yes,EDUCATION
israel without the conflict,ARTS
artist transforms everyday materials into towering alien landscapes,ARTS
freedom,FIFTY
the ultimate guide to throwing a party for the big game playlist,LATINO VOICES
the day i met james franco insights from instagrams everyman plus the inspirational video that every college student has to see,COLLEGE
3 key things that will transform your resume into a winner,FIFTY
never too old to rock and roll,FIFTY
5 midlife habits you cant afford to put off another day,FIFTY
beautifully bizarre ceramic masks explore the dark side of agoraphobia,ARTS
how to find peace on fathers day when dad is no longer around,FIFTY
a stunning photography project for uber film nerds everywhere,ARTS
dont call them dropouts,EDUCATION
not against all cuba sanctions just dumb cuba sanctions,LATINO VOICES
hedwig takes home tony for best revival of a musical,ARTS
puerto rico appoints first openly gay justice to supreme court,LATINO VOICES
appreciating the faces of love,FIFTY
this is how to transform your relationship with your daughter,FIFTY
gratitude for the city of light,GOOD NEWS
11 phrases from the 60s that mean something very different now,FIFTY
these gorgeous book sculptures are leaving us speechless,ARTS
channeling picasso in the digital age,ARTS
gratitude for ddays fallen,GOOD NEWS
the global search for education which digital device is best,EDUCATION
let there be light,ARTS
can research identify a school thats working,EDUCATION
little benjamin a baby lovebird took overcoming obstacles to new heights,GOOD NEWS
love letters from wwii in memory of my father,FIFTY
engagement féminin women education and contemporary dance in west africa,ARTS
watch son makes good on boyhood promise to dad,FIFTY
managing the potholes of life,GOOD NEWS
reclusive calvin and hobbes creator returns to comics,ARTS
7 steps to charting your new retirement workscape,FIFTY
young chinese artists,ARTS
these indian village quilts channel the great modern masters,ARTS
how retirement in the us stacks up against the rest of the world,FIFTY
how to make the next 20 years better than the last,FIFTY
5 ways being older helps you cope at cocktail parties,FIFTY
dday reflections from a soldier,FIFTY
cold kisses under a tropical sun,LATINO VOICES
watch engineer teaches dog to play catch with itself,GOOD NEWS
my conversation with jersey vargas taking her plea for immigration reform to house republicans,LATINO VOICES
calle 13 honored by nyc as band demands political prisoners release,LATINO VOICES
still edgy after all these years jacaranda musics first decade,ARTS
woman receives wwi love letters 95 years after they were written to her grandmother,GOOD NEWS
5 weight loss habits that are making you gain weight,FIFTY
7 things you should never ever do for your older kids,FIFTY
these images show whatlatinoslooklike,LATINO VOICES
latinofilipino solidarity that won the delano grape strike is behind the anniversary of the agbayani village,LATINO VOICES
how i won a coveted role in the oscarnominated nebraska in my 70s,FIFTY
just another brick in the wall how education researchers ignore the ends to tweak the means,EDUCATION
sex talkpart 2,COLLEGE
the fathers day gift that keeps on giving a wellcared for you,FIFTY
why its important to learn the difference between selfesteem and selfacceptance,FIFTY
biddy the exploring hedgehog cant stop wont stop traveling to aweinspiring places,GOOD NEWS
why you should mix friendship with pleasure,FIFTY
why im thinking twice about babies after 50,FIFTY
my love affair with the cannes film festival,ARTS
tattooed porcelain dolls offer an alternative way of viewing the feminine body,ARTS
7 ridiculously easy ways to protect your bones at any age,FIFTY
why i came out of the goodgirl closet at 50,FIFTY
alumni feel deja vu on college sexual assault controversies,COLLEGE
back from the valley sebastian junger on korengal,ARTS
these people got to spend a day with some animals and it was pure bliss,GOOD NEWS
gratitude for everyday heroics,GOOD NEWS
the long zigzag road to a students graduation,FIFTY
do you know a huggable hero,GOOD NEWS
it takes willpower to write a will,FIFTY
diverse conversations training tomorrows educators,EDUCATION
mohamed hefzy ismailia film fest director film clinic producer & filmmaker,ARTS
the venice architecture biennale of,ARTS
should teachers stop fighting for tenure,EDUCATION
recent college grads are flocking to these cities,COLLEGE
whos really at fault for the apathy of millenials,FIFTY
wilderness guide,FIFTY
why im suddenly longing to get inked in midlife,FIFTY
10 behaviors that will lead you to mr right,FIFTY
heres an immigrant imprisonment program that obama could stop without congress,LATINO VOICES
an educators lament part i  symptoms of our educational demise,EDUCATION
do latins have better sex are we even allowed to ask that,LATINO VOICES
man who awoke from coma just in time shares his story urges us to find the miracle within,GOOD NEWS
the cleansing,FIFTY
the grateful dead and the great pyramid presenting the wonders of adrian boots photography,ARTS
the attention deficit trap,FIFTY
why would learning be the goal of century schools,EDUCATION
bold as love  past is prologue,ARTS
manufacturing jobs for women,COLLEGE
the enduring legacy of clark hulings,ARTS
backyard brilliance at the echo theater,ARTS
the 10 best things about being an empty nester,FIFTY
6 foods that fight pain naturally,FIFTY
12 stunning reasons new yorkers should look up,ARTS
amma and her 32 million hugs,GOOD NEWS
stage door a loss of roses,ARTS
judy chicago on the imageblog,ARTS
april nordbee small town duchamp,ARTS
high school dropout rate solutions for success,EDUCATION
the drama desks all the way m&ms and more,ARTS
professor says csu fired him for appearing on a beer can,COLLEGE
18 things that remind us all the best stuff in life is free,GOOD NEWS
health insurance options for early retirees,FIFTY
comedy tonight,ARTS
stage door forbidden broadways gerard alessandrini,ARTS
10 jarring vintage photos of an empty new york city,ARTS
night and her stars the garage theatre in collision with alive theatre long beach ca,ARTS
its baaaaack swimsuit season is lurking around the corner,FIFTY
photographer captures wild portraits of sand creatures that defy gravity,ARTS
nuestra palabra latino writers having their say,LATINO VOICES
we are the best lukas moodyssons love song to youth,ARTS
to be strong,ARTS
taste at sacred fools in la,ARTS
you wont believe what just washed up in the east river,ARTS
first nighter pushkins eugene onegin poes the raven take flight,ARTS
woman with leukemia finds dad through facebook but she may get more than just a reunion,LATINO VOICES
la bayadère at the met the russians invade,ARTS
a jeff koons is coming to 30 rock,ARTS
first nighter chalk farm at 59e59 carrie robbins oneacts at here anthem at lynn redgrave,ARTS
corley gibbs the role of duplicated genes as plants respond to environment,COLLEGE
former us treasurer explains why latinos would vote for a gop candidate,LATINO VOICES
business group pledges 500000 campaign for common core  who will it really benefit,EDUCATION
the dark side of the college game,FIFTY
what the contents of your purse say about you,FIFTY
10 easy tips to take you from college to success in jobs love and life,COLLEGE
identical twins combine art and math in hypnotic exhibition,ARTS
why the lack of women in politics,COLLEGE
3 policy choices that would improve retirement prospects for women,FIFTY
this is why i prefer the bodies of older women,FIFTY
these astronauts hugged it out in response to reporters question about political tension,GOOD NEWS
intersecting ideas the importance of an interdisciplinary education,COLLEGE
6 fantastic cities for single retirees,FIFTY
why the santa barbara shooting is a hate crime,COLLEGE
aging single,FIFTY
how do you measure a grandmas legacy,FIFTY
dedication,FIFTY
why we pick the partners we do,FIFTY
60 better alternatives to aging gracefully,FIFTY
the way we see this artweekla,ARTS
neymar and gisele bündchen are the dream team,LATINO VOICES
what every parent needs to know about their schools,EDUCATION
the problem with percentages and education which students merit our attention,COLLEGE
let the controversy commence,COLLEGE
beyond principals leadership assessment tools for all educators,EDUCATION
my message to harvard kennedy school grads,COLLEGE
remarks to babson college,COLLEGE
surreal paintings reveal the violent absurdities of the colombia drug trade,ARTS
years later is college still fun,COLLEGE
learn to value time,GOOD NEWS
top 10 things not to say to your 20something,COLLEGE
my classroom not my island,EDUCATION
5 reasons sweden is the best place in the world to grow old,FIFTY
the art book that will make you smile til your face hurts,ARTS
my disastrous search for the perfect swimsuit,FIFTY
how to be more creative tomorrow,GOOD NEWS
inequality deepens on university campuses,COLLEGE
paul tough explains why rich kids graduate poor and workingclass kids dont,EDUCATION
adventures in instructional coaching its time to teach,EDUCATION
human trafficking the contemporary form of slavery,COLLEGE
youtube changing the speed at which we move,ARTS
living to 100,FIFTY
postscript opera criticism in a modern world,ARTS
contemplation,FIFTY
meet the worlds first woman graphic novelist,ARTS
7 everyday habits for glowing youngerlooking skin,FIFTY
13 music festivals you should actually attend this summer,ARTS
10 valuable lessons i learned after two weeks with my grandchild,FIFTY
a commonsense solution to school inequality,EDUCATION
reinventing reality an interview with the party girl filmmakers in cannes,ARTS
amherst president tells grads to take pride in starting a national movement,COLLEGE
white lies fibs tall tales just tell the truth,ARTS
why the empty nest can be a very scary place,FIFTY
the titli interviews filmmaker kanu behl in cannes,ARTS
brown honors graduates fails survivors,COLLEGE
fujiko nakaya wraps philip johnsons glass house in artificial fog video,ARTS
the philanderer long beach playhouse mainstage theatre,ARTS
10 things you need to do before you turn 60,FIFTY
the lesson i learned only after losing my mother,FIFTY
the best boomer fashions for summer,FIFTY
star wars figurines make friends with small rodents the galaxy is at peace,ARTS
blind football player makes top college team proves theres nothing you cant accomplish,GOOD NEWS
step out of the rankle,GOOD NEWS
exasperated count to 10 a new way,GOOD NEWS
it takes a long time to be an overnight success,GOOD NEWS
the prince edward county free school 50 years later a model for the fight for education equality,EDUCATION
the cannes diaries ending on a high note with jimmys hall,ARTS
in defense of light and magic,COLLEGE
breaking ufos spotted on classy porcelain dinnerware,ARTS
what if contestants told pat sajak the truth,FIFTY
how one simple move changed the course of an orphans life in rwanda,FIFTY
should grandparents be expected to foot the bill for entertaining grandkids,FIFTY
why sex after 50 is just as hot as sex at any age,FIFTY
when the bubble bursts,ARTS
questions i would ask,EDUCATION
incredible visual history of music festivals will remind you why you love summer,ARTS
the best remedies for your sleepless nights,FIFTY
how not to defend the humanities,COLLEGE
yns pumps up the fab phils volume before asian tour,ARTS
memory postcard the day i met martin luther king jr and was disappointed,ARTS
5 common habits that are costing you bigtime,FIFTY
forget the street photography gimmicks concentrate on the image,ARTS
experiencing an affair and divorce at 84,FIFTY
working toward the future,COLLEGE
how american universities turned into corporations,COLLEGE
fraternity suspended for putting hot sauce on pledges  um areas,COLLEGE
y a mi qué who does the civil rights movement belong to,ARTS
the other alister wheres the oscar love for cameron diaz,LATINO VOICES
multimedia dance performance celebrates harlems vibrant queer culture,ARTS
meet the fishman winners,EDUCATION
the curse of perfect spelling,EDUCATION
the book of us,FIFTY
challenged athletes changing opinions about disability,GOOD NEWS
6 facts about aging,FIFTY
pomp circumstance panic,COLLEGE
emersons advice to millennials with perseverance comes new powers,COLLEGE
beauty fierce as stars groundbreaking women painters 1950s and beyond at mythos fine art & artifacts,ARTS
acting techniques you can apply to real life to some extent,ARTS
6 totally unsolicited tips for my little brother on graduation weekend,COLLEGE
the graduation gift you cant afford to miss,EDUCATION
why public liberal arts colleges,COLLEGE
how to give a commencement speech in 8 steps,COLLEGE
jennifer bartletts history of the universe,ARTS
home ec 20 how cooking could save our lives and jobs,EDUCATION
for the love of theater,ARTS
12 kids who just had the happiest moment of their lives,GOOD NEWS
how is a familys legacy preserved if theres an ethical will theres a way,FIFTY
coping with haywire hormones and a house full of kids,FIFTY
how i introduced my daughter to my father with dementia,FIFTY
the arts are chocolate for the brain,ARTS
innovative new programs to combat falls,FIFTY
artist gives train riders a gorgeous reason to look out the window,ARTS
escape from poverty for a few more students is not a worthy national goal,EDUCATION
presidents turnaround arts program expanded,ARTS
a higher purpose,GOOD NEWS
performance measurement in health care and education,EDUCATION
retirement overseas are we all just waiting for the grim reaper,FIFTY
perfection is so overrated,ARTS
the tony nominations three weeks later,ARTS
toygodd attends pretty in plastic for ghostbusters anniversary la art show  gallery1988 west,ARTS
artist creates delicate nude portraits on the insides of eggshells nsfw,ARTS
bruised silence,FIFTY
why men arent meant to have reliable erections until the day they die,FIFTY
album may be final but cuban singer ferrer is not done yet,ARTS
expanding opportunity for aapi communities through education,EDUCATION
how to fill those empty spaces on your resume,COLLEGE
why did corporate reformers overlook newarks children and families,EDUCATION
student pays tribute at graduation to twin sister shot dead by cops,COLLEGE
black men at princeton share their experiences,COLLEGE
the space odyssey of lucio fontana,ARTS
whens the right time to leave a onenight stand,COLLEGE
theater linda lavin gets too much sun broadway by the year shines yet again,ARTS
mark cuban paid for this couples wedding after cancer wiped out their life savings,GOOD NEWS
peyton manning goes to graduation starts throwing passes to seniors,COLLEGE
why happiness is like cotton candy,COLLEGE
love makes space a message for todays college graduates,COLLEGE
double vision,ARTS
being intentional about defining college life,COLLEGE
what its like to have face blindness,FIFTY
this is how to best prepare for a job interview,FIFTY
do you have a lifethreatening case of hope,GOOD NEWS
the cannes diaries divorce orthodox style the next arab superstar and hugs on the croisette,ARTS
are common core standards actually data tags,EDUCATION
reclaim the promise of brown v board,EDUCATION
sleek cut paper illustrations will bring out the minimalist in you,ARTS
teachers  the greatest common core casualty,EDUCATION
reforming college debt part i the problem,COLLEGE
how i engage in racial profiling,EDUCATION
modernism gallery and the late mark stock art friendship and feeling,ARTS
10 undeniably oldfashioned baby names,FIFTY
this is what happens when two powerful female street artists join forces,ARTS
just a thought todays buddha doodle,GOOD NEWS
cartoons chaos and commedia oh my,ARTS
progress and challenges 60 years after brown v board,EDUCATION
understanding brown v board of education,EDUCATION
nephews nieces and a single uncle,FIFTY
a cuban insult ah youre not in the package,LATINO VOICES
60 years after brown v board americas school boards call for vigilance,EDUCATION
gratitude for those combating firenados,GOOD NEWS
agents of change 5 inspiring men worthy of your attention right now,GOOD NEWS
60 years after brown v board will congress revive a dual school system,EDUCATION
a tale of two kindergartens  well three now that i think about it,EDUCATION
little book of big ideas is smaller than a safety pin wiser than you,ARTS
what to tell your kids about marijuana,FIFTY
11 things famous artists and cultural figures can teach you about creativity,ARTS
does high school matter,EDUCATION
photo series captures the endearing misery of dogs at bath time,GOOD NEWS
the bright side of getting rejected from college,COLLEGE
increasing diversity in the stem pipeline,EDUCATION
modern mujer covergirl flor de maria rivera inspires a bilingual nation with her passion for fashion,LATINO VOICES
suggestions for seniors graduating from college planning for the future,COLLEGE
the cannes diaries grace of monaco a slasher a party girl and sanad,ARTS
street photography in stockholm pt 2,ARTS
to the unlikely role model who changed my life,GOOD NEWS
wisconsin senate blindsided by the department of public instruction,EDUCATION
57 at 57 missing parents,FIFTY
the one rite of passage i wont take part in,FIFTY
white houses pick for tackling sexual assault has some problems of its own,COLLEGE
how i talk dating and swap stories with my newly divorced mom,FIFTY
the retirement destinations even your grandkids will love to visit,FIFTY
6 wise and funny lessons on aging  from animals,FIFTY
sustaining artists in the the century the leonore annenberg fellowship,ARTS
15 unmistakable signs youve reached middle age,FIFTY
war  art  peace i,ARTS
7 unusual bus shelters designed by world class architects,ARTS
use proven programs or manage using data two approaches to evidencebased reform,EDUCATION
the case for online education,EDUCATION
the good fortune of peace,GOOD NEWS
the humanitarian photographer,GOOD NEWS
gratitude for the smartwatch,GOOD NEWS
the language of love,FIFTY
why i am no longer bound to a barbie body standard,FIFTY
chinese for lunch,FIFTY
what its like to be suddenly poor and homeless at 70,FIFTY
mothers day carved a hole in my heart a noisy spirit speaks out,FIFTY
springing into maycharitable & cultural catchup,ARTS
this starbucks barista is the van gogh of coffee cup art,GOOD NEWS
the meanest thing your kid could ever say to you,FIFTY
my reel dad,FIFTY
your favorite avantgarde shock filmmaker is an artist now,ARTS
7 years at ground zero video,ARTS
college the experience is what matters most,COLLEGE
5 ways we wish we were more like our boomer parents,FIFTY
7 things every grandparent needs for their new grandchild,FIFTY
why we should care about changes in the pharmaceutical industry,FIFTY
look abstract photo of everyday life,FIFTY
weingarten wants common core lewis says were done,EDUCATION
how aging turns out to be the best thing for you,FIFTY
artist explores the concept of disgust in magically grotesque exhibition,ARTS
these vintage ads prove we had no idea what the future would actually look like,FIFTY
magical photo series brings the moon to you,ARTS
why dads may now feel even more worklife conflict than moms,FIFTY
yoga can ease perimenopause symptoms,FIFTY
it took me 49 years to truly understand my mom,FIFTY
results for america a welcome addition to evidencebased reform,EDUCATION
hopefully open to the new,FIFTY
my journey into the spotlight,EDUCATION
going on single,FIFTY
bedtime chores,FIFTY
tuition cuts and tuition cuts,COLLEGE
be a girl who writes,COLLEGE
moms human or not are incredible and these 6 videos prove it,GOOD NEWS
the single thought that haunts me every mothers day,FIFTY
why nothing can ever replace an old friendship,FIFTY
8 things you need to know before you travel abroad,FIFTY
10 wildly detailed drawings of fictional cityscapes that will make your head spin,ARTS
these photos of 1960s protests will stop you in your tracks,ARTS
plane fell 5000 feet from the sky,GOOD NEWS
the cannes diaries a prefestival lastminute checklist,ARTS
my letter to michelle obama from one mother to another help my immigrant family,LATINO VOICES
first nighter encores irma la douce isnt so sweet,ARTS
four ways you can seek back pay for an unpaid internship,COLLEGE
the edge of stardom secundaria premieres in san francisco,ARTS
story time from space,EDUCATION
the best thing you could put in your coffee not cream,FIFTY
conscious uncoupling is wimping out and 14 other life lessons,FIFTY
your favorite guerrilla chalkboard artists are back,ARTS
10 lessons we learned from diane keatons new book,FIFTY
boy battling cancer gets 2000 birthday cards from around the world cant stop smiling,GOOD NEWS
9 brands with sexy spokesmodels over 50,FIFTY
9 surprising lessons weve learned about aging now that were over 50,FIFTY
this artist wants to erase your dna further proof the future will be terrifying,ARTS
why groupon makes giftgiving something of a joke,FIFTY
8 things im glad my mother never taught me,FIFTY
9 gorgeous celebrities who just keep getting better with age,FIFTY
a mothers day gift idea for new empty nest husbands,FIFTY
9 monumental moments in my life each year since huffpost began,GOOD NEWS
tim ebner at rosamund felsen gallery,ARTS
railway men a film review,ARTS
the one thing the internet has made a whole lot worse,FIFTY
why its taken months to pick out bedding for my kids dorm room,FIFTY
saying goodbye to my collegebound daughter,FIFTY
how to be a better daughter  and why its important,FIFTY
why i didnt feel like a real mother until my kids hit middle school,FIFTY
the 4 things every college graduate needs to hear about what not to do,COLLEGE
study finds perceived age discrimination worse for health than perceived racism and sexism,FIFTY
frieze new york,ARTS
lawmakers say more work needed after white house task force on campus rape,COLLEGE
stunning video shows london in and simultaneously,ARTS
getting serious about ending campus rape,COLLEGE
the one crazy activity that will bond your teens for life,FIFTY
paris photo la at paramount studios photos,ARTS
6 surprising things i learned from a visit to the er,FIFTY
eyeopening photos of doortodoor salesmen in a nairobi slum,ARTS
7 reasons why introverts are morally superior,FIFTY
public school apartheid in harlem,EDUCATION
a teachers words to louis ck,EDUCATION
all parents need access to education data now,EDUCATION
these artworks rebelling against american suburbia are more relevant than ever,ARTS
three pairs of shoes,GOOD NEWS
economics students from 19 countries demand overhaul of economics education,EDUCATION
what your average school lunch looks like,EDUCATION
25 street artists from around the world who are shaking up public art,ARTS
cyberbullyings impact on our children and what schools can do,EDUCATION
myths of spoiled children and other things,EDUCATION
why theres absolutely nothing wrong with celibacy,FIFTY
what if disney princesses didnt end up so happily ever after,ARTS
unions and college football show me the money or take a strike,COLLEGE
photos the 50 most beautiful latino stars,LATINO VOICES
the surprising way horses can help ease alzheimers symptoms,FIFTY
rutgers invites paralyzed player to speak then takes it back,COLLEGE
freedom with a twist of maturity,COLLEGE
5 ways to make your retirement not suck,FIFTY
5 signs i need to get the heck out of my comfort zone,FIFTY
report ranks best worst states for retirement,FIFTY
iraq vet and his canine colleague were reunited at airport and their joy is absolutely contagious,GOOD NEWS
three strategies for building classroom culture and stopping bullying in schools,EDUCATION
student texts goodbye mama in final message right before tornado strikes,COLLEGE
to the princeton privileged kid,COLLEGE
reading writing and arithmetic,EDUCATION
gorgeous long exposure train photos prove the city has its own magic,ARTS
john nava selected portraits at the vita art center,ARTS
a truly erotic art exhibition aims to get you hot for summer nsfw,ARTS
5 things driving me crazy now that im 60,FIFTY
the most exciting way to retire  and how to afford it,FIFTY
the foods that will help you age better,FIFTY
everything you need to know about mike kelley,ARTS
heres why spring is the best season to fall in love,GOOD NEWS
how to recognize the early signs of alzheimers,FIFTY
10 reasons you should never step foot in a shopping mall,FIFTY
how to age in the era of erectile dysfunction,FIFTY
the mona lisa just might be historys first 3d image researchers claim,ARTS
defense against offense the reality of trolling and its impact,COLLEGE
the cave that inspired historys most creative minds,ARTS
in the next room or the vibrator play long beach playhouse studio theatre,ARTS
5 marvelous mothers day gifts with a message,FIFTY
the dirtiest word you can hear in corporate america,FIFTY
dead man walking at madison opera,ARTS
11 stunning and free fonts you should download right now,ARTS
one artists amazing mission to save the us postal service,ARTS
april gornik recent paintings and drawings at danesecorey,ARTS
rug art is exactly what it sounds like and more beautiful than you can imagine,ARTS
what my students think is the best way to engage students,EDUCATION
what if you could learn like a jedi,EDUCATION
dreams of calatrava fading into the distance,ARTS
whats enough in the land of everything,FIFTY
7 things that would make life so much easier,FIFTY
working in an office is making you age faster heres proof,FIFTY
mathematics magic and mystery,EDUCATION
the importance of being collaborative,ARTS
motivational psychology and leadership in higher education,COLLEGE
north carolina your teachers are worth more,EDUCATION
the 5 keys to living a happy and successful life,GOOD NEWS
why ive decided to remain single,FIFTY
justices get it wrong on race,EDUCATION
a plan for education,EDUCATION
every angel has a dark side julian schnabel at the dairy,ARTS
sydney the pit bull princess gets the royal treatment at animal shelter after being neglected,GOOD NEWS
4000 blocks,ARTS
everyone has a story,GOOD NEWS
on the future of wagnerism part 2 jewish wagnerites and wagner societies,ARTS
sandy frank an appreciation,ARTS
sexual assault prevention mandatory education is the solution,COLLEGE
deconstructing the new sat,EDUCATION
the clothing item i cant live without,FIFTY
the missing ingredient that makes online dating a disaster,FIFTY
a final lesson for grads learn the 22 keys to career success,COLLEGE
a little umbrella went a long way for this boston marathon runner with lupus,GOOD NEWS
why getting over it is a myth you should ignore,FIFTY
these magical landscapes made of plastic bags will take your breath away,ARTS
looking forward ecolors in education,EDUCATION
walter whites happiness,ARTS
forprofit college offers students pizza to lobby against obama regulation,COLLEGE
the jets michael vick and a college dilemma,COLLEGE
the inconvenient music  invisible and unhearable,ARTS
heartbleeds handshakes and foolproof happiness,GOOD NEWS
closing the high school graduation gap,EDUCATION
hillary for president  not hillary for grandma,FIFTY
the drowsy chaperone norris center for the performing arts rolling hills estates,ARTS
elite colleges are getting harder to get into,COLLEGE
no place for poetry on my sons common core ela test,EDUCATION
second saturday staten island art walk,ARTS
is the american dream a dream deferred,COLLEGE
thanks to glenn lowry,ARTS
promposal the movie,EDUCATION
brave hearts mended,GOOD NEWS
what my students think about school lunch,EDUCATION
5 reasons retirees need vacations too,FIFTY
a conversation with chris davies founder photo independent the international exposition of contemporary photography los angeles,ARTS
artists assistants and the irs,ARTS
mesmerizing images of south american geyser fields reveal the power of the natural world,ARTS
when this teachers ethnic studies classes were banned his students took the district to court,LATINO VOICES
4 things you can fix about your aging body,FIFTY
this what youre like drunk vs sober video is sadly on point,COLLEGE
the one way to turn retirement worries into retirement adventures,FIFTY
why life may not be a cabaret and more tony musings,ARTS
3 technologies bolstering stem learning,EDUCATION
higher accountability for college dropout rates,COLLEGE
theater nph is wait for it epic in hedwig daniel radcliffe is impressive in cripple the great immensity isnt,ARTS
first nighter the civilians confront climate change with the great immensity,ARTS
another university stops students from passing out copies of the constitution,COLLEGE
these kids thought their school lacked a place of discovery so theyre building one,GOOD NEWS
this is what heartbreak looks like in the digital age,ARTS
applying third metric principles to the college application process,COLLEGE
5 things we still love about lucy,FIFTY
these new puns by hanksy are eyerollingly perfect,ARTS
frederica von stade in tour de force performance,ARTS
trying to sustain a charade,ARTS
music beer and summer or why craft beer fests are my new rock concerts,FIFTY
a reflection on aging inspired by portlandia and the monkees,FIFTY
5 things you should never say to a grandparent,FIFTY
11 classic hollywood kisses that will send shivers down your spine,FIFTY
the 5 most annoying trends we want to go away,FIFTY
why this polish art group is being sued for its depiction of jp2,ARTS
these candles let you worship at the altar of pop culture royalty,ARTS
purritos  cats burritos the internet all our favorite things,GOOD NEWS
classical sounds italian french and english early music  bach,ARTS
stunning selfportraits make you think twice about interracial identity in south america,ARTS
the manly pursuit of desire heat stroke at the leslielohman museum of gay and lesbian art,ARTS
look latin billboard music awards fashion hit and misses,LATINO VOICES
from days of auld langdell crisis and reform in modern legal education,COLLEGE
godzilla vs godot,EDUCATION
are deportations rising or falling a focus on the people affected,LATINO VOICES
dont wash dont tell,FIFTY
are you a handywoman take this test and see,FIFTY
lothar baumgarten culture and nature,ARTS
10 emerging gif artists who prove motion photography has no limits,ARTS
living history in covington high school,EDUCATION
blind people describe beauty as joy truth and feeling alive in this profound video,GOOD NEWS
how state lawmakers are using budget cuts to control colleges,COLLEGE
supreme court decision undermines education and opportunity,COLLEGE
diane keaton on the art of being yourself,FIFTY
can we finally get rid of this frat now,COLLEGE
the real future economy,EDUCATION
5 things you should stop saying when you hit 60,FIFTY
8 ingredients for job search success,FIFTY
the wack donalds project,ARTS
a q and a on everything college,COLLEGE
how the tribeca film festival became religious about innovation  and pope francis became an economist,ARTS
massive video game tournament aims to save lives by rewarding good behavior,ARTS
student athletes or employees the debate in perspective part 2,COLLEGE
taking back ownership of our food,COLLEGE
6 habits that are draining your wallet,FIFTY
thinking beyond the box,EDUCATION
william shakespeare at 450,ARTS
the global search for education the school of the future,EDUCATION
can anything save comic sans the worlds most hated font,ARTS
when i chose to stop feeling small the story of a latina amazon woman,LATINO VOICES
dialogue isnt just for screenplays,ARTS
someone inserted beyonce into famous paintings and its just as glorious as it sounds,ARTS
start a protest in your library,COLLEGE
what one genderbending photographer learned from wearing other peoples clothes,ARTS
more latino than white students admitted to uc,LATINO VOICES
taco bell day and night,ARTS
earth day project collecting 1 million different sounds from our beautiful bustling planet,GOOD NEWS
brainstorming middle school,EDUCATION
aisle view the doddering old lady and the kama sutra,ARTS
staunch majority of california voters support prek,EDUCATION
new art books on the art of afrocuba vincent van gogh and wayne thiebaud,ARTS
living and breathing gabriel garcía márquez,LATINO VOICES
5 reasons i love working with muchyounger colleagues,FIFTY
im 53 with virtually no retirement savings  and im okay with that,FIFTY
the more you pay the more its worth,COLLEGE
why one artist wants to cover the world in butterflies,ARTS
marla mases halflife in the act of becoming herself,ARTS
student athletes or employees the debate in perspective part 1,COLLEGE
stage door bullets over broadway violet lady day at emersons bar & grill,ARTS
broadway diva on the rebound,ARTS
international touring,ARTS
10 drawings of los angeles that capture what makes the city so magical,ARTS
7 back pain myths busted,FIFTY
the 5 best apps that will help you lose weight,FIFTY
why so many older unemployed workers cant find a job,FIFTY
everything i ever needed to know i learned from huckleberry finn and hal holbrook,ARTS
why easter is the worst time for menopause,FIFTY
clans cults and tribes from family to deaf culture,ARTS
how much college football players should be making,COLLEGE
how to figure out what you really want to do in life,COLLEGE
middleaged and invisible at coachella,FIFTY
why doesnt the new york times understand the controversy over common core,EDUCATION
how a dinner party changed my outlook on aging,FIFTY
what kind of inheritance do you really owe your kids,FIFTY
these edward hopperinspired dollhouses will make you fall in love with the indoors,ARTS
bowdoins double bogey,COLLEGE
eight factors to consider when choosing your overseas retirement destination,FIFTY
next to normal cal rep,ARTS
mark innerst at dc moore gallery,ARTS
boys in the attic,ARTS
why being rejected by your dream school isnt the end of the world,COLLEGE
4 stunning spring dresses for boomer women,FIFTY
first nighter moss harts act one in two great big acts,ARTS
artists statements cant live with them cant live without them,ARTS
my son only read one book in middle school,EDUCATION
the only way i can do this research project is if i become a stripper,COLLEGE
aisle view kiss of the vampire,ARTS
sky vets perform incredible rescue to save wild lioness graphic video,ENVIRONMENT
animal photos of the week baby panda goes for a stroll,ENVIRONMENT
washington mudslide menacing fabled pacific northwest salmon trout river,ENVIRONMENT
americas exotic pet obsession is out of control photos video,ENVIRONMENT
first nighter athol fugards shadow richard maxwells isolde,ARTS & CULTURE
every dance move from a to z showcased in one ridiculously insane video,ARTS & CULTURE
fcking tourist series will make you think twice about how you travel,ARTS & CULTURE
stunning photos of a homeless boxers mansion,ARTS & CULTURE
time to leave our bad carbon boyfriend,ENVIRONMENT
landslide in oso washington  dont blame nature and acts of god for reckless logging,ENVIRONMENT
floating farm city harvests icebergs for hydroponics,ENVIRONMENT
youll never look at a giraffe the same way again,ENVIRONMENT
dont worry green cars dont really mean more driving,ENVIRONMENT
raymond pettibons surf paintings are pure punk poetry,ARTS & CULTURE
lets get ready to rumble,ARTS & CULTURE
your favorite artists and architects are hosting a giant easter egg hunt in nyc,ARTS & CULTURE
animal photos of the week,ENVIRONMENT
world running out of time to stop global warming un report says,ENVIRONMENT
orpheus four larks los angeles,ARTS & CULTURE
this is what gun ownership looks like in america,ARTS & CULTURE
wonderful tale a short interview with then she fells marissa nielsenpincus,ARTS & CULTURE
stolen paintings found 40 years later,ARTS & CULTURE
hong kong zeros in on creativity,ARTS & CULTURE
deadly upper big branch disaster not soon forgotten in west virginia,ENVIRONMENT
how to treat poison ivy naturally,ENVIRONMENT
american forests big tree madness is a bracket we can root for,ENVIRONMENT
if you were an orphaned animal youd want this woman to be your mom,ENVIRONMENT
climate change threats to the least of these compel evangelical christians to act,ENVIRONMENT
funerals start for victims of washington mudslide as search continues for more victims,ENVIRONMENT
the getty black book,ARTS & CULTURE
surrealism is alive and well in roberto gil de montes dreamy depictions,ARTS & CULTURE
nude portrait series reveals the beauty and strength of breast cancer survivors,ARTS & CULTURE
first nighter check out hellman v mccarthy red velvet heathers,ARTS & CULTURE
racing against time,ARTS & CULTURE
san francisco ballet in the exhilarating shostakovich trilogy,ARTS & CULTURE
these amazing photos will make you think twice about animal deformities photos,ENVIRONMENT
baby porcupine rescued from dead mothers womb after car accident video,ENVIRONMENT
animal photos of the week search and rescue dogs aid ongoing mudslide recovery,ENVIRONMENT
chinas war on smog sparks conflict between beijing and polluting hebei,ENVIRONMENT
can there be a positive prognosis for climate negotiations,ENVIRONMENT
protesters rain down thousands of bills in guggenheim rotunda,ARTS & CULTURE
aisle view the moor of covent garden,ARTS & CULTURE
theater cirque du soleils amaluna far from full,ARTS & CULTURE
revealing the many faces of vincent van gogh on his 161st birthday,ARTS & CULTURE
theater les miz a pleasure and not a guilty one breathing time expires,ARTS & CULTURE
milwaukee ballet and the modern quest for beauty,ARTS & CULTURE
a visit to the centre for contemporary art ujazdowski castle in warsaw poland video,ARTS & CULTURE
ooho tiny edible water blob could be a major solution to plastic bottle waste video,ENVIRONMENT
hawaiis white sand beaches are made from parrotfish poop,ENVIRONMENT
rachel carsons legacy,ENVIRONMENT
fracking boosts us oil to 10 percent of global supply,ENVIRONMENT
lady gaga has nothing on these bizarre marine worms,ENVIRONMENT
earth hour  world to turn off the lights for 60 minutes in honor of the environment,ENVIRONMENT
rigs to reefs exploring the future of offshore oil and gas platforms in california,ENVIRONMENT
the memorandum santa monica rep,ARTS & CULTURE
duke & satchmos jazz manual eat pray swing,ARTS & CULTURE
10 shocking photos that will change how you see consumption and waste,ARTS & CULTURE
questionable role models,ARTS & CULTURE
think of me phantom and the importance of casting,ARTS & CULTURE
art activists use sex dolls to protest spains controversial antiabortion law,ARTS & CULTURE
this baby kangaroo just wants some personal time okay,ENVIRONMENT
climate change will disrupt food supplies slow economies cause irreversible damage ipcc finds,ENVIRONMENT
animal photos of the week baby polar twins wake up to spring,ENVIRONMENT
reunion south coast repertory costa mesa,ARTS & CULTURE
russias amazingly glamorous retired artists,ARTS & CULTURE
chris truemans electric canvases will leave your mind spinning,ARTS & CULTURE
california lowers requirements for organic label under drought conditions,ENVIRONMENT
students are now competing across continents to reduce the most emissions and waste in their schools,ENVIRONMENT
as listener and saleswoman epa chief takes to the road for climate rules,ENVIRONMENT
theres no business like the waste business,ENVIRONMENT
when water scarcity becomes personal,ENVIRONMENT
one of disneys most influential female artists finally gets her due,ARTS & CULTURE
and now for something completely different,ARTS & CULTURE
in pursuit of magnificent obsessions,ARTS & CULTURE
odcs electrifying boulders and bones,ARTS & CULTURE
ai weiwei gets the shepard fairey treatment,ARTS & CULTURE
will ferrell and robert redford create incredible psa to help save the colorado river video,ENVIRONMENT
9 amazing macro photos of insects,ENVIRONMENT
voyage of discovery explores climate change through science and art photos video,ENVIRONMENT
animal photos of the week one for the birds,ENVIRONMENT
as paris smog worsens france imposes driving restrictions makes public transit free,ENVIRONMENT
met opera damrau and camarena turn la sonnambula into a dream,ARTS & CULTURE
an art show dedicated entirely to hot sauce is making our spicy dreams come true,ARTS & CULTURE
cruise ship workers appear to throw bags of garbage right into the ocean video,ENVIRONMENT
wastewater injection by energy companies increases risk of california earthquakes report,ENVIRONMENT
nature has a promising replacement for hormonescrambling plastics shrimp shells,ENVIRONMENT
who protects the people once their waters been poisoned,ENVIRONMENT
sustainable tourism education what is the responsibility of attractions,ENVIRONMENT
miami development plans stopped by outcry over manatees,ENVIRONMENT
heartbreaking photo series captures the final years of two brothers and lifelong best friends,ARTS & CULTURE
new yorks fabulous 1980s and 90s club scene,ARTS & CULTURE
kandinsky on creativity,ARTS & CULTURE
memorable onenight stands,ARTS & CULTURE
frida kahlo her photos the museum of latin american art,ARTS & CULTURE
zoran milosavljevic on the imageblog,ARTS & CULTURE
8 things you didnt know about split croatia  as told by indie darling lovely quinces,ARTS & CULTURE
animal photos of the week penguins dog shows and a baby hippo,ENVIRONMENT
tree kangaroo joeys play in their caretakers house climb furniture and even eat spaghetti,ENVIRONMENT
record cold digs into invasive insect population but wont lead to total wipeout,ENVIRONMENT
the japanese cant stop eating endangered sea mammals,ENVIRONMENT
four new manmade gases found that harm ozone layer scientists say,ENVIRONMENT
snail and tortoise sweaters really do exist and theyre surprisingly adorable photos,ENVIRONMENT
15 vintage japanese travel posters that spark an urge to travel space and time,ARTS & CULTURE
meet the little known 1970s artists who placed gorgeous billboards around san francisco,ARTS & CULTURE
when art worlds dont collide trac and the whitney biennial,ARTS & CULTURE
sassy and sophisticated diablo ballet all grown up at 20,ARTS & CULTURE
creative age cities,ARTS & CULTURE
faces when dogs and culture collide,ARTS & CULTURE
us armed forces sickened after fukushima meltdown get help from online fundraising,ENVIRONMENT
researchers elephants have developed a humanspecific alarm call,ENVIRONMENT
wyoming governor takes major stand against modern science,ENVIRONMENT
over two million comments filed against the keystone xl tar sands pipeline,ENVIRONMENT
ukrainian zoo animals faced starvation due to lack of funds,ENVIRONMENT
elephant mother knows how to get things done video,ENVIRONMENT
the melville boys little fish theatre san pedro ca,ARTS & CULTURE
10 comics that depict your darkest feelings with freakish accuracy,ARTS & CULTURE
15 kickass female artists were eternally grateful for this international womens day,ARTS & CULTURE
stage door the bridges of madison county and nothing on earth can hold houdini,ARTS & CULTURE
trapped in limbo,ARTS & CULTURE
heres how you start a controlled avalanche video,ENVIRONMENT
13 how did you get that wildlife photos from tin man lee,ENVIRONMENT
hundreds of students arrested at white house protesting keystone xl,ENVIRONMENT
massive winter storm system pummels central us heads for east coast,ENVIRONMENT
perus quelccaya ice cap is melting thanks to climate change,ENVIRONMENT
deliciously freaky neonscapes to satisfy your cartoon fantasies,ARTS & CULTURE
derek walcott old master,ARTS & CULTURE
the first graffiti artist of britain isnt who you think it is,ARTS & CULTURE
tuba players make alligators randy with one very special note video,ENVIRONMENT
californian innovation tackles salinity with solar desalination,ENVIRONMENT
meet the students getting arrested over keystone xl,ENVIRONMENT
larry ellison has grand plans to reintroduce agriculture to lanai,ENVIRONMENT
snow leopard vs blue sheep battle captured in amazing photos,ENVIRONMENT
eric white on the imageblog,ARTS & CULTURE
finding art in transit arteries,ARTS & CULTURE
sister corita kent retrospective in berlin video,ARTS & CULTURE
coming out as gay via longexposure photography,ARTS & CULTURE
kimberly brooks hypnotic paintings depict memories that were never yours,ARTS & CULTURE
biologists free whale from fishing gear off georgia coast photos video,ENVIRONMENT
animal photos of the week baby panda has a midday snack,ENVIRONMENT
global warming wont cut winter death rates as hoped study says,ENVIRONMENT
creating connections with nature via art,ARTS & CULTURE
dizzying photos capture swarms of starlings in flight,ARTS & CULTURE
tim vermeulen speaking to shared experience,ARTS & CULTURE
in the future you could be picnicking in a giant bubble park,ARTS & CULTURE
10 of the best state parks in america,ENVIRONMENT
underwater forest off coast of alabama could become us marine sanctuary,ENVIRONMENT
why are leading overseas development advocates pushing us down the greenhouse gangplank,ENVIRONMENT
leonardo dicaprio donates 3 million to oceana,ENVIRONMENT
steering the climate conversation to sanity regarding economic analysis,ENVIRONMENT
passion remains high because keystone xl marks a turning point on climate,ENVIRONMENT
the inherent opportunity in todays energy poverty crisis,ENVIRONMENT
new web series will challenge your narrow definition of art,ARTS & CULTURE
creativity myths and misconceptions,ARTS & CULTURE
alex kanevsky on the imageblog,ARTS & CULTURE
god save this queen,ARTS & CULTURE
hot chicks drawing series has no hot chicks many pixelated boobs nsfw,ARTS & CULTURE
baby sea turtles are so adorable that they make everything okay in the world photos,ENVIRONMENT
meatless monday what they still dont teach you at harvard business school,ENVIRONMENT
adopt a pet in new york city featured animals for 216 courtesy of nycs animal care & control photos,ENVIRONMENT
michigan wolves dont need to die,ENVIRONMENT
to fight climate change what would george washington do,ENVIRONMENT
sea sickness,ENVIRONMENT
pollutants found in childrens clothing from multiple luxury fashion brands greenpeace says,ENVIRONMENT
renewing nycs sustainability agenda a community based approach,ENVIRONMENT
can anybody save california,ENVIRONMENT
kerrys state department ignored obamas climate action plan,ENVIRONMENT
eo wilson preserving biodiversity is an ethical imperative,ENVIRONMENT
animal photos of the week german shepherd puppy plays in the snow,ENVIRONMENT
excessive radiation levels detected at new mexico waste site,ENVIRONMENT
more than 88 percent of the great lakes are completely frozen over photos,ENVIRONMENT
how do we plan for a future with more blackouts,ENVIRONMENT
spiderman teams up with earth hour to become first superhero ambassador video,ENVIRONMENT
kerry says climate change a major threat to indonesians way of life urges nations to act,ENVIRONMENT
these 8 animals mate for life,ENVIRONMENT
11 contemporary baroque still lifes that will lure you to the dark side,ARTS & CULTURE
this weirdly realistic human typeface will leave you traumatized,ARTS & CULTURE
saudi stilettos meet poetry and prose,ARTS & CULTURE
leon kossoff london landscapes la louver venice ca,ARTS & CULTURE
stage door dinner with friends,ARTS & CULTURE
corporations once happy buyers of art are now happy if they can get rid of it,ARTS & CULTURE
if music be the food of love pig on pig irons twelfth night,ARTS & CULTURE
met opera a stunning revisionist staging of borodins prince igor,ARTS & CULTURE
more toxic chemicals damaging childrens brains new study warns,ENVIRONMENT
kamapuaa the surfing pig from hawaii will melt your heart,ENVIRONMENT
danish zoo has no plans to kill second giraffe named marius,ENVIRONMENT
7 strange but great alternative uses for honey,ENVIRONMENT
cubism meets nintendo in 8bit watercolor paintings,ARTS & CULTURE
10 drawings by female artists whom history has underestimated,ARTS & CULTURE
trying to put a ring on it,ARTS & CULTURE
animal photos of the week weird news around the globe,ENVIRONMENT
severe weather batters britain cutting off rail lines as country drenched in wettest january ever,ENVIRONMENT
adopt a pet in new york city featured animals for 29 courtesy of nycs animal care & control photos,ENVIRONMENT
babies and seal pups napping peacefully on a beach,ENVIRONMENT
extreme weather photos of the week,ENVIRONMENT
by the light of the feminist moon,ARTS & CULTURE
silence el segundo museum of art,ARTS & CULTURE
photographer looks into the gazes of the blind,ARTS & CULTURE
bring on the night the photography of andy summers,ARTS & CULTURE
ballet is an art not a sport,ARTS & CULTURE
scientific spill studies funded by bp start to yield results,ENVIRONMENT
climate change a growing concern for winter olympics hosts,ENVIRONMENT
mystery noises finally explained,ENVIRONMENT
farmer john doubles down,ENVIRONMENT
hawaii stores selling dead baby sharks as souvenirs,ENVIRONMENT
these animals prove the endangered species act really does work,ENVIRONMENT
laserwolf the extraordinary life of a water photographer,ENVIRONMENT
readers writers nonreaders and me,ARTS & CULTURE
odilon redon goes on view in switzerland remains as dreamy as ever,ARTS & CULTURE
artist transforms ordinary objects into ghostlytwodimensional versions of themselves,ARTS & CULTURE
drone captures unbelievable video adds entirely new dimension to whale watching,ENVIRONMENT
adopt a pet in new york city featured animals for 22 courtesy of nycs animal care & control photos,ENVIRONMENT
farmer john and the cowflop,ENVIRONMENT
animal photos of the week baby panda playtime,ENVIRONMENT
if you like walking these are the cities for you photos,ENVIRONMENT
too many glass jars lying around here are 11 cool ideas for reusing them,ENVIRONMENT
photographer travels the world documenting childrens wildest dreams,ARTS & CULTURE
kindly allow this abstraction of google earth to blow your mind,ARTS & CULTURE
what makes a jackson pollock painting worth millions,ARTS & CULTURE
russia today a short interview with natasha pierre & the great comet of 1812s david abeles,ARTS & CULTURE
this is what a hawaii snow day looks like photos,ENVIRONMENT
spider babies eat their mother from the inside out giving us another reason to be terrified of arachnids,ENVIRONMENT
counterfeit super bowl fan gear may be tainted with toxins,ENVIRONMENT
9 animals that may or may not know the super bowl 48 winner,ENVIRONMENT
how a brewery might save this town in the california drought,ENVIRONMENT
spring outlook six more weeks of winter to grip half of us,ENVIRONMENT
itll be frigid but will the super bowl be cold enough to freeze beer,ENVIRONMENT
if you thought getting old sucks try having a lifespan like these animals,ENVIRONMENT
a lesson for dr kim and the world bank as it ponders the kosovo coal project,ENVIRONMENT
lonely orca lolita may finally be going home,ENVIRONMENT
china seriously concerned about us investigation of solar imports,ENVIRONMENT
animal photos of the week german shepherd puppy sees snow for the first time,ENVIRONMENT
accidents surge as oil industry takes the train,ENVIRONMENT
save energy and money this winter with these 7 home improvements,ENVIRONMENT
these stunning underwater photos taken by free divers are not photoshopped photos,ENVIRONMENT
the 39 steps the norris center for the performing arts rolling hills estates,ARTS & CULTURE
steve fromholz  a guest in my heart,ARTS & CULTURE
artists create mesmerizing miniature worlds all within the confines of a fish tank,ARTS & CULTURE
a ballet for the children with enough joy for the whole family,ARTS & CULTURE
artist creates enchanted specimens from vintage materials,ARTS & CULTURE
these are the faces of animals that almost didnt make it,ENVIRONMENT
pipeline fight lifts environmental movement,ENVIRONMENT
nasa graphic shows six terrifying decades of global warming video,ENVIRONMENT
so do animals get divorced,ENVIRONMENT
aquascapes the art of creating delicate underwater gardens,ENVIRONMENT
alligator crittercams offer unprecedented look into reptiles lives video,ENVIRONMENT
animal photos of the week cold monkeys take a bath in hot springs,ENVIRONMENT
insatiable taiji bloodlust the war against nature,ENVIRONMENT
well this is one way to remove a dead whale from the beach,ENVIRONMENT
chinas coal to gas plans old wine in new bottles,ENVIRONMENT
3 lies seaworld wants you to believe,ENVIRONMENT
going to jail on mlks birthday to stop keystone xl south the fierce urgency of now,ENVIRONMENT
final drinking water ban lifted in west virginia after chemical spill,ENVIRONMENT
the weird and wonderful world of animal shows,ARTS & CULTURE
eyes as big as plates the sublime elsewheres,ARTS & CULTURE
keep the frames a few tips for moca director philippe vergne,ARTS & CULTURE
la art showstoppers,ARTS & CULTURE
the monuments men,ARTS & CULTURE
tackling torture video contest finalists announced  jury and audience voting begins,ARTS & CULTURE
saving these rare orcas protect their favorite haunts,ENVIRONMENT
we animals book exposes sadness of animal captivity with stunning photos,ENVIRONMENT
a compromise we cant afford,ENVIRONMENT
shaun harrington goes shark diving in a birdcage guess what happens next,ENVIRONMENT
honolulus sewage system stinks literally,ENVIRONMENT
if you see something say something,ENVIRONMENT
media for sale coal lobby buys politico real clear politics events,ENVIRONMENT
national zoos panda bao bao makes her debut to visitors video,ENVIRONMENT
will europe scrap its renewables target that would be good news for the economy and for the environment,ENVIRONMENT
a picasso promenade playhouse santa monica,ARTS & CULTURE
omg its a box full of money hey wait a second,ARTS & CULTURE
clever selfportrait series presents the many shades of feminine beauty,ARTS & CULTURE
romantic conspiracies,ARTS & CULTURE
west virginia officials knew potentially dangerous chemicals were stored near elk river,ENVIRONMENT
animal photos of the week animals weather out the polar vortex,ENVIRONMENT
showtimes years of living dangerously will take viewers to the front lines of climate change,ENVIRONMENT
what happens when animals of different species mate video,ENVIRONMENT
emperor penguins forced to climb cliffs to breed as climate change causes sea ice to melt,ENVIRONMENT
could gmo apples taint the fruits good reputation,ENVIRONMENT
the top ten cat names of photos,ENVIRONMENT
artist transforms the city of chicago into a giant typography playground,ARTS & CULTURE
watch all 156 episodes of the twilight zone right here right now at the same time,ARTS & CULTURE
the most popular dog names of photos,ENVIRONMENT
so those school supplies youve hoarded since fifth grade can be recycled after all,ENVIRONMENT
the 10 best ethical travel destinations for,ENVIRONMENT
carrie mae weems explores inequalities embedded in artistic institutions,ARTS & CULTURE
the shawati interviews filmmaker and mentor scandar copti,ARTS & CULTURE
curses foiled again,ARTS & CULTURE
calling all book nerds heres your chance to see the goldfinch painting in real life,ARTS & CULTURE
new schools to open in joplin missouri after tornado,ENVIRONMENT
animal photos of the week baby seal greets the world,ENVIRONMENT
to believe or not to believe,ENVIRONMENT
earths new normal wild weather,ENVIRONMENT
epa unlikely to pursue fracking contamination cases anytime soon analysts say,ENVIRONMENT
crab steals gopro camera makes directorial debut video,ENVIRONMENT
watch this greyhound in batman jammies frolicking in the snow,ENVIRONMENT
when barcodes become the basis for contemporary art,ARTS & CULTURE
david lachapelle on the imageblog,ARTS & CULTURE
finding god in a maximum security prison,ARTS & CULTURE
the importance of our evolution beyond killing for food,ENVIRONMENT
arctic weather bears down on us midwest northeast,ENVIRONMENT
flameretardant furniture may leave a toxic legacy,ENVIRONMENT
why the climate movement should get political in,ENVIRONMENT
postal worker gets stuck in icy river where street used to be photo,ENVIRONMENT
thousands of tree swallows come to roost in front of your eyes video,ENVIRONMENT
photographer captures surreal visions of people walking on their hands,ARTS & CULTURE
a star is torn,ARTS & CULTURE
luciana souza a bossa nova baby makes her mark in the jazz realm,ARTS & CULTURE
art and science have never looked so good together,ARTS & CULTURE
this is how you brush an obscenely massive spider off your shoulder,ENVIRONMENT
west nile virus blamed for death of dozens of bald eagles in utah,ENVIRONMENT
first nighter the mets new die fledermaus far too batty,ARTS & CULTURE
the 12 weirdest and rarest items on the auction block last year,ARTS & CULTURE
ugandans fear curse of oil wealth as it threatens to blight pearl of africa,ENVIRONMENT
we dont need to tell you golden retrievers are amazing but we will anyway,ENVIRONMENT
documenting a way of life along the river gambia,ARTS & CULTURE
george sluizer and river phoenix last film for old dutch master of cinema and young american actor of movies,ARTS & CULTURE
the conscience of the king,ARTS & CULTURE
this is what happens when you combine the simpsons with an erotic photographer nsfw,ARTS & CULTURE
rachel hovnanian on the imageblog,ARTS & CULTURE
patricia terrelloneal on the imageblog,ARTS & CULTURE
michael hafftka on the imageblog,ARTS & CULTURE
the endangered species act celebrates forty years of wildlife protection video,ENVIRONMENT
the dark money in climate change,ENVIRONMENT
the global war against nature,ENVIRONMENT
counting whales in hawaii might be the best volunteer program ever,ENVIRONMENT
vinland restaurant in portland maine takes local to a new level,ENVIRONMENT
these untrained orangutans can row boats and even help humans with chores video,ENVIRONMENT
launching the dicterowdemainebiegel piano trio old school genius in the century,ARTS & CULTURE
in search of fresh holiday fare,ARTS & CULTURE
mark allen the spectator as spectacle,ARTS & CULTURE
sanjay theodore on the imageblog,ARTS & CULTURE
the top 10 arts stories of,ARTS & CULTURE
these human sculptures are enough to make your skin crawl,ARTS & CULTURE
wild birds should fly free national bird day puts our winged friends on center stage,ENVIRONMENT
merry christmas bob barker animal kingdoms superhero,ENVIRONMENT
jaime rojo on the imageblog,ARTS & CULTURE
woody allen is zhenya gershmans sunny side up,ARTS & CULTURE
sculptor louise bourgeois would turn 102 if she were alive today,ARTS & CULTURE
gregory euclide on the imageblog,ARTS & CULTURE
the 10 most unorthodox artistic depictions of jesus,ARTS & CULTURE
tis the season to be owlly,ENVIRONMENT
animal photos of the week time for everyone to celebrate the holidays,ENVIRONMENT
institutionalized insanity and humanitys existential crisis,ENVIRONMENT
former dea agent finds employment in the recreational marijuana industry,ENVIRONMENT
the 12 most talented and tiny child prodigies of,ARTS & CULTURE
welcome to the world of live animal cameras baby eagles,ENVIRONMENT
holidays in lights the top aurora videos of,ENVIRONMENT
pikas mosseating habit may help creature adapt to climate change rather than succumb to it,ENVIRONMENT
disney and oil industry team up for rocking in ohio event updated,ENVIRONMENT
a year to remember,ENVIRONMENT
still uncertain climate changes role in drought,ENVIRONMENT
maybe it was the mistletoe huge settlement in lawsuit over dirty stormwater pollution,ENVIRONMENT
baby gorilla and grandma at san francisco zoo is the cutest thing youll see today,ENVIRONMENT
eyes wide open an afghan journey photos by pia torelli,ARTS & CULTURE
finding freedom in poetry,ARTS & CULTURE
stage door hebe for the holiday,ARTS & CULTURE
caught off guard,ARTS & CULTURE
mocas art  comedy night leaves us laughing sort of freaked out,ARTS & CULTURE
artist profile jesus max,ARTS & CULTURE
for the holidays the gift of artistic expression,ARTS & CULTURE
tips to keep your dog safe this holiday season,ENVIRONMENT
10 cities that could run out of water  weathercom,ENVIRONMENT
dancing in the streets a short interview with motowns saycon sengbloh,ARTS & CULTURE
star warhols is the nerdy pop art mashup youve been waiting for,ARTS & CULTURE
ever wondered what a helicopter looks like playing hockey video,ENVIRONMENT
shells berlin science slam event reportedly disrupted by antidrilling activists video,ENVIRONMENT
massive ice floe rushes down river in colorado video,ENVIRONMENT
timelapse video of sky space and sea is absolutely amazing,ENVIRONMENT
its on oil versus electric,ENVIRONMENT
waste to waves recycling program gives foam a second oceanfriendlier life,ENVIRONMENT
lions tigers and ubuntu oh my boyd varty on the interconnected world of south africa,ENVIRONMENT
giant wooden skyscraper wins international architecture competition,ARTS & CULTURE
women on the verge of a psychotic episode,ARTS & CULTURE
first nighter robert wilsons life and death of marina abramovic martha clarkes cheri,ARTS & CULTURE
infrared photos transform nepalese landscape into psychedelic wonderland,ARTS & CULTURE
latinous cotidiano an exhibition of photographers of latino descent,ARTS & CULTURE
step inside roger ballens asylum of the birds,ARTS & CULTURE
dreamy paintings capture the dark realities of climate change,ARTS & CULTURE
13 ways to make money from your songs,ARTS & CULTURE
you get what you pay for perjury in this case,ENVIRONMENT
climate change this week the real climate tax methane mess and more,ENVIRONMENT
henry chihuahua that was shot for target practice and tortured with chemicals finds a home,ENVIRONMENT
will canada make greenhouse gas emissions reductions to win over us,ENVIRONMENT
arctic ice melt tied to heat waves and downpours in us europe and elsewhere study suggests,ENVIRONMENT
what we learned from the deadliest hurricane in us history,ENVIRONMENT
is that faux fur really fake,ENVIRONMENT
animal photos of the week baby turtles venture into the ocean,ENVIRONMENT
these photos of faces hiding in everyday life are your new favorite twitter addiction,ARTS & CULTURE
15 vegan celebrities whove given up animal products for a healthier lifestyle,ENVIRONMENT
beyond cop 19 accelerating climate protection,ENVIRONMENT
how green is your tree sustainable holiday tips,ENVIRONMENT
kitten meets bearded dragon freaks out ninjastyle video,ENVIRONMENT
getting the arctic 30 home,ENVIRONMENT
dereck and beverly joubert explorers on the front lines of lion conservation,ENVIRONMENT
feral tomcat with face ripped open finds help in the unlikeliest place,ENVIRONMENT
free mike roselle from jail free appalachia from mountaintop removal,ENVIRONMENT
7 contemporary russian and eastern european artists you should know,ARTS & CULTURE
the ridiculous man caves of australian bros,ARTS & CULTURE
reverseengineering a genius has a vermeer mystery been solved,ARTS & CULTURE
23 photos of lions to get you pumped for big cat week,ENVIRONMENT
hollywood must protect animals,ENVIRONMENT
missouri gas pipeline explodes near hughesville no injuries reported,ENVIRONMENT
climate change this week warsaw walkout clean energy pride and more,ENVIRONMENT
punk icon kathleen hanna brings riot grrl back to the spotlight,ARTS & CULTURE
you thought a rubiks cube was hard check out this rubiks building,ARTS & CULTURE
the most breathtaking photos from around the world this week,ARTS & CULTURE
in the shadow of the holocaust,ARTS & CULTURE
gingerbread art museums by caitlin levin and henry hargreaves,ARTS & CULTURE
what to do with leftover cooking oil officials urge nyc residents to keep it out of the sink,ENVIRONMENT
peter willcox american greenpeace activist jailed in russia for climate protest wont back down,ENVIRONMENT
your black friday guide to poisonfree holiday shopping,ENVIRONMENT
turkeys get spa treatment and love on thanksgiving video,ENVIRONMENT
13 photos that will make you want to become a wildlife photographer,ENVIRONMENT
controversial gmo study by gilleseric seralini retracted,ENVIRONMENT
a thanksgiving blessing for all living things,ENVIRONMENT
stage door a christmas carol,ARTS & CULTURE
jacob hashimoto on the imageblog,ARTS & CULTURE
christies tired to sell the proclamation that established thanksgiving signed by george washington,ARTS & CULTURE
us court denies halt on pipeline set to replace keystone xl northern half,ENVIRONMENT
7 strange uses for candle stubs,ENVIRONMENT
thanksgiving storm threatens holiday travel along the east coast,ENVIRONMENT
epa faces challenges to air pollution authority in supreme court cases,ENVIRONMENT
tired of negativity,ENVIRONMENT
horse on a treadmill is weird and majestic all at once video,ENVIRONMENT
ocean acidification the climate change buffer but another environmental disaster in the making,ENVIRONMENT
the climate movement needs to stop winning,ENVIRONMENT
animal photos of the week baby gibbon hangs out with his mom,ENVIRONMENT
this infinite staircase will make you believe in miracles art,ARTS & CULTURE
expanding the grid barry nemett at denise bibro,ARTS & CULTURE
stage door the commons of pensacola witnessed by the world,ARTS & CULTURE
first nighter mets second cast eugene onegin has chekhovian flair,ARTS & CULTURE
john f kennedy and poetry,ARTS & CULTURE
norman rockwells saying grace turns 62 today,ARTS & CULTURE
olek on the imageblog,ARTS & CULTURE
doug argue on the imageblog,ARTS & CULTURE
un climate talks limp toward global deal in,ENVIRONMENT
warsaw to world leaders you have your work cut out for you,ENVIRONMENT
amidst typhoons and climate change us spying network shows contempt for environment,ENVIRONMENT
helium too precious for party balloons says chemist,ENVIRONMENT
scientists identify more than 2300 irreplaceable places key to wildlifes survival,ENVIRONMENT
the nature conservancy photo contest finals are here and they are absolutely beautiful,ENVIRONMENT
13 aweinspiring facts about the environment,ENVIRONMENT
700 hot air balloons one mind blowing time lapse video,ARTS & CULTURE
& fifth arrival by morrison heckscher video,ARTS & CULTURE
& fifth reading matisse by rebecca rabinow video,ARTS & CULTURE
to be young gifted and a classical musician,ARTS & CULTURE
& fifth be prepared by constance mcphee video,ARTS & CULTURE
& fifth dream logic with joseph scheierdolberg video,ARTS & CULTURE
& fifth accident by samantha rippner video,ARTS & CULTURE
& fifth nosing around by julie jones video,ARTS & CULTURE
& fifth boy geniuses by timothy b husband video,ARTS & CULTURE
catching up with mansuns paul draper,ARTS & CULTURE
an interview with photographer leonard nimoy,ARTS & CULTURE
on the a wsouleo stax records book explores issues of race,ARTS & CULTURE
the anonymous world of quilting viewed through the eyes of a feminist,ARTS & CULTURE
illinois tornado wreaks havoc near peoria,ENVIRONMENT
a look back at the kauai gmo protests,ENVIRONMENT
super typhoon haiyan realities of a warmed world,ENVIRONMENT
kauai county council override frees way for gmo bill,ENVIRONMENT
animal photos of the week baby zebra greets the world,ENVIRONMENT
this rabbit eating in slow motion is absolutely enthralling video,ENVIRONMENT
peccary pups at san francisco zoo are the cutest things youve never heard of,ENVIRONMENT
val britton on the imageblog,ARTS & CULTURE
reflections on eddie peakes performa 13 commission,ARTS & CULTURE
this is how you turn a single tissue into an entire zoo,ARTS & CULTURE
in santa barbara a masterfully presented delacroix exhibition,ARTS & CULTURE
miyoshi barosh on the imageblog,ARTS & CULTURE
thousands march outside the un climate talks in warsaw poland,ENVIRONMENT
obama praises us oil production as tremendous step towards american energy independence,ENVIRONMENT
new member could tip balance on kauai county council on pesticide bill,ENVIRONMENT
day of shame michigan wolf slaughter commences,ENVIRONMENT
animal photos of the week baby tiger goes for a swim,ENVIRONMENT
want to win the climate debate stop debating,ENVIRONMENT
un climate talks may only bring moderate progress as rich nations worry about economy,ENVIRONMENT
labrador with skin infection slowly recovers,ENVIRONMENT
zoo animals eating pumpkins is the best thing youll see this weekend photos video,ENVIRONMENT
why i love talkbacks and why you should too,ARTS & CULTURE
hawaiis invasive species might be cute but theyre a huge island threat,ENVIRONMENT
government to use eagle scouts raptor trap at airports,ENVIRONMENT
smart wheel by flykly could change everything about commuting,ENVIRONMENT
teen wows science fair with bodyheat powered flashlight,ENVIRONMENT
an electric school bus could be coming to a school near you,ENVIRONMENT
these dazzling blinged out skulls will leave you yearning for the afterlife,ARTS & CULTURE
in praise of musical intelligence,ARTS & CULTURE
15 remarkable colorized photos will let you relive history,ARTS & CULTURE
landscape photographer of the year awards showcase the uks stunning beauty,ENVIRONMENT
autumn dispatch from the hills and hollers of west virginia,ENVIRONMENT
rules of the road needed for north american energy,ENVIRONMENT
oil & gas talking points start to unravel,ENVIRONMENT
why did the cheetah lick the gopro camera,ENVIRONMENT
the digital life,ENVIRONMENT
shrimp parasite causing mass dieoff in georgia south carolina as black gill disease spreads,ENVIRONMENT
verdis egypt,ARTS & CULTURE
first nighter julie taymors a midsummer nights dream hits and misses,ARTS & CULTURE
10 hyperrealistic paintings that will forever pervert your view of art history nsfw,ARTS & CULTURE
mesmerizing photos from the largest spiritualist community in the world,ARTS & CULTURE
discovering muslim women in six words,ARTS & CULTURE
wangechi mutu on the imageblog,ARTS & CULTURE
protecting rivers reducing climate vulnerability,ENVIRONMENT
frack check videos blast claims made by colorado oil and gas industry,ENVIRONMENT
squirrelus interruptus 5 things shut down by squirrels,ENVIRONMENT
white nose syndrome batkilling fungus is all but invincible study finds,ENVIRONMENT
did mayor undermine kauai councils legal fight against biotech giants,ENVIRONMENT
huge surf on north shore of oahu shows you dont have to go to nazaré to see natures fury,ENVIRONMENT
americana in revival,ARTS & CULTURE
really got a hold on his dreams charl brown on becoming smokey robinson never giving up and beyoncé,ARTS & CULTURE
from the boardroom to the gallery women shut out,ARTS & CULTURE
stunning vintage photos of travellers children in 1980s london,ARTS & CULTURE
calvin and hobbes animated short makes everything right in the world,ARTS & CULTURE
kittens and puppies in slow motion are too cute for words video,ENVIRONMENT
the trail of the whales look how far weve come,ENVIRONMENT
an escape goat makes a grand getaway,ENVIRONMENT
animal photos of the week time for animal halloween,ENVIRONMENT
brown universitys misguided vote to not divest from coal,ENVIRONMENT
the war against wolves and wildlife time to stop the killing,ENVIRONMENT
artist tackles beijings smog problem with a giant vacuum cleaner,ARTS & CULTURE
lou reed,ARTS & CULTURE
stage door big fish a mindbending evening of beckett the snow geese,ARTS & CULTURE
chemically sensitive find sanctuary in fragrancefree churches,ENVIRONMENT
dog loses leg but not his love for life,ENVIRONMENT
giant floating whale carcass could attract sharks close to hawaii shore,ENVIRONMENT
crazy ants spreading throughout gulf coast defying extermination,ENVIRONMENT
moscow maelstrom lightweight biennale outshone by satellite shows & atypical art fair,ARTS & CULTURE
somali pirate movies take hollywood,ARTS & CULTURE
humiliation family style,ARTS & CULTURE
the most amazing unknown buildings in the world,ARTS & CULTURE
1000 epic shipwreck photos reveal the dangerous history of life at sea,ARTS & CULTURE
meet franksy banksys biggest canine fan,ARTS & CULTURE
christopher colville on the imageblog,ARTS & CULTURE
bulldogs being bulldogs compilation is exactly what you want it to be,ENVIRONMENT
animal photos of the week wolves giraffes and baby dolphins,ENVIRONMENT
in first vote columbia college students back fossil fuel divestment,ENVIRONMENT
natural gas from cows argentine scientists tap methane in bovine burps,ENVIRONMENT
paula modersohnbecker the first modern woman artist,ARTS & CULTURE
totem cirque du soleil san pedro ca,ARTS & CULTURE
do ho suh turns household appliances into ghostly specimens,ARTS & CULTURE
jellyfish stings an increasing public health concern experts say,ENVIRONMENT
long island pumpkin snatcher on the loose after swiping 600 gourds,ENVIRONMENT
actress rachelle lefevre takes on car idlers pollution in hilarious psa,ENVIRONMENT
australian firefighter captures terrifying video of bush fire with gopro camera,ENVIRONMENT
huge gmo news,ENVIRONMENT
little platypus loves her little belly rubbed,ENVIRONMENT
why kansas city swing means so much to me,ARTS & CULTURE
these artists were brought to you by the letter c,ARTS & CULTURE
14 new mustsee public artworks across the globe,ARTS & CULTURE
artist hetain patel turns old ford into transformer video photos,ARTS & CULTURE
something to keep in mind next time youre thinking about ordering crab or lobster,ENVIRONMENT
animal photos of the week hippos wallabies and bald eagles,ENVIRONMENT
ubiquitous plastics toxic sponges extraordinaire,ENVIRONMENT
feds and bp clash over barrels spilled at macondo trial,ENVIRONMENT
8 superlative spiders,ENVIRONMENT
electric car charger company ecotality goes bankrupt stranding 13000 docking stations,ENVIRONMENT
alex solis übercreative instagram makes us feel bad about our own instagrams,ARTS & CULTURE
stage door the glass menagerie arguendo,ARTS & CULTURE
is music the key to success  nytimescom,ARTS & CULTURE
20 famous architects design doll houses for kids,ARTS & CULTURE
first nighter brittens midsummer nights dream dreamy at the met,ARTS & CULTURE
7 out of control lego sculptures that will leave you speechless,ARTS & CULTURE
corporations have personhood why not dogs updated,ENVIRONMENT
kitten stuck in a drain pipe for nine hours walks away unscathed,ENVIRONMENT
india must rename cyclone phailin and call attention to global warming,ENVIRONMENT
breast cancer and dogs the next canaries in the coal mine,ENVIRONMENT
the 10 strangest fall traditions in the us,ENVIRONMENT
bold exhibition explores man rays other passion printmaking,ARTS & CULTURE
may the lord take a liken to you north by south theatre los angeles glendale ca,ARTS & CULTURE
agents of change,ARTS & CULTURE
angel of peace award granted for extreme good,ARTS & CULTURE
little ponies horsing around just a little,ENVIRONMENT
baby elephant for dinner,ENVIRONMENT
animal photos of the week orangutans rhinos and baby lions,ENVIRONMENT
shark shield offers discount to reunion island surfers,ENVIRONMENT
bps missteps delayed its spill response trial witnesses say,ENVIRONMENT
nebraska tornado may have been ef4 weather service says,ENVIRONMENT
character assassin act out mystery theatre long beach ca,ARTS & CULTURE
baby otter acts and plays just like a dog video,ENVIRONMENT
disabled kitten uses walker to take first steps,ENVIRONMENT
kids push merrygoround to generate electricity for night study in ghana,ENVIRONMENT
bear breaks into home in russia eats borscht soup before residents call police photos,ENVIRONMENT
tiger attack at oklahoma zoo leaves worker injured after she sticks her arm inside cage,ENVIRONMENT
steal this democracy,ENVIRONMENT
greenpeace stages vigils for activists held in russia on piracy charges,ENVIRONMENT
9 refreshing uses for hydrogen peroxide,ENVIRONMENT
a stunning color coordinated photo journey through kenya,ARTS & CULTURE
impossible dreams,ARTS & CULTURE
alchemy and star stuff the work of adam lovitz,ARTS & CULTURE
modern nature exhibit explores georgia okeeffes love affair with the adirondacks,ARTS & CULTURE
possible ecoterrorists attack genetically modified papayas on the big island,ENVIRONMENT
baby elephant discovering his own trunk and feet is just precious,ENVIRONMENT
14 unexpected uses for salt,ENVIRONMENT
first nighter massive attack v adam curtis explains todays world but not really,ARTS & CULTURE
new exhibition explores andy warhols relationship with books,ARTS & CULTURE
ksurrogates examines femininity in contemporary korea,ARTS & CULTURE
puppies experiencing fall for the first time will make your heart explode,ENVIRONMENT
national geographic celebrates 125 years of photographs with the magazines most iconic images,ENVIRONMENT
can louisiana gov bobby jindal make the big oil lawsuit go away,ENVIRONMENT
dead fish from molasses spill will be turned into fertilizer,ENVIRONMENT
damaged goods,ARTS & CULTURE
umelt rides again,ARTS & CULTURE
a shattered glass menagerie,ARTS & CULTURE
nyff guide week 1 top 5 mustsee films,ARTS & CULTURE
first riot grrrl exhibition explores the lasting impact of the punk feminist movement,ARTS & CULTURE
photographer captures the monopoly properties in real life,ARTS & CULTURE
art as response to attacks on lgbt rights in russia on the eve of the sochi olympics,ARTS & CULTURE
this cat was saved from the brink of death,ENVIRONMENT
animal photos of the week panda leopards and more pictures,ENVIRONMENT
where are we going to get new energy,ENVIRONMENT
keystone xl pipeline protesters to obama no planet drama,ENVIRONMENT
womens leadership will strengthen climate action,ENVIRONMENT
kubricks  a space odyssey wows in concert,ARTS & CULTURE
strange and beautiful hunting rituals from around the world,ARTS & CULTURE
artists bring giant led sun to darkest parts of the world,ARTS & CULTURE
time to draw the line,ENVIRONMENT
hundreds of events draw the line against keystone xl & tar sands,ENVIRONMENT
what its like to live near a shitprocessing facility,ENVIRONMENT
15 things we wish we could strap a gopro to,ENVIRONMENT
squeaky toy plus pug equals tongue video,ENVIRONMENT
california fracking bill signed into law by governor jerry brown,ENVIRONMENT
lucky the wallaby saved from creek by recent cpr trainee,ENVIRONMENT
first day of fall  the autumnal equinox is here,ENVIRONMENT
the devil is in the details,ARTS & CULTURE
facebook as an artistic platform an interview with pe sharpe,ARTS & CULTURE
deliciously bizarre cartoons turn puppies into bros frogs into nerds,ARTS & CULTURE
fall art exhibitions  25 shows that will rock the art world,ARTS & CULTURE
poster boy,ARTS & CULTURE
9 great public transit options for sightseeing,ENVIRONMENT
puppy family photo proves what unites us is cuter than what divides us,ENVIRONMENT
this adorable labrador retriever loves life despite his worsening illness,ENVIRONMENT
bald eagle conservation is an amazing success story as birds thrive in chesapeake bay,ENVIRONMENT
honolulu molasses spill highlights lack of regulation,ENVIRONMENT
no major us hurricane has hit since  why,ENVIRONMENT
landmark majuro declaration could determine our childrens future video,ENVIRONMENT
artist creates perfect illustrations for roald dahls wonderfully dark tales,ARTS & CULTURE
that which might have been birmingham   50 year anniversary,ARTS & CULTURE
first nighter david staller tells bernard shaws you never can tell rather well,ARTS & CULTURE
equus at the long beach playhouse studio theatre,ARTS & CULTURE
13 miniatures bravely exploring the great big outdoors,ARTS & CULTURE
ecollar alternatives 5 petfriendly substitutions for the cone of shame,ENVIRONMENT
timelapse video of mount diablo morgan fire is unbelievable,ENVIRONMENT
colorado flooding did climate change play a role in recent disaster,ENVIRONMENT
microgrids in nyc & conn  a new kind of power struggle,ENVIRONMENT
the most important climate pacts youve never heard of,ENVIRONMENT
molasses spill causing coral reef death,ENVIRONMENT
tar sands and dirty tricks,ENVIRONMENT
who wore it better nature vs fashion edition,ARTS & CULTURE
bed betrayal and beyond,ARTS & CULTURE
andrew brandmeyer,ARTS & CULTURE
has the art worlds enfant terrible bjarne melgaard kept his edge,ARTS & CULTURE
obamas keystone xl tradeoff executive order expediting everything else,ENVIRONMENT
dogs help military veterans cope with civilian life,ENVIRONMENT
gmos are tearing tropical paradise apart,ENVIRONMENT
lightning timelapse video filmed in washington state is incredibly mesmerizing,ENVIRONMENT
token adams missing new mexico firefighter found dead in santa fe national forests stable mesa area,ENVIRONMENT
atlantic hurricane season off to a slow start despite forecasts,ENVIRONMENT
dog thrown from moving car breaks back  but not spirit,ENVIRONMENT
sheepish teacher shows young bull how to do bull stuff video,ENVIRONMENT
6376 acres of sierra wilderness saved in landmark deal,ENVIRONMENT
best of toronto  mais darwazahs my love awaits me by the sea,ARTS & CULTURE
girls gone wild,ARTS & CULTURE
liz glynn on building a cosmological yurt for doug aitkens art train,ARTS & CULTURE
doug aitkens nomadic extravaganza station to station kicks off,ARTS & CULTURE
this sweet cat was rescued from a hoarder nightmare,ENVIRONMENT
famous us animals to honor on labor day,ENVIRONMENT
stop wildlife crime world wildlife fund web series highlights global poaching crisis video,ENVIRONMENT
5 national park sites to see over labor day photos,ENVIRONMENT
photo of rescued kittens captures cats in adorable hip hip hooray pose,ENVIRONMENT
working on a dream,ENVIRONMENT
meatless monday rip esselstyn has the last laugh,ENVIRONMENT
a bet on the environment,ENVIRONMENT
island nations lead where all must follow in a looming climate crisis,ENVIRONMENT
protecting dolphins a right to life,ENVIRONMENT
hyperrealist artist painted eyes until he got really really good at it,ARTS & CULTURE
meet julia margaret cameron the victorian queen of contemporary photography,ARTS & CULTURE
at the zoo dreaming of home,ARTS & CULTURE
rim fire development held back in yosemite by california firefighters,ENVIRONMENT
fukushimas radioactive plume could reach us waters by,ENVIRONMENT
mind the carbon gap,ENVIRONMENT
animal photos of the week tiger cubs pandas rhinos and more pictures,ENVIRONMENT
astounding personal shots of hurricane sandy,ARTS & CULTURE
guy diehl a dialogue with tradition at dolby chadwick gallery,ARTS & CULTURE
trippy fractals capture the kaleidoscopic beauty of architecture,ARTS & CULTURE
high lineinspired park could be coming to queens,ARTS & CULTURE
elephant attacks car during a safari video,ENVIRONMENT
animal myths how much do you know,ENVIRONMENT
why are panda babies so small panda researcher fingers bamboo updated,ENVIRONMENT
climate change could turn greenland well green,ENVIRONMENT
keevan dinkel alaska boy wins annual cabbage contest,ENVIRONMENT
louisiana gives the green light to a publicly opposed coal terminal,ENVIRONMENT
gorgeous blackandwhite storm photos will make you feel really really small,ARTS & CULTURE
the 20 best ai weiwei selfies,ARTS & CULTURE
why poetry makes sense an interview with stephen burt,ARTS & CULTURE
ghosts expo arts center long beach,ARTS & CULTURE
amazon art  reverie arts  peace angels project,ARTS & CULTURE
rites of passage,ARTS & CULTURE
national zoos panda baby gets first checkup photos,ENVIRONMENT
animal photos of the week orangutans polar bears and more pictures,ENVIRONMENT
mapping in a major and minor key lisa c sotos recent installations and sculptural wall pieces,ARTS & CULTURE
the cosmos through the eyes of scifi film directors,ARTS & CULTURE
the daily lives of wookiees as captured by photographer mako miyamoto,ARTS & CULTURE
catching up with jordan rudess,ARTS & CULTURE
jub jub the dog could be the most adorable hilarious st bernard on instagram photos video,ENVIRONMENT
sweet dogs dumped at the shelter almost run out of time,ENVIRONMENT
us wild pig problem irks state officials,ENVIRONMENT
dana schutz paints the most beautiful awkward moments youve ever seen,ARTS & CULTURE
anna craycroft on being understood,ARTS & CULTURE
everyday household items transformed into dazzling visual landscapes,ARTS & CULTURE
just relax and enjoy it,ARTS & CULTURE
saving rhinos the work of an antipoacher,ENVIRONMENT
9 inspiring animals that use prosthetics,ENVIRONMENT
why plastic bag bans are being fought by the recycling industry,ENVIRONMENT
this beautiful cat cheated death against all the odds,ENVIRONMENT
where did all the farmers go,ENVIRONMENT
major airline climate decision flying under the radar,ENVIRONMENT
eastern black rhino endangered species born at zoo atlanta photo,ENVIRONMENT
public opposition to plaquemines parish coal terminals grows,ENVIRONMENT
milk carton projects diy tips for creative ways to reuse old jugs,ENVIRONMENT
fracking protest in england reflects public outcry against cuadrilla resources drilling,ENVIRONMENT
a behind the scenes look into putting an exhibit together an artists perspective,ARTS & CULTURE
these grotesque dreamlike portraits are gonna stick with you,ARTS & CULTURE
what would the original vamp say to her therapist,ARTS & CULTURE
rosanna davisons peta ad is hot  like a chili pepper nsfw photo,ENVIRONMENT
activists raise a stink over massive gowanus canal development,ENVIRONMENT
american military wildlife finally learning to coexist,ENVIRONMENT
energy prices shock hawaii farmers into alternatives  honolulu civil beat,ENVIRONMENT
ecuador president rafael correa chevron is enemy of our country,ENVIRONMENT
culinary pet names 11 monikers reminiscent of food and drink,ENVIRONMENT
an interview with taymour grahne on the occasion of the opening of his gallery in new york,ARTS & CULTURE
the empire strikes,ARTS & CULTURE
generative gatsby artist turns american classic into a jazzinspired typography experiment,ARTS & CULTURE
how does a dog see the world,ENVIRONMENT
georgia aquariums beluga request rejected by us drawing praise from animal advocates,ENVIRONMENT
malnourished english bulldog dumped on the street after giving birth video,ENVIRONMENT
a texan tragedy,ENVIRONMENT
watch this deepsea crab get an icy surprise,ENVIRONMENT
chinas pollution crisis to be tackled head on with more cash,ENVIRONMENT
oil gas officials seek to change tone of fracking debate,ENVIRONMENT
theatre of the autoimmune system,ARTS & CULTURE
get excited walter white fans a breaking bad exhibit is open in nyc,ARTS & CULTURE
catadores at picture this gallery long beach ca,ARTS & CULTURE
musician turns ukulele into a hiphop beat machine,ARTS & CULTURE
this hedgehog cleaning her feet could be the most adorable thing youve ever seen video,ENVIRONMENT
underwater heatwave sending fish sea critters fleeing for the poles,ENVIRONMENT
rooftop gardens on buses makes total sense and heres why,ENVIRONMENT
photographer captures waves of trash in indonesia,ENVIRONMENT
talking with the hitman an interview with jonathan banks of breaking bad,ARTS & CULTURE
knitted bridge will be the biggest yarnbombing in the united states,ARTS & CULTURE
chuck close up close at guild hall,ARTS & CULTURE
10 of the most expensive artworks on amazon art,ARTS & CULTURE
video electric fan and heat danger,ENVIRONMENT
chevron refinery protest in california sees over 200 arrests,ENVIRONMENT
animal photos of the week baboons giraffes elephants and more,ENVIRONMENT
overbred german shepherd survives breast cancer video,ENVIRONMENT
przewalskis horse foal born by artificial insemination,ENVIRONMENT
protecting what were afraid of,ENVIRONMENT
how to regrow food from scraps,ENVIRONMENT
poacher hell,ENVIRONMENT
minimalist vine videos this is how you make interesting sixsecond artworks videos,ARTS & CULTURE
the kitchen witches little fish theatre,ARTS & CULTURE
ravens & writing desks the garage theatre in collision with alive theatre long beach ca,ARTS & CULTURE
a closer look at poes windfall poem,ARTS & CULTURE
a deep melancholy thats not just personal,ARTS & CULTURE
massive rotating skyscraper is an actual design by dynamic architecture video,ARTS & CULTURE
this bison really really loves carrots photo,ENVIRONMENT
lead paint makers could face the same fate as big tobacco,ENVIRONMENT
john hammack killed while battling oregon wildfire another firefighter injured,ENVIRONMENT
warning side effects of climate change in moose may include hair loss and even death,ENVIRONMENT
shark cull announced by france follows second fatal attack off réunion island this year,ENVIRONMENT
why does your dog cock its head,ENVIRONMENT
climate change this week burn baby burn sea rise lockin and more,ENVIRONMENT
nan goldins intimate side on display at qf gallery photos,ARTS & CULTURE
marlene dumas birthday 8 of the south africans painters best works photos,ARTS & CULTURE
let us now sing about the warmed earth,ENVIRONMENT
obama questions keystone xl pipeline job projections,ENVIRONMENT
cat with duck will make you miss your childhood stuffed animal photo,ENVIRONMENT
public slaughter,ENVIRONMENT
the world snail racing championship happened and we have a winner video,ENVIRONMENT
watch after a caged life beagle finally finds freedom,ENVIRONMENT
how one family went from seaworld fans to foes in a single show,ENVIRONMENT
colony collapse disorder it wont be solved with the banning of a single pesticide,ENVIRONMENT
marcel duchamp birthday readymade master turns 126 photos,ARTS & CULTURE
vince low pays homage to famous dyslexics with realistic scribble sketches photos,ARTS & CULTURE
sunset boulevard musical theatre west,ARTS & CULTURE
orphan fruit bat babies may make you rethink everything you ever felt about the species video,ENVIRONMENT
dont be afraid to adopt an older dog says photographer,ENVIRONMENT
carbon dioxide power plants could the greenhouse gas be used to generate electricity,ENVIRONMENT
kemosabe the chatty porcupine eats a banana video,ENVIRONMENT
the body is absent in antibody photos,ARTS & CULTURE
the power of three,ARTS & CULTURE
behold the glory of 70s and 80s jersey shore photo,ARTS & CULTURE
artist pablo iranzo creates series of vomiting musical icons photos,ARTS & CULTURE
birdsong app called chirp angers conservationists,ENVIRONMENT
the most painful insect stings  weathercom,ENVIRONMENT
michael levi talks fracking clean energy and more at aspen ideas festival video,ENVIRONMENT
honeycombinspired modular furniture for everchanging homes,ENVIRONMENT
how to survive a lightning strike,ENVIRONMENT
polydactyl cats the felines with extra toes,ENVIRONMENT
sea slugs beautiful aliens of the deep photos,ENVIRONMENT
geometric sand castles like youve never seen before photos,ARTS & CULTURE
northeast heat wave the end is in sight as cold front brings storms this weekend,ENVIRONMENT
palo verde beetles huge horny bugs descend on arizona looking for love video,ENVIRONMENT
newborn puppy photos from their first three weeks of life,ENVIRONMENT
bald eagle flies above the water at bullards bar photo,ENVIRONMENT
june temperatures continue string of 340 consecutive warmerthanaverage months,ENVIRONMENT
these animal selfies prove that cats dogs and sloths take the best selfportraits photos,ENVIRONMENT
james turrell artwork found in malibu beach house,ARTS & CULTURE
judy chicago birthday celebrating the feminist art pioneer photos interview,ARTS & CULTURE
barre none london inspires,ARTS & CULTURE
lost utopias kickstarter aims to photograph every worlds fair site in north america photos,ARTS & CULTURE
water water everywhere,ARTS & CULTURE
animal photos of the week baboons elephants tigers and more pictures,ENVIRONMENT
micro pig enjoys having a tummy rub video,ENVIRONMENT
bergen international festival celebrates the old and welcomes the new,ARTS & CULTURE
mickalene thomas on the imageblog,ARTS & CULTURE
ryan gosling urges end to gestation crates for pigs,ENVIRONMENT
brink weather channel series features activists fighting to save endangered species,ENVIRONMENT
blind dog discarded by owners finds new home,ENVIRONMENT
lighting strikes power lines right outside home freaks videographer out,ENVIRONMENT
us wildfire interactive shows rising temperatures less snowfall are leading to more fires,ENVIRONMENT
alpacas find new dust bath and jump for joy video,ENVIRONMENT
sea level rise study shows each degree of warming could bring 23 meter shift,ENVIRONMENT
edward albee and faith ringgold at arthamptons in its sixth installment,ARTS & CULTURE
shinique smith on the imageblog,ARTS & CULTURE
mie olise on the imageblog,ARTS & CULTURE
they left their hearts in san francisco,ARTS & CULTURE
vincent kartheiser as mr darcy what the mad men star looks like with mutton chops photos,ARTS & CULTURE
my secret summer with anna k,ARTS & CULTURE
rescued art meet rodney parrott the king of thrift store finds photos,ARTS & CULTURE
animal photos of the week monkeys giraffes pandas and more pictures,ENVIRONMENT
bp oil spill claims climb as they head to appeals court,ENVIRONMENT
how to talk to your parents about climate change,ENVIRONMENT
video snow plows needed in july,ENVIRONMENT
overbred and abandoned taiwanese german shepherd finds a home in america video,ENVIRONMENT
10 close shark encounters that will have you on the edge of your seat video,ENVIRONMENT
amateur singer emma robinsons voice naturally sounds autotuned video,ARTS & CULTURE
brian stokes mitchell to open starry summer nights series at nycs town hall,ARTS & CULTURE
marc chagall birthday celebrating the dreamy work of an expressionist great photos,ARTS & CULTURE
gosia wlodarczaks room without a view shows what happens when an artist spends 17 days in a box photos,ARTS & CULTURE
what obama said the optimists translation,ENVIRONMENT
climate change through sound video shows rising temperatures with cello music,ENVIRONMENT
arizona wildfire nearly contained as nevada blaze flares up,ENVIRONMENT
world orangutan day a celebration of conservation,ENVIRONMENT
baby sloth eating breakfast at minnesota zoo will make your day video,ENVIRONMENT
inspiring wildlife conservation with photography,ENVIRONMENT
dancing till dawn in warsaw,ARTS & CULTURE
teachable moments,ARTS & CULTURE
vigils long beach playhouse studio theatre long beach,ARTS & CULTURE
brigitte engler on the imageblog,ARTS & CULTURE
joshua dildine on the imageblog,ARTS & CULTURE
postballets playful new san francisco season,ARTS & CULTURE
the gospel of mary magdalene a feast for ears eyes and mind from san francisco opera,ARTS & CULTURE
frida kahlo birthday beloved mexican artist turns 106 photos,ARTS & CULTURE
laura mcphee river of no return,ARTS & CULTURE
night parrot nocturnal bird in australia seen alive for first time in over a century,ENVIRONMENT
last stop  the grand canyon,ENVIRONMENT
american animals the most patriotic species in the us,ENVIRONMENT
green inventions 10 hot ecoinnovations that could change the planet photos,ENVIRONMENT
worst invasive species 10 frustrating plants and animals that make you scream photos,ENVIRONMENT
the first sounds ever heard on earth a conversation with soundscape artist bernie krause,ARTS & CULTURE
barre none after the dream,ARTS & CULTURE
joachim seinfeld in the imageblog,ARTS & CULTURE
james williams iii on the imageblog,ARTS & CULTURE
pieter hugo on the imageblog,ARTS & CULTURE
miyoshi barosh in the imageblog,ARTS & CULTURE
moving image our week in photos,ARTS & CULTURE
paco pomets surreal paintings take vintage photography to the next level photos,ARTS & CULTURE
cat yoga feline tries to get physical when human leaves the room photo,ENVIRONMENT
madagascar giant tortoises now extinct could be replaced with new imported species,ENVIRONMENT
in the shit with thoreau a walden for the anthropocene,ENVIRONMENT
arizona wildfire prompts evacuation of 50 homes 19 firefighters dead updated,ENVIRONMENT
deathly ill kitten makes full recovery video,ENVIRONMENT
baby gorilla twins have an adorable playdate in rwandas volcanoes national park video,ENVIRONMENT
the underbelly of rodeos busting the american myth,ENVIRONMENT
carbon pricing proves a success in australia but conservatives pledge to kill it,ENVIRONMENT
urban backyards 5 ways citydwellers can use small outdoor spaces,ENVIRONMENT
hollywood fringe dick and jayne get a life lounge theatre,ARTS & CULTURE
dozens hospitalized as us west bakes,ENVIRONMENT
time is ticking for obamas climate agenda,ENVIRONMENT
what the heck is that animals you didnt know existed,ENVIRONMENT
utah tar sands will the us join canada in tapping the bottom of the barrel,ENVIRONMENT
reef ball green burial system could help restore damaged ecosystems photos,ENVIRONMENT
nrdc beach report highlights 11 repeat offenders for water contamination photos,ENVIRONMENT
10 of the oddest marine animals,ENVIRONMENT
micro plastics used in personal grooming products harming the great lakes researchers say,ENVIRONMENT
rightwing leftwing we all like utility bill savings,ENVIRONMENT
volvos electric road could power future generations of green vehicles photo,ENVIRONMENT
malaysias air pollution calls for state of emergency as indonesia continues smoking,ENVIRONMENT
poodle cat new breed of feline is adorably fluffy video,ENVIRONMENT
kirkenes norway may be getting closer to asia thanks to melting ice climate change,ENVIRONMENT
spicebush swallowtail larvae may be the coolest bugs ever photo,ENVIRONMENT
baby ostrich video shows bird fighting sleep,ENVIRONMENT
40 beagles rescued from a testing lab in spain come to america,ENVIRONMENT
dog buries dead puppy in astounding act of mourning video,ENVIRONMENT
uses for dental floss 12 quick tricks around the house photos,ENVIRONMENT
tomás saracenos in orbit is his largest exhibition to date photos,ARTS & CULTURE
what are you bringing to new york energy week,ENVIRONMENT
rogue elephants in kenya moved to meru national park photos,ENVIRONMENT
sherwin smith tennessee official says water quality complaints could be act of terrorism audio,ENVIRONMENT
discovering a whole new universe in the soil,ENVIRONMENT
internet energy efficiency nrdc study questions power drain from routers modems,ENVIRONMENT
cat health problems pet owners often overlook photos,ENVIRONMENT
gina the dobermans amazing litter of 13 puppies photos,ENVIRONMENT
betty draper photo by frank ockenfels will fulfill your mad men fantasies photo,ARTS & CULTURE
inez & vinoodh photographs head to gagosian gallery nsfwphotos,ARTS & CULTURE
soundimage two artists a playlist some headphones and a show,ARTS & CULTURE
when it comes to redheads color me smitten,ARTS & CULTURE
taking responsibility for our own decisions,ARTS & CULTURE
president obama dad to dad please take action on global warming,ENVIRONMENT
animal fathers 12 of the best nonhuman dads out there photos,ENVIRONMENT
louisianas pointeauchien tribe struggles to preserve its way of life,ENVIRONMENT
solar impulse plane lands at washington dulles international airport after flight from st louis,ENVIRONMENT
suffering and neglected dog with cancer is rescued and becomes therapy dog to cancer patients,ENVIRONMENT
8 poisonous foods we commonly eat,ENVIRONMENT
ethan hawke the purge actor talks environmental activism,ENVIRONMENT
southern tamandua born at buffalo zoo photos,ENVIRONMENT
caption this chipmunk caught in the act photo,ENVIRONMENT
displaced visions exhibit israel museum explores the role of immigrants in early photography photos,ARTS & CULTURE
fathers day art best portrayals of fatherhood from the heartwarming to the bizarre photos,ARTS & CULTURE
boy oh boy explores cultural resistance via male photographic portraits photos,ARTS & CULTURE
climate change this week arctic carbon bomb california cleaning and more,ENVIRONMENT
whale resembles alien creature while feeding on school of fish photos,ENVIRONMENT
supermarket without bees what would the produce section look like without pollinators photos,ENVIRONMENT
puppy vs kiddie pool dog tries to swim without getting her butt wet video,ENVIRONMENT
baby gorilla yawns after charming caretakers at columbus zoo photos,ENVIRONMENT
underwater poker game from is our photo of the day photo,ARTS & CULTURE
jason yarmosky celebrates aging childhood icons in painting series with his grandparents,ARTS & CULTURE
city on fire,ARTS & CULTURE
first nighter london consumer report on sweet bird merrily worthwhile others,ARTS & CULTURE
hollywood fringe if youre watching this im dead elephant stages hollywood,ARTS & CULTURE
jew york art exhibition at zach feuer gallery looks divine photos,ARTS & CULTURE
hula painted frog newly rediscovered species in israel reclassified into extinct genus,ENVIRONMENT
jellyfish cover beach in merseyside england photo,ENVIRONMENT
climate change and the nile floods from major rivers around the world may increase,ENVIRONMENT
animal photos of the week red pandas lemurs monkeys and more pictures,ENVIRONMENT
public private funds revive 1940sera recreation center in new orleans,ENVIRONMENT
byebye martha stewart,ENVIRONMENT
two iowa energy headlines that say a lot about the electricity market and policy changes,ENVIRONMENT
national elephant center in central florida to house dozens of retired animals video,ENVIRONMENT
on the trail of the whales,ENVIRONMENT
abandoned dog born with genetic defects finds the perfect home,ENVIRONMENT
national geographic traveler photo contest receives stunning entries,ENVIRONMENT
photo ayeaye may be the worlds ugliest or strangely cutest animal,ENVIRONMENT
coal 101 sierra club video targets controversial energy source,ENVIRONMENT
sloth images feature photogenic creatures rescued after home destroyed in suriname photo video,ENVIRONMENT
mark oconnor violinist and former child prodigy celebrates 40 years of music photos,ARTS & CULTURE
audrey niffenegger art awake in the dream world presents surreal portraits of mystical women photos,ARTS & CULTURE
tony awards  follow along for live updates liveblog,ARTS & CULTURE
when poetry and astronomy meet,ARTS & CULTURE
hollywood fringe love actually isnt the flight theatre at the complex hollywood,ARTS & CULTURE
celebrate world oceans day together we have the power to protect the oceans,ENVIRONMENT
belinda carlisle on peta ad with gogos bandmates it was clever and would get people talking,ENVIRONMENT
use old spices around the house to avoid waste photos,ENVIRONMENT
is wastefree packaging on the horizon,ENVIRONMENT
giant panda camera trap captures elusive animals in chinese wilderness video photos,ENVIRONMENT
gowanus canal pollution photos by william miller show devastating beauty of toxic channel,ENVIRONMENT
too beautiful to be real 16 surreal landscapes found on earth,ENVIRONMENT
animal commuters strangest creatures found on public transit around the world video,ENVIRONMENT
goats standing on things video,ENVIRONMENT
world ocean day  beautiful wave maker voyage,ENVIRONMENT
thomas williams bringing bay area art to london,ARTS & CULTURE
frank lloyd wright birthday a look at his iconic designs photos,ARTS & CULTURE
mike kelley eternity is a long time in milan photos,ARTS & CULTURE
theater yo figaro 90210 and somewhere almost fun,ARTS & CULTURE
if these walls could talk,ARTS & CULTURE
through the lens of helmut newton,ARTS & CULTURE
foraging tips dos and donts when sourcing your own food,ENVIRONMENT
5 super cool energy projects being backed by the us government,ENVIRONMENT
sloth pictures show animals quirky side after woman rescues hundreds photo,ENVIRONMENT
animal photos of the week pregnant panda capuchin monkey and more pictures,ENVIRONMENT
the less than eternal sea,ENVIRONMENT
the most disastrous states in the us,ENVIRONMENT
shark tourism worth more than killing them for food new study shows,ENVIRONMENT
tala madanis painted world of middle aged men photos,ARTS & CULTURE
search for the unicorn exhibit at the cloisters spotlights everyones favorite mystical horse photos,ARTS & CULTURE
dogs and cats love baths in this video mashup,ENVIRONMENT
frac sand mine proposed near school sparks battle in small wisconsin town,ENVIRONMENT
obese pugs relinquished by owner find a new healthy home,ENVIRONMENT
oklahoma tornado video shows storm chasers caught in powerful twister,ENVIRONMENT
photo weather channels tornado hunt suv thrown off road demolished,ENVIRONMENT
fridays oklahoma city tornadoes as observed by local residents tweets vines,ENVIRONMENT
oklahoma tornado photos residents capture destruction from storm,ENVIRONMENT
sea state report shows major protections are needed to keep ocean ecosystems healthy,ENVIRONMENT
hurricane season  test your storm preparedness knowledge,ENVIRONMENT
beauty in truth alice walker citizen of the world,ARTS & CULTURE
little shop of horrors long beach playhouse mainstage theatre,ARTS & CULTURE
children of darkness,ARTS & CULTURE
barn bococks brand wars star wars parody turns company logos into galactic characters photos,ARTS & CULTURE
ice cream art the most delicious works for a hot and sticky summer,ARTS & CULTURE
national accordion awareness month celebrating the instrument with some phenomenal covers video,ARTS & CULTURE
meatless monday leftovers versus lagniappe,ENVIRONMENT
green cleaning products homemade alternatives to harmful household chemicals photos,ENVIRONMENT
national geographic everest photos capture experience of scaling great peak,ENVIRONMENT
tar sands oil you can stall it but i doubt you can stop it,ENVIRONMENT
biodiversity loss becoming major threat for farmed plants and livestock breeds,ENVIRONMENT
tselkov in new york brutal beauty at the back of the candystore,ARTS & CULTURE
young david bowie looks a bit different without the glitter photos,ARTS & CULTURE
karoline hjorth and riitta ikonen on the imageblog,ARTS & CULTURE
nicola samorì on the imageblog,ARTS & CULTURE
of middle east cinema and filmmakers in cannes give credit where credit is due,ARTS & CULTURE
preview made for you and me new work by martin webb the compound gallery oakland ca,ARTS & CULTURE
in memoriam sadegh tirafkan,ARTS & CULTURE
bear cameras capture life through the eyes of alaskan animals video,ENVIRONMENT
animal photos of the week lion cubs elephants swans and more pictures,ENVIRONMENT
how much produce should i buy,ENVIRONMENT
cat dog best friends have an adorable lovehate moment photo,ENVIRONMENT
worlds most poisonous plants photos,ENVIRONMENT
5 recycled buildings wing house sea fort resort and more places that will blow your mind photos,ENVIRONMENT
climate change this week tornado tutorial chinese carbon caps and more,ENVIRONMENT
we appreciate arrested development better today but were losing something else,ARTS & CULTURE
that aint all foulkes artist llyn foulkes plays music at the hammer museum,ARTS & CULTURE
dorothea lange birthday migrant mother photographer turns 118 photos,ARTS & CULTURE
levalet street art french artist charles leval creates clever pasteups photos,ARTS & CULTURE
cicadas parents had an eventful year in photos,ENVIRONMENT
would you buy a tshirt from this guy,ENVIRONMENT
why do fireflies glow,ENVIRONMENT
international day for biological diversity highlighted by greenpeace photos,ENVIRONMENT
odin the dog abandoned and in pain saved by rescue but now needs a home,ENVIRONMENT
green memorial day activities for the whole family,ENVIRONMENT
frank gehry models show new perspective of architecture legend photos,ARTS & CULTURE
caesar sant fouryearold violin prodigy from north carolina suffers debilitating disease video,ARTS & CULTURE
class acts,ARTS & CULTURE
sanford biggers on theimageblog,ARTS & CULTURE
wayne w white on the imageblog,ARTS & CULTURE
lyndie benson on the imageblog,ARTS & CULTURE
flight attendant photos lucien samaha captures retro images of flying,ARTS & CULTURE
texans unite in the fight to save sharks,ENVIRONMENT
animal photos of the week lemurs baboons puffins and more,ENVIRONMENT
climate change study shows pace is slowing but extreme action still vital,ENVIRONMENT
video he shouldnt be alive,ENVIRONMENT
by man or nature places that will never be the same,ENVIRONMENT
puppies with deadly case of mange saved by good samaritan,ENVIRONMENT
wang xingwei exhibit showcases artists humorously bizarre paintings photos,ARTS & CULTURE
young marilyn monroe photo norma jeane baker was totally adorable at five years old photos,ARTS & CULTURE
the doha film institute in cannes the power of two festivals,ARTS & CULTURE
carole bayer sager on the imageblog,ARTS & CULTURE
leviathan a watery and brutal undocumentary,ARTS & CULTURE
joan snyder on the imageblog,ARTS & CULTURE
what doesnt kill you can only make you stronger,ARTS & CULTURE
sea butterfly photos show stunning underwater biodiversity,ENVIRONMENT
national geographic traveler photo contest produces stunning images,ENVIRONMENT
a big move for a small state  delaware bans shark fins,ENVIRONMENT
wendys what are you waiting for calling on the fast food giant to stand up for farmworkers,ENVIRONMENT
is climate change increasing tornado intensity,ENVIRONMENT
yoshitomo nara exhibit surveys his unique brand of kute kulture in new york photos,ARTS & CULTURE
matching music to color uc berkeley researchers explain how humans associate shades with songs video,ARTS & CULTURE
contemporary green buildings by taschen are gorgeous photos,ARTS & CULTURE
world nomads tunisia fiafs biennial celebration highlights the countrys changing art landscape photos,ARTS & CULTURE
war and peace sings colin quinn gets scholarly family flops,ARTS & CULTURE
the man inside by karim goury imperfection as inspiration,ARTS & CULTURE
mike may on the imageblog,ARTS & CULTURE
vera iliatova on the imageblog,ARTS & CULTURE
video of happy animals captures pets enjoying life,ENVIRONMENT
rise of the sneaker males,ENVIRONMENT
climate change to shrink animal and plant habitats dramatically study forecasts,ENVIRONMENT
handmade mothers day gift ideas photos,ENVIRONMENT
tips for growing food in a small space,ENVIRONMENT
zombie worms devour whale bone with skeletonmelting acid new study finds photo,ENVIRONMENT
emily deschanels peta ad targets troubling dairy farm practices video,ENVIRONMENT
mothers day art 20 stunning representations of mothers in art photos,ARTS & CULTURE
the mastery of isadora duncan,ARTS & CULTURE
rives granade on the imageblog,ARTS & CULTURE
miguel palma on the imageblog,ARTS & CULTURE
maya bloch on the imageblog,ARTS & CULTURE
the bald soprano and the chairs the garage theatre long beach,ARTS & CULTURE
peter hoffman photos show what happens when you set an oily negative on fire photos,ARTS & CULTURE
cicada sound demonstrated in audio recording,ENVIRONMENT
green burials catch on in the us,ENVIRONMENT
joe biden talks climate change and natural gas in rolling stone interview,ENVIRONMENT
easy mothers day gifts that are sentimental thoughtful and nearly material free,ENVIRONMENT
keystone xl decision may not come until later in the year us official says,ENVIRONMENT
sad mama cat lost her litter to illness is made whole by orphaned kittens that needed a mother,ENVIRONMENT
salvador dali birthday celebrating everyones favorite mustachioed surrealist photos,ARTS & CULTURE
first nighter workplace woes scrutinized in three plays one musical,ARTS & CULTURE
together wherever we go,ARTS & CULTURE
frieze art fair seen and heard edition gets real photos,ARTS & CULTURE
bruce helander on the imageblog,ARTS & CULTURE
kenya robinson on the imageblog,ARTS & CULTURE
enrique martinez celaya on the imageblog,ARTS & CULTURE
sine waves animation daniel sierra finds the artsy side of calculus with oscillate video,ARTS & CULTURE
mm greens whats good series features killer portrait of lil wayne photos,ARTS & CULTURE
reuse paper cups how you can cut down on waste and upcycle used coffee containers,ENVIRONMENT
dog rides sheep in the best photo you might see all day,ENVIRONMENT
check out the worlds first massproduced upcycled clothing line,ENVIRONMENT
recycle kitchen trash things from your fridge you should never throw away,ENVIRONMENT
witnesses say fleamarket renoir was seen in familys home decades ago,ARTS & CULTURE
sanford biggers on the imageblog,ARTS & CULTURE
diablo ballet does balanchine and modern urban nightmares,ARTS & CULTURE
mexican artists we love celebrating cinco de mayo the artsy way photos,ARTS & CULTURE
michael silbers kaleidopope is an insanely awesome interactive digital artwork inspired by the papal election,ARTS & CULTURE
branding terror book examines power behind terrorist logos photos,ARTS & CULTURE
weird vegetables youve probably never heard of photos,ENVIRONMENT
manatees are dying in droves florida says too bad,ENVIRONMENT
renewable energy standards face challenge from fossil fuel interests,ENVIRONMENT
frac daddy horse owned by montana oilmen to run in kentucky derby,ENVIRONMENT
chemicals pervasive in chicago air,ENVIRONMENT
greg colson on the imageblog,ARTS & CULTURE
barre none from studio to stage,ARTS & CULTURE
all your books are belong to us,ARTS & CULTURE
mira schor on the imageblog,ARTS & CULTURE
chris duncan on the imageblog,ARTS & CULTURE
haiku reviews from anime magical realism to drag activism photos videos,ARTS & CULTURE
neal fox illustrator speaks on bowie lsd and his affinity for leather jackets photos,ARTS & CULTURE
keith haring birthday celebrating the pop street artist and his graffitiinspired works,ARTS & CULTURE
star wars day artist sean starwars celebrates with may the fourth be with you exhibit photos,ARTS & CULTURE
an elephant named tim,ENVIRONMENT
the sound of grinding crunching metal,ENVIRONMENT
animal photos of the week rhinos kudus tigers and more pictures,ENVIRONMENT
extreme weather photos of the week photos,ENVIRONMENT
us transportation remains almost entirely reliant on oil video,ENVIRONMENT
famous animal activists celebrities who care about the creatures around them,ENVIRONMENT
viktor hertzs pictograms are clever illustrations packed with dark humor,ARTS & CULTURE
pay no attention to the folks behind the curtain,ARTS & CULTURE
yves klein birthday celebrating the late french artist and color fiend photos,ARTS & CULTURE
dont miss the poetry out loud finals this week,ARTS & CULTURE
learn to say fk you to the world animated video by rancid and aaron rose remixes sol lewitts wise words video,ARTS & CULTURE
mark zuckerbergs new political group spending big on ads supporting keystone xl and oil drilling,ENVIRONMENT
halliburton in settlement talks to control its macondo cement liabilities,ENVIRONMENT
monsanto hates this,ENVIRONMENT
14 amazing fractals found in nature,ENVIRONMENT
craig stanford planet without apes author says ecotourism could save the primates,ENVIRONMENT
keystone xl oil sands health concerns rise downstream of expanding extraction,ENVIRONMENT
balancing dog jack can hold almost any household object on his head photos,ENVIRONMENT
extreme weather swings from record drought to flood may be sign of climate change,ENVIRONMENT
pregnant dog abandoned by her owners at the shelter is saved,ENVIRONMENT
london marathon rhino runners wear 22pound suits during race to save the species photos,ENVIRONMENT
faith ringgolds america tells vivid tales of a black woman living in america photos,ARTS & CULTURE
hermann lederle on the imageblog,ARTS & CULTURE
richard prince tweets composite of seinfelds girlfriends in one face photo,ARTS & CULTURE
describing matildas miss trunchbull,ARTS & CULTURE
laser forest installation marshmallow laser feast creates astounding interactive musical instrument photos,ARTS & CULTURE
wrinkly dogs make for adorable pets but more skin calls for more love,ENVIRONMENT
animal photos of the week baby lemurs pandas giraffes and more pictures,ENVIRONMENT
familys community garden timelapse will drive you to the nursery video,ENVIRONMENT
the nation puts a poem in its pocket,ARTS & CULTURE
julia schwartz on the imageblog,ARTS & CULTURE
charmaine felixmeyer on the imageblog,ARTS & CULTURE
thomas whittaker kidd on the imageblog,ARTS & CULTURE
mike kelley eternity is a long time at hangarbicocca photos,ARTS & CULTURE
urs fischer retrospective delights and repulses at la moca photos,ARTS & CULTURE
real and persistent struggles of billy elliot,ARTS & CULTURE
marijuanamerica why america loves weed,ENVIRONMENT
found wandering alone with a badly broken leg augie finds his perfect home,ENVIRONMENT
poll finds bp public image still tarnished 3 years after gulf spill,ENVIRONMENT
clean with baking soda how to replace nearly all household chemicals,ENVIRONMENT
gulf spill trials first act ends as bp rests its case,ENVIRONMENT
why were celebrating endangered foods for earth day,ENVIRONMENT
earth day lessons,ENVIRONMENT
the environmental impacts of an unregulated marijuana industry,ENVIRONMENT
gulf oil spill anniversary 3 years later ramifications are still felt from bps tragedy,ENVIRONMENT
three irish stars form new neotrad constellation,ARTS & CULTURE
awash in nostalgia,ARTS & CULTURE
jody zellen on the imageblog,ARTS & CULTURE
margaret mccann on the imageblog,ARTS & CULTURE
wayne white on the imageblog,ARTS & CULTURE
odilon redon birthday the dreamy symbolist would turn 173 today photos,ARTS & CULTURE
paris photo fair heads to los angeles for the first time photos,ARTS & CULTURE
record store day  third man records unveils refurbished voiceograph machine video,ARTS & CULTURE
shortlived climate pollutants reduction might slow down sea level rise new study shows,ENVIRONMENT
female ulidiid flies expel sperm and eat it new study shows,ENVIRONMENT
cape cod seals photos show them soaking up sun on the monomoy national wildlife refuge beach,ENVIRONMENT
candyland landscapes by pip & pop take us into a sugarcoated dream wold,ARTS & CULTURE
art books april edition 15 of the best releases on vibrant photography brazen painters socal architecture and more,ARTS & CULTURE
william copley and bfbc inc join forces for sugary sweet nsfw exhibition gang bust photos,ARTS & CULTURE
rebooting the game millicent hodson and kenneth archer reconstruct jeux for the rite at 100,ARTS & CULTURE
mick haggerty on the imageblog,ARTS & CULTURE
robin mitchell on the imageblog,ARTS & CULTURE
how much are great poems worth,ARTS & CULTURE
bear brain surgery firstever cranial procedure performed on asiatic black bear photos,ENVIRONMENT
rhino poaching in india orphans baby months after mother moved to national park photos,ENVIRONMENT
the hoax,ENVIRONMENT
8 ways that california and china can work together to reduce pollution and protect the climate,ENVIRONMENT
exxon on arkansas spill animals impacted primarily venomous snakes,ENVIRONMENT
abused dog keeps running away from home and finally finds help,ENVIRONMENT
beautiful images from around the world photos,ENVIRONMENT
coffee art mike breachs baristart makes for amazing celebrity latte creations video,ARTS & CULTURE
john williams outsider artist creates moving historical collages photos interview,ARTS & CULTURE
monica nouwens photo exhibition at foam gallery presents ambivalent and bewitching image of la photos,ARTS & CULTURE
anna sew hoy life is a beach photos,ARTS & CULTURE
stage door matilda,ARTS & CULTURE
kate jenkins crocheted foods are the most delicious crafts youll see today photos,ARTS & CULTURE
remembering maria tallchief,ARTS & CULTURE
delia brown on the imageblog,ARTS & CULTURE
joachim seinfeld on the imageblog,ARTS & CULTURE
william shatners greenpeace usa ad urges action against bering sea habitat destruction video,ENVIRONMENT
animal photos of the week tigers capybaras elephants and more pictures,ENVIRONMENT
phipps new center for sustainable landscapes is one of worlds greenest buildings video,ENVIRONMENT
worlds rarest birds photo competition garners breathtaking images,ENVIRONMENT
first nighter barbra streisand julius caesar cleopatra jack and madeline lee gilford get theater treatments,ARTS & CULTURE
before the parade passes by,ARTS & CULTURE
jeffrey braverman on the imageblog,ARTS & CULTURE
awol erizku on the imageblog,ARTS & CULTURE
aipad photography show  new york art fair takes over park avenue armory photos,ARTS & CULTURE
gorgeous new app helps you memorize poetry,ARTS & CULTURE
a very american chic the milissa payne project up in the air,ARTS & CULTURE
the bmfas phantom japan collection and the empty swinging door,ARTS & CULTURE
nasa volcano image captured by radar plane on trip to central and south america,ENVIRONMENT
epa tier 3 guidelines could equal 33 million cars off the road and fewer deaths,ENVIRONMENT
exxon fake twitter account mocks response to arkansas spill,ENVIRONMENT
inconvenience isnt the truth,ENVIRONMENT
letterscapes by anna saccani puts typography in the spotlight photos,ARTS & CULTURE
the week in arts&culture instagram arrest snl art and delicious art snacks photos,ARTS & CULTURE
saya woolfalk on the imageblog,ARTS & CULTURE
tom lawson on the imageblog,ARTS & CULTURE
orphans regroups with alec baldwin and ben foster,ARTS & CULTURE
the worlds greatest beethoven festival bogotá es beethoven,ARTS & CULTURE
molly crabapples shell game paintings depict a year in crisis from occupy wall street to anonymous hacks,ARTS & CULTURE
animal photos of the week lemurs lions monkeys and more pictures,ENVIRONMENT
antarctica melting brings expanded sea ice extent study shows,ENVIRONMENT
doubling down on our faustian bargain,ENVIRONMENT
arkansas oil spill exxon shuts pegasus pipeline after rupture,ENVIRONMENT
transocean denies skimping on deepwater horizon maintenance,ENVIRONMENT
allergy season could be the worst ever thanks to climate change some experts say,ENVIRONMENT
state departments keystone xl contractor erm greenlighted bps explosive caspian pipeline,ENVIRONMENT
pregnant pit bull dumped at the shelter finds hope and a loving home,ENVIRONMENT
rachel kaye on the imageblog,ARTS & CULTURE
charles garabedian on the imageblog,ARTS & CULTURE
will rymans bird on view in flatiron plaza,ARTS & CULTURE
easter art 15 eggcelent masterpieces to celebrate the spring holiday photos,ARTS & CULTURE
the shoemaker short film by dustin cohen tells the touching story of a 91yearold brooklyn shop owner video,ARTS & CULTURE
joseph keckler is on our radar the experimental opera singer and performance artist on his upcoming project i am an opera interview videos,ARTS & CULTURE
a brief guide to national poetry month,ARTS & CULTURE
shark vs mermaid death squad launched by greenpeace to raise awareness for sustainable fishing,ENVIRONMENT
from egg lady to eggxecutive,ARTS & CULTURE
the week in arts & culture time traveling photos led zeppelin anniversary and a drumming prodigy photos,ARTS & CULTURE
vincent van gogh birthday the 10 best modern tributes to the postimpressionist master,ARTS & CULTURE
atilio pernisco on the imageblog,ARTS & CULTURE
craig taylor on the imageblog,ARTS & CULTURE
francisco goya birthday the spanish romantic painter would turn 267 today photos,ARTS & CULTURE
5 ways to make your passover seder more sustainable,ENVIRONMENT
pilot whales found in south africa on noordhoek beach,ENVIRONMENT
animal photos of the week white tigers giraffes elephants and more pictures,ENVIRONMENT
global warming could favor softer corals over their reefbuilding cousins,ENVIRONMENT
climate change this week big bad drought flowing batteries and more,ENVIRONMENT
vinegar cleaning recipes to replace household chemicals,ENVIRONMENT
indonesias protected rainforests disappearing,ENVIRONMENT
latoya ruby frazier photographs a haunted capital captures family life in a forgotten industrial town photos,ARTS & CULTURE
postapocalyptic pastorale the paintings of jazzminh moore,ARTS & CULTURE
tilda swinton sleeps in a glass box at the museum of modern art,ARTS & CULTURE
baby sloths embroiled in illegal pet trade,ENVIRONMENT
greedy lying bastards takes on climate deniers big oil,ENVIRONMENT
photos blue whale encounters in the sea of cortez,ENVIRONMENT
national puppy day  pictures of adorable dogs from around the world,ENVIRONMENT
7 animal sounds you might hear in your backyard,ENVIRONMENT
huge breakthroughs seen at cites  international wildlifesaving conference,ENVIRONMENT
halliburton stays in spill trials glare as two other firms escape blame,ENVIRONMENT
great white shark sticks head in diving cage divers narrowly avoid attack in south africa video,ENVIRONMENT
comedian matt graham talks snl scrabble championships and his oneman show this too shall suck photo,ARTS & CULTURE
affordable art fair new york plays host to a fourday celebration of artworks you can actually buy photos,ARTS & CULTURE
christo and jeanneclaudes new massive installation big air package in germany is the largest ever inflated envelope without a skeleton,ARTS & CULTURE
old school hollywood royalty,ARTS & CULTURE
dannielle tegeder on the imageblog,ARTS & CULTURE
robert minervini on the imageblog,ARTS & CULTURE
kenyatta ac hinkle on the imageblog,ARTS & CULTURE
the week in arts&culture more bush paintings yayoi kusamas bday and a guy named mustang wanted,ARTS & CULTURE
an interview with lebanese artist pascal hachem from londons selma feriani gallery art dubai,ARTS & CULTURE
its a bird its a plane its superman,ARTS & CULTURE
recent storms highlight flaws in top us weather model,ENVIRONMENT
geoengineering research needs better guidelines climate change experts say,ENVIRONMENT
climate change casualties honey coffee chocolate,ENVIRONMENT
chinas pollution crisis addressed by premier li keqiang,ENVIRONMENT
animal photos of the week giraffes camels baby gorillas and more pictures,ENVIRONMENT
animals from ireland irish setters galway sheep and more creatures to celebrate on st patricks day,ENVIRONMENT
elephants  two things worth watching,ENVIRONMENT
three nontraditional poems of spring,ARTS & CULTURE
twice removed greg mocilnikar and andy kolar new paintings walter maciel gallery culver city,ARTS & CULTURE
an interview with bisi silva curator of art dubais marker project,ARTS & CULTURE
irish artists celebrating st patricks day with our 5 favorite irish aesthetes photos video,ARTS & CULTURE
the big reveal,ARTS & CULTURE
walter pierce architect of modernist homes is dead at 93,ARTS & CULTURE
halliburton officers others testify in gulf spill trial,ENVIRONMENT
paris photos by joanna lemanska capture serene reflections of the city of light photos,ARTS & CULTURE
the week in arts & culture diane arbus secret drummers and volcano chasing,ARTS & CULTURE
womens history month artists celebrating whm with carolee schneemann as the three of spades,ARTS & CULTURE
mocanational gallery of art deal is an empty prospect,ARTS & CULTURE
caption the artwork closeup from angelo bronzinos venus cupid folly and time,ARTS & CULTURE
cat haven preserve to reopen to public after lion kills intern dianna hanson,ENVIRONMENT
animal photos of the week tapirs monkeys baby orangutans and more pictures,ENVIRONMENT
chinas environmental secrecy sparks public anger,ENVIRONMENT
learning from the masters,ARTS & CULTURE
in sydney opera grabs the bull by the horns,ARTS & CULTURE
a new collection shines light rudyard kipling the poet,ARTS & CULTURE
womens history month artists celebrating whm with marlene dumas as the eight of hearts,ARTS & CULTURE
iran modern exhibit at the asia society illuminates 20 years of contemporary art in tehran photos,ARTS & CULTURE
edo pop historic japanese woodblock prints ukiyoe and contemporary works inspired by them at the japan society,ARTS & CULTURE
optical illusion mokis surreal painted landscapes dizzy the imagination photos,ARTS & CULTURE
oil executives experts testify as spill trial continues,ENVIRONMENT
animals playing with toys and gadgets made for humans videos,ENVIRONMENT
pilobolus dance shadow dancers awe the internet with inspiring viral performance video,ARTS & CULTURE
the week in arts & culture international womens day the armory fair lacmoca and more photos,ARTS & CULTURE
6 artists on their road to broadway and engaging audiences here now and then,ARTS & CULTURE
womens history month artists celebrating whm with mickalene thomas as the jack of diamonds,ARTS & CULTURE
a whos who explanation of everyone involved in bolshoi ballet acid attack,ARTS & CULTURE
transmongolian short film documents train journey from beijing to moscow video,ARTS & CULTURE
animal cpr given to a tapir cheetah bird and other animals,ENVIRONMENT
should greenies own oil,ENVIRONMENT
animal photos of the week zebras baby elephants giraffes and more,ENVIRONMENT
nude sculptures by ron mueck bring hyperrealism to a whole other level photos,ARTS & CULTURE
when musicals reflect our lives,ARTS & CULTURE
invasion of the deathxperts dr lindsey fitzharristhe chirurgeons apprentice edition,ARTS & CULTURE
week in instagigs solange glows under the lights of webster stage photos,ARTS & CULTURE
a rare charlotte brontë manuscript up for auction,ARTS & CULTURE
state department keystone xl pipeline analysis disspirits climate change community,ENVIRONMENT
polar bear cub at buffalo zoo introduced to the public videos,ENVIRONMENT
tipping points can humanity break the planet,ENVIRONMENT
nyt cancels green blog,ENVIRONMENT
sequester cuts mean wide ranging impacts for parks  and people  around the country,ENVIRONMENT
the inside story of diageos stunning carbon achievement,ENVIRONMENT
new orleansbased trial assesses gulf spill blame,ENVIRONMENT
our challenge point,ENVIRONMENT
duane keiser a painting a day,ARTS & CULTURE
the photo of the day hauntingly beautiful image prejudice by hungarian photographer noell s oszvald photo,ARTS & CULTURE
worlds fair photos artist ives maes captures the abandoned ruins of expos in afterimages photos,ARTS & CULTURE
allison schulnik interview the impastohappy artist talks california procrastination and scary clowns photos,ARTS & CULTURE
music is enough for a lifetime but a lifetime is not enough for music van cliburn,ARTS & CULTURE
womens history month artists celebrating whm with tracey emin as the jack of hearts,ARTS & CULTURE
subway font first edition of the new york city transit authority graphics standards manual photos,ARTS & CULTURE
rhyes woman equal bits soul and electronic pop the mysterious band releases their first record video,ARTS & CULTURE
animal photos of the week elephants night monkeys and more pictures,ENVIRONMENT
climate change labor capacity losses examined by government scientists,ENVIRONMENT
intrepid japanese fisherman turns over new leaf,ENVIRONMENT
dogs may threaten wildlife researchers show,ENVIRONMENT
sweating out a surrealist nightmare,ARTS & CULTURE
caption the artwork sandro botticellis portrait of a youth with a medal photo,ARTS & CULTURE
lp cover art robert penney reimagines modern songs via vintage vinyl artwork photos,ARTS & CULTURE
the keystone hypodermic one last fix,ENVIRONMENT
boston snow storm  massachusetts new hampshire rhode island brace for wet weather,ENVIRONMENT
cape wind regulation litigation and the struggle to develop offshore wind power in the us,ENVIRONMENT
midwest snow storm  kansas missouri blanketed in snow photos,ENVIRONMENT
no time to cool off,ENVIRONMENT
midwest snow storm linked to at least 4 deaths,ENVIRONMENT
bp spill settlement reportedly being considered by us justice gulf states,ENVIRONMENT
backstage at the oscars greening the event,ENVIRONMENT
photography magazine aperture relaunches with hello photography for the digital age photos,ARTS & CULTURE
the art show celebrates 25 years of art loving with knockout fair photos,ARTS & CULTURE
the buddy miller and jim lauderdale show  live,ARTS & CULTURE
the week in arts & culture shia quits marinas opera and pussy riot anniversary,ARTS & CULTURE
oscars greenroom  meet madeline stuart the designer behind this years architectural digest creation photos,ARTS & CULTURE
child conductor sixyearold jonathan okseniuk wows audience with mature performance video,ARTS & CULTURE
why are we so horrified over horse meat,ENVIRONMENT
president obama protect bristol bay stop the pebble mine,ENVIRONMENT
forward on climate rally brings climate change activists to national mall in washington dc video,ENVIRONMENT
animal photos of the week gorillas flamingos lions and more pictures,ENVIRONMENT
40000 join forward on climate rally in washington dc,ENVIRONMENT
screwing up,ARTS & CULTURE
ray smith at parade ground,ARTS & CULTURE
gone too soon exhibit sends michael jacksons jacket and whitney houstons pants across the country photos,ARTS & CULTURE
week in instagigs mumford & sons rock the stage at barclays center photos,ARTS & CULTURE
artist titus kaphar talks memory and madness in his latest installation the vesper project interview photos,ARTS & CULTURE
fishermen and chefs united keep catch shares on the table,ENVIRONMENT
natures golden elixir honey feels wrath of climate disruption,ENVIRONMENT
domestic cats and billions of birds,ENVIRONMENT
robert rickhoff photos artists series make us happy hes not an architect photos,ARTS & CULTURE
verdi by the numbers,ARTS & CULTURE
the week in arts&culture bolshoi ballet drama another mona lisa and antivalentines day art,ARTS & CULTURE
fracking waste is it safe to ship natural gas drilling byproduct by barge,ENVIRONMENT
rapacious war against nature indonesian palm oil,ENVIRONMENT
in north carolina fracking rights rise to surface,ENVIRONMENT
journey to the center of the earth  bringing nature back to athens,ENVIRONMENT
pets in snow photos capture animals reacting to blizzard nemo,ENVIRONMENT
sustainability tales from the klondike,ENVIRONMENT
ray chen is on our radar the carnegiebound violinist talks boxing nicki minaj and the dog days of college photos,ARTS & CULTURE
proposals the norris center for the performing arts rolling hills estates,ARTS & CULTURE
barbie loves israel,ARTS & CULTURE
richard artschwager whose multifarious work defied categorization dies at 89,ARTS & CULTURE
new eelpout species discovered off new zealand coast photos,ENVIRONMENT
climate change and the blizzard noreasters more fierce with global warming scientists say,ENVIRONMENT
raining spiders in brazil video appears to show numerous arachnids dangling,ENVIRONMENT
climate change no breakthroughs needed mr president,ENVIRONMENT
snow photos document nemo blizzard across the northeast pictures,ENVIRONMENT
week in instagigs justin timberlake grizzly bear and steve aoki all in the same photo album photos,ARTS & CULTURE
why its time for galleries to dump the jargon,ARTS & CULTURE
rejected by sothebys florida pastor is arrested in sale of forged art,ARTS & CULTURE
bill clinton transforms la,ARTS & CULTURE
the week in arts & culture bushs paintings patti smiths photos and a thrift store courbet,ARTS & CULTURE
seen and heard what gallery goers had to say about gagosians basquiat opening slideshow,ARTS & CULTURE
artist dana hoey on her upcoming exhibition the phantom sex and her obsession with sean young interviewphotos,ARTS & CULTURE
animal photos of the week monkeys gazelles baby tigers and more pictures,ENVIRONMENT
artists against fracking posts plea for frackfree new york video,ENVIRONMENT
arctic cyclone of august is not responsible for record sea ice melt study says,ENVIRONMENT
kenya 4 a lesson in elephant sex,ENVIRONMENT
diy tshirt projects ideas for reusing old tees,ENVIRONMENT
climate change this week gargantuan blue blobs solar spin cells and more,ENVIRONMENT
norman rockwell birthday 10 things you didnt know about the great american artist photos,ARTS & CULTURE
sharp suits graphic designers mark shanley and paddy treacy channel anger into hilarious illustrations of clients worst feedback photos,ARTS & CULTURE
the best animal poetry,ARTS & CULTURE
a super bowl poetry roster,ARTS & CULTURE
in conversation with saul williams,ARTS & CULTURE
apertures photography exhibition combines big names punchy colors and fujifilm xseries cameras photos,ARTS & CULTURE
groundhog day  punxsutawney phil does not see his shadow,ENVIRONMENT
mr obamas coal plant,ENVIRONMENT
altruistic dolphins help seal find its way back to sea video,ENVIRONMENT
emma the otter predicts super bowl winner video,ENVIRONMENT
new york fracking opponents binghamton mayor escalate efforts to block natural gas industry,ENVIRONMENT
groundhog day facts interesting trivia about the february holiday,ENVIRONMENT
afghan and american a father and son bridge a cultural divide,ARTS & CULTURE
crowdfunding 201 a new model from seed & spark,ARTS & CULTURE
the week in arts & culture mean girls musical smoking kids and impossible architecture photos,ARTS & CULTURE
erik kessels found photography book chronicles adventures of wedding photographer larbi laaraichi photos,ARTS & CULTURE
kyle staver into the mythological zone,ARTS & CULTURE
keith harings tokyo pop shop on display at the new york historical society photos,ARTS & CULTURE
cottons water footprint how one tshirt makes a huge impact on the environment video,ENVIRONMENT
animal photos of the week tigers gibbons slow lorises and more pictures,ENVIRONMENT
photographer wang wushengs celestial realm entrances at barry friedman ltd photos,ARTS & CULTURE
an inauguration week poem that deserves more attention,ARTS & CULTURE
50 years of nasas space food packaging documented,ARTS & CULTURE
rich dudes fighting over jasper johns paintings of hairy testicles,ARTS & CULTURE
aleah chapins nudes show the beauty of the aging human form at flowers gallery nsfw photos,ARTS & CULTURE
dont frack the playground,ENVIRONMENT
keystone xl north transcanadas controversial shale gas export pipeline plan,ENVIRONMENT
renewables to the rescue,ENVIRONMENT
banding together to ban trophy hunting and protect african lion livelihood,ENVIRONMENT
new orleans launches its loyola streetcar with another leg awaited,ENVIRONMENT
penguin colonys first contact with humans in antarctica captured on camera video,ENVIRONMENT
portland radon levels reveal potential health risks,ENVIRONMENT
careerbuilder commercial featuring chimp wont air for super bowl,ENVIRONMENT
unpopular dog names monikers for pets that are no longer cool,ENVIRONMENT
peter doig at christies painting by the scottish artist set to fetch millions at auction photo,ARTS & CULTURE
barbara kruger birthday the subversive female artist turns 68 photos,ARTS & CULTURE
nycarts news through 31,ARTS & CULTURE
the week in arts and culture slavery controversy bodybuilding shots and graffiti churches photos,ARTS & CULTURE
obamas climate change promises questioned as second term arrives,ENVIRONMENT
animal photos of the week pandas apes leopard cubs and more pictures,ENVIRONMENT
lipingzi nature reserve puts panda cub through boot camp to prepare him for the wild,ENVIRONMENT
contribute to the unofficial inaugural poem,ARTS & CULTURE
garry winogrands photography retrospective brings 250000 unknown images to sfmoma photos,ARTS & CULTURE
parking lot art indianapolis hotel commissions graffiti artist nick walker to vandalize garage photos,ARTS & CULTURE
all hands on deck,ARTS & CULTURE
cindy shermans birthday 15 artists influenced by the master of disguise photos,ARTS & CULTURE
the week in arts & culture party wall studio 54 and realistic nudes photos,ARTS & CULTURE
artist as applicant,ARTS & CULTURE
marc quinns sculpture of a giant baby unveiled at gardens by the bay,ARTS & CULTURE
robert indiana wins suit over hindi love sculptures,ARTS & CULTURE
janis joplin birthday 10 pop culture trends inspired by the legendary female singer photos,ARTS & CULTURE
wall street journal get a fact checker,ENVIRONMENT
climate change study emissions limits could greatly avoid future damage,ENVIRONMENT
mark ruffalo calls for white house to declare war on climate change,ENVIRONMENT
animal photos of the week sea lions monkeys japanese macaques and more pictures,ENVIRONMENT
doityourself in with these crazy projects,ENVIRONMENT
old coffee grounds ideas for reusing java and tea bags,ENVIRONMENT
social bankability solar crowdfunders and emerging markets,ENVIRONMENT
wolfgang laib is on our radar pollen from hazelnut finds a home at the moma photos interview,ARTS & CULTURE
virtual choir 4 eric whitacre creates awesome kickstarter campaign watch,ARTS & CULTURE
when beer inspires poetry,ARTS & CULTURE
what is that art worth lessons from the new york times,ARTS & CULTURE
an open letter to president obama for obama ii,ENVIRONMENT
after hurricane sandy animal shelters and rescues struggle to recover,ENVIRONMENT
stop reckless drilling a new years resolution for our ocean,ENVIRONMENT
magical feminist art show annie dorsen and anne juren shake it up nsfw video interview,ARTS & CULTURE
intimately wilde olio theatre works at long beach playhouse,ARTS & CULTURE
german expressionism  masterpieces from the neue galerie collection looks too good to be true photos,ARTS & CULTURE
live and dangerous tomorrow never knows,ARTS & CULTURE
the week in arts & culture golden globes royal portait and lasagna del rey photos,ARTS & CULTURE
climate change this week super arctic cyclones droughts to deluges and more,ENVIRONMENT
alaska oil rig grounded in sitkalidak island challenges shells plan,ENVIRONMENT
extreme weather of the week photos,ENVIRONMENT
animal photos of the week african lion cubs elephants meerkats and more pictures,ENVIRONMENT
pont des arts love padlocks a look at the most romantic spot in paris photos,ARTS & CULTURE
the lost generation in the audience,ARTS & CULTURE
preventive measures to prepare for future superstorms desperately needed experts warn video,ENVIRONMENT
a great year for a bigger stronger more diverse and more effective sierra club,ENVIRONMENT
national zoos sumatran tigers mate as species numbers dwindle,ENVIRONMENT
nebraska lion cubs born at omahas henry doorly zoo photo,ENVIRONMENT
the week in arts & culture obese nudes art market bubble and an ambitious new years resolution photos,ARTS & CULTURE
falling in love with dance,ARTS & CULTURE
surreal textbook illustrations karl nicholason creates bizarre drawings for 1970s school books photos,ARTS & CULTURE
high copper prices force sculptors into postbronze age,ARTS & CULTURE
all the worlds a stage for james latus,ARTS & CULTURE
jellyfish cycles reveal rise and fall of gelatinous creature,ENVIRONMENT
shell drill ship the kulluk grounds off alaska,ENVIRONMENT
rainbow giddy,ENVIRONMENT
on the carbon pollution front lines theres no normal anymore,ENVIRONMENT
fiscal cliff molehill masks climate cliff fissure,ENVIRONMENT
10 most memorable animals of,ENVIRONMENT
alfred stieglitzs birthday celebrating the famed century photographer photos,ARTS & CULTURE
the new abnormal,ARTS & CULTURE
new years art exhibitions to look forward to in january photos,ARTS & CULTURE
test your color matching skills with this addictive web quiz quiz,ARTS & CULTURE
us dot map by brandon martinanderson shows the population like youve never seen it before photo,ARTS & CULTURE
ecomarkets scaling up marine conservation,ENVIRONMENT
top 10 snowrelated excuses for,ENVIRONMENT
black love off the chain,ARTS & CULTURE
zaha hadid starchitect buildings copied in china,ARTS & CULTURE
dramatic art finds of  from the flea market renoir to a dali at goodwill photos,ARTS & CULTURE
child prodigy recap tsung tsung aelita andre and more baby artists who rocked out in video,ARTS & CULTURE
winterizing home tips energysaving ideas for renters and homeowners,ENVIRONMENT
12 ecostories to restore your faith in humanity,ENVIRONMENT
over the cliff not a happy new year for illinois environment,ENVIRONMENT
animal photos of the year,ENVIRONMENT
the week in arts & culture worst of  best of and more photos,ARTS & CULTURE
this past november,ARTS & CULTURE
beyond hollywood a year end review of arab cinema from dubai,ARTS & CULTURE
edward deeds outsider artist leaves behind hauntingly innocent drawings from mental institution photos interview,ARTS & CULTURE
rudolphs red nose reindeer science revealed,ENVIRONMENT
oklahoma storm  winter weather hits us plains from texas to alabama,ENVIRONMENT
snowstorm live major christmas storm,ENVIRONMENT
tomball texas storm turns deadly as tornadoes hit other gulf coast regions,ENVIRONMENT
10 remarkable arctic birds,ENVIRONMENT
the pet spot australian store refuses to sell puppies at christmas suggests adopting,ENVIRONMENT
bizarre animal traits 9 creatures with incredibly strange characteristics photos videos,ENVIRONMENT
louise bourgeoiss birthday celebrating the frenchamerican sculptor with a survey of works photos,ARTS & CULTURE
unholy jesus art 12 unorthodox depictions of jesus photos,ARTS & CULTURE
david ansen recalls when aids silenced the arts,ARTS & CULTURE
5 art trends in,ARTS & CULTURE
cultural influencers share their favorite personal photos of,ARTS & CULTURE
white christmas weather  new york pennsylvania and new jersey may see holiday snow,ENVIRONMENT
the climate post climate change under the microscope in report leaked ipcc draft,ENVIRONMENT
dartmouth students greenland research highlighted in science its a girl thing parody video,ENVIRONMENT
clean air hangs off the fiscal cliff,ENVIRONMENT
breaking the ice a new conversation in theatre,ARTS & CULTURE
theater the best shows of,ARTS & CULTURE
gun art linda lightons taking aim series explores attraction and repulsion of weapons photos,ARTS & CULTURE
review moma ps1s now dig this art and black los angeles,ARTS & CULTURE
medical districts bio center launches new orleans startups,ENVIRONMENT
climate change this week a break for clean energy hottest yet gravitylight and more,ENVIRONMENT
zoo babies  adorable baby animal pictures from around the world photos,ENVIRONMENT
dorothea tanning exhibition explores unknown but knowable states photos,ARTS & CULTURE
washington dc unleashes the christmas poems,ARTS & CULTURE
kill van kull oil spill barge leaks fuel near mariners harbor ny,ENVIRONMENT
humboldt squid researchers link beachings mass suicides to poisonous algae blooms,ENVIRONMENT
killer whale facts 7 things seaworld doesnt tell you about orcas,ENVIRONMENT
5 reasons kim kardashian shouldnt support dolphins in captivity,ENVIRONMENT
yorkie cam live video of puppies featured on the pet collectives youtube channel,ENVIRONMENT
math museum momath is first of its kind in north america photos,ARTS & CULTURE
the week in arts & culture music videos theater moments and the mexican elite photos,ARTS & CULTURE
benjaman kyles million dot drawing miguel endaras photorealistic portrait hides incredible story photos,ARTS & CULTURE
animal photos of the week polar bears hummingbirds tiger cub with puppies and more pictures,ENVIRONMENT
finding broadways voice on social media,ARTS & CULTURE
psys antiamerican song video of gangnam style singers controversial performance surfaces video,ARTS & CULTURE
lets have a comedy i want to have a comedy the flea theaters restoration comedy,ARTS & CULTURE
poetry cleans up after james dysons criticism,ARTS & CULTURE
fossil free campaign by 350orgs bill mckibben aims to convince colleges not to invest in oil,ENVIRONMENT
chinas mountainmoving project near lanzhou aims to flatten territory for development video,ENVIRONMENT
the best destinations for an arctic adventure,ENVIRONMENT
finding hope in the final hours of the doha climate conference,ENVIRONMENT
countries acting at home to address global warming the key fight ahead,ENVIRONMENT
bp oil spill flow rate vastly understated for weeks emails show,ENVIRONMENT
with sandy a call for transforming coastal cities,ENVIRONMENT
the bottom line big turnout for little menhaden,ENVIRONMENT
asia pacific triennial of contemporary art hits australia photos,ARTS & CULTURE
art basel miami beach  the 10 hot artists of abmb photos,ARTS & CULTURE
psy apology gangnam style singer apologizes for antius song lyrics video,ARTS & CULTURE
sustainable housing for sandy survivors designers wouter kalis and corinne de korvers socialunit may be answer photo,ARTS & CULTURE
eitaro japans only male geisha is doing it for his mom photos,ARTS & CULTURE
climate change this week freaky fracking the solar sell and more,ENVIRONMENT
weathers two winter seasons before and after christmas,ENVIRONMENT
animal photos of the week baby monkey red panda cheetah cubs and more,ENVIRONMENT
matthew rolstons ventriloquist dummies in talking heads the vent haven portraits photos,ARTS & CULTURE
unfinished business the unspoken link between dispersants and sick children in the gulf of mexico,ENVIRONMENT
cutest pets of  submit your own photos,ENVIRONMENT
the week in arts & culture brad pitt giant rainbows & women in bubbles photos,ARTS & CULTURE
the way we were,ARTS & CULTURE
william burroughs documentary howard brookners movie rereleased after decades out of print video,ARTS & CULTURE
monsters with maidens posters will make you appreciate your boyfriend photos,ARTS & CULTURE
a bigger splash painting after performance tate modern examines painting at its most playful photos,ARTS & CULTURE
animal photos of the week lioness elephants and baby giraffe pictures,ENVIRONMENT
huskycam 247 video of puppies on the pet collectives youtube channel,ENVIRONMENT
5 american towns leapfrogging toward a greener future,ENVIRONMENT
opossum facts 10 things you never knew about the marsupial,ENVIRONMENT
turkey facts 10 things you never knew about the wild fowl,ENVIRONMENT
must it always be a mans world,ARTS & CULTURE
the week in arts & culture sumptuous feasts hand turkeys and transgender icons photos,ARTS & CULTURE
the third wave a global exhibition of iphonic art,ARTS & CULTURE
5 steps to pitch a neighborhood recycling program,ENVIRONMENT
recyclable materials how many times you can reuse aluminum paper glass and more,ENVIRONMENT
chris christie hurricane sandy new jersey damage will cost at least 294 billion,ENVIRONMENT
what art can a million dollars get you photos,ARTS & CULTURE
artists vs animals 15 artists who have enraged animal rights activists photos,ARTS & CULTURE
paul insects out of chaos brings the british phenomenon to the us photos,ARTS & CULTURE
meaningful music mayday radio has something to sing,ARTS & CULTURE
what i learned from hollywoods guru of gurus about why stories matter,ARTS & CULTURE
pussy riot vodka part two we will not forget,ARTS & CULTURE
michal chelbins sailboats and swans features haunting prisoner portraits photos,ARTS & CULTURE
national dog show winners of purinas competition announced,ENVIRONMENT
black friday activities postthanksgiving alternatives to shopping,ENVIRONMENT
winter snow outlook offers hope for us skiers and boarders,ENVIRONMENT
noaa seeks public input on looming satellite gap,ENVIRONMENT
unep greenhouse gas emissions report finds climate change goals growing more elusive,ENVIRONMENT
ruslan khasanovs lumen type brings a whole new meaning to bubble letters photos,ARTS & CULTURE
tales from the autism spectrum my friend amberdawn,ARTS & CULTURE
aerial images capture the hindu color festival by katrin korfmann,ARTS & CULTURE
black friday  songs for waiting and shopping playlist,ARTS & CULTURE
gabriel orozcos asterisms at the guggenheim is an exquisite journey through the mundane photos,ARTS & CULTURE
thankful for tasty new rock music,ARTS & CULTURE
shannon elizabeth becomes adopt a turkey spokesperson,ENVIRONMENT
keystone xl march follows do the math event in washington dc,ENVIRONMENT
thousands rally in dc for major keystone xl protest,ENVIRONMENT
protecting polar bears for future generations,ENVIRONMENT
gift guide  what to buy your hippest friend slideshow,ARTS & CULTURE
met opera mozarts la clemenza di tito examines the things we do for love,ARTS & CULTURE
oil platform fire sends shockwaves through gulf on heels of record bp fines,ENVIRONMENT
after sandy communication breakdown hampered efforts to find evacuated seniors,ENVIRONMENT
polar bear denning in a changing world,ENVIRONMENT
video coal polluter lobbyist confronted at energy event,ENVIRONMENT
the dust bowl ken burns featured at the national youth summit video,ENVIRONMENT
the media blunder of the month  energy independence so not,ENVIRONMENT
fracking sand may pose health hazard to workers residents,ENVIRONMENT
studio view painter david humphrey,ARTS & CULTURE
el anatsui at the brodsky center for innovative editions,ARTS & CULTURE
seapunks rihanna and other artists who steal slideshow,ARTS & CULTURE
postelection prescription a generous dose of robert bly,ARTS & CULTURE
what did the election mean for the dc arts community,ARTS & CULTURE
five minutes to stardom,ARTS & CULTURE
morbid anatomy anthology brooklyn art group seeks funding for curious new book video,ARTS & CULTURE
the week in arts & culture movember artfutura and your face on drugs photos,ARTS & CULTURE
turkeylurkey time,ARTS & CULTURE
hand turkey drawings celebrate thanksgiving by sending us your creations photos,ARTS & CULTURE
ten grassroots lessons from monsantos swiftboating of the prop37label gmo campaign,ENVIRONMENT
the week in arts & culture manhattan goes dark obama looks good and an artists tosses cats photos,ARTS & CULTURE
sleep song at harlem stage gatehouse tells the unbelievable stories of civilians and soldiers in iraq and afghanistan,ARTS & CULTURE
skyfall bond is older wiser better,ARTS & CULTURE
britain discovers a new yet very old war poet,ARTS & CULTURE
veterans day warphotography debuts at museum of fine arts houston,ARTS & CULTURE
hurricane sandy  not over by a long shot,ENVIRONMENT
blackey kentucky earthquake rattles appalachian mountains near virginia border,ENVIRONMENT
global warming poll climate change a serious problem to 68 of americans,ENVIRONMENT
change is the only constant,ARTS & CULTURE
legendary illustrator tomi ungerer talks far out isnt far enough and returning to america interview,ARTS & CULTURE
hurricane sandy survivors wonder whats next,ENVIRONMENT
fema fuel awol for sandy survivors,ENVIRONMENT
staten island residents say official hurricane sandy response has been slow and inadequate,ENVIRONMENT
election  here comes the art cliff,ARTS & CULTURE
why anyone who values the arts should care about this election,ARTS & CULTURE
arcade fires win butler endorses barack obama for president,ARTS & CULTURE
the green elephant in the room,ENVIRONMENT
move over romney and obama the barbi twins green tea diploradical party speaks for the real 99 percent,ENVIRONMENT
are nuclear plants safe in hurricanes incident during sandy suggests they may not be,ENVIRONMENT
in sandys wake insurance industry must better account for climate change critics say,ENVIRONMENT
noreaster new york new jersey may get hit by snow storm around election day,ENVIRONMENT
listening to hurricane sandy climate change is here,ENVIRONMENT
beforeafter hurricane sandy photos show how storm devastated east coast interactive pictures,ENVIRONMENT
the hurricane and the election which president will give us shelter from the storm,ENVIRONMENT
after death in rockaways during hurricane sandy a question why stay,ENVIRONMENT
the days after the storm,ENVIRONMENT
its not stupid to question global warmings role in sandy,ENVIRONMENT
hurricane sandy shows us why we cant afford dirty energy projects like the keystone xl tar sands pipeline,ENVIRONMENT
asbestos may pose health hazards in hurricane sandys wake,ENVIRONMENT
hurricane sandy volunteer photos send your pictures of the cleanup effort,ENVIRONMENT
fighting unruliness hinder hurricane sandy recovery in new york new jersey,ENVIRONMENT
should flood survivors of hurricane sandy relocate,ENVIRONMENT
did obama finally catch a climate break,ENVIRONMENT
jewelry diy projects fun craft ideas for buttons beads and more,ENVIRONMENT
hurricane sandy pet emergency plan,ENVIRONMENT
how fujiwhara effect will toss hurricane sandy into us,ENVIRONMENT
hurricane sandy threatens us east coast,ENVIRONMENT
climate change sandy says to us take that idiots,ENVIRONMENT
hurricane sandy power outages could reach 10 million utilities brace with reinforcements,ENVIRONMENT
hurricane sandy megastorm government forecasters say projected storm surge is a worst case scenario live updates,ENVIRONMENT
hurricane sandy map shows storms path towards us northeast,ENVIRONMENT
hurricane sandy long island braces for flooding power outages,ENVIRONMENT
guns will be blazing at cincinnati art museum in preparation for crown exhibit,ARTS & CULTURE
a poem guaranteed to make a huge impression,ARTS & CULTURE
hurricane sandy photos images capture storms path of destruction pictures,ENVIRONMENT
local maps show hurricane sandys fivefold flood threat,ENVIRONMENT
frankenstorm fact and fiction,ENVIRONMENT
persistent oil sheen at macondo well site,ENVIRONMENT
the politics of climate silence,ENVIRONMENT
happy birthday mike kelley slideshow,ARTS & CULTURE
coming to america,ARTS & CULTURE
diane gaetas lolitas exhibition turns adolescent girls facebook pictures into creepy works of art photos,ARTS & CULTURE
happy birthday roy lichtenstein photos,ARTS & CULTURE
the week in arts & culture nude men wives in water and a schooling in hip hop photos,ARTS & CULTURE
deborah kass on appropriation barbra streisand and the dissolving middle class photos interview,ARTS & CULTURE
pesticides are killing bumblebee colonies risking pollination vital to plantbased foods study says,ENVIRONMENT
the smithsonian celebrates the faces of american poetry,ARTS & CULTURE
steve mcqueen at art institute of chicago new exhibition by power 100 artist and filmmaker photos,ARTS & CULTURE
best sloth videos ever funny and cute clips of the worlds slowest mammal,ENVIRONMENT
actress julianne moore asks washington for a plan to fight climate change,ENVIRONMENT
un green climate fund to be based in south korea,ENVIRONMENT
james rosenquist pop art legend on romney multiple universes and younguns who dont know how to paint interview photos,ARTS & CULTURE
edward boccia dead seminal figurative expressionist painter dies at 91 slideshow,ARTS & CULTURE
musings music and monologues,ARTS & CULTURE
yves klein sponge relief expected to nab 10 million at auction photo,ARTS & CULTURE
birds photographed like human models slideshow,ARTS & CULTURE
ramon bruins 3d drawings jump off the page photos,ARTS & CULTURE
the week in arts & culture bon iver paul ryan and a cinematic art heist photos,ARTS & CULTURE
alan cumming snaps the good wife actors photography exhibit slideshow,ARTS & CULTURE
green halloween costumes  easy free diy ideas for kids and adults,ENVIRONMENT
in oregon green landscapes and green wineries go hand in hand,ENVIRONMENT
clean energy investment slows amid uncertainty,ENVIRONMENT
tolkiens take on the arthurian legends,ARTS & CULTURE
stirling prize winner is modest sainsbury laboratory not koolhaas not olympic stadium photos,ARTS & CULTURE
ahead of moma exhibit art collector claims the scream has nazi history,ARTS & CULTURE
reusable replacements for foil and plastic wrap,ENVIRONMENT
recycling electronics donating books and more 10 things to give to charity,ENVIRONMENT
climate law is good business for california,ENVIRONMENT
carbon dioxide may damage glaciers researchers suggest,ENVIRONMENT
david mamets november at the mark taper forum,ARTS & CULTURE
lost gustav mahler photo pits schoenberg family against la resident cliff fraser photo,ARTS & CULTURE
my little pony project hester popup shop updates the retro toys photos,ARTS & CULTURE
jason shawn alexanders sic blends figurative painting and graphic illustration photos video,ARTS & CULTURE
the week in arts & culture pregnant statues white satin sheets and breakfast at tiffanys photos,ARTS & CULTURE
real men perform monologues,ARTS & CULTURE
oil losing grip on transport industry market report claims,ENVIRONMENT
greenhouse gas emissions rise with gdp but slower to fall during recession study finds,ENVIRONMENT
fostering pringle,ENVIRONMENT
halloween costume ideas for art lovers in  beyond the sexy kitten photos,ARTS & CULTURE
rube goldberg freerunning jason pauls incredible human powered machine video,ARTS & CULTURE
esprit de corpse,ARTS & CULTURE
big bird in romneys sights and the national endowment for the arts is next,ARTS & CULTURE
on cats anniversary a brief history slideshow,ARTS & CULTURE
dale chihuly as a young man from camel riding tourist to eyepatchwearing glassblower photos,ARTS & CULTURE
8 creepiest places in us national parks,ENVIRONMENT
avatar 2 will have greener set with solar array james cameron announces,ENVIRONMENT
peter grillo hawaii fisherman finds japanese boat debris from tsunami,ENVIRONMENT
remembering new zealands rena oil spill 1 year later,ENVIRONMENT
bp oil spill settlement gulf coast senators sign bipartisan letter seeking fair deal,ENVIRONMENT
the week in arts & culture macarthur grants a mandolin genius and warhols naughty side photos,ARTS & CULTURE
beth frey etsy artist offers customers the thrill of fame with you warhol unicorn photo,ARTS & CULTURE
grace on broadway let us now pray,ARTS & CULTURE
happy anniversary the jazz singer slideshow,ARTS & CULTURE
seafloor explorer underwater images project opens to the public photos,ENVIRONMENT
climate change to shrink fish by as oceans warm,ENVIRONMENT
breaking up is hard to do,ARTS & CULTURE
young mona doubts grow as experts hostile evasive or say misrepresented,ARTS & CULTURE
the week in arts & culture piss christ psy and mona lisas prequel photos,ARTS & CULTURE
exclusive interview with yo yo ma on the spirituality of music,ARTS & CULTURE
alpaca facts 10 things you never knew about the llamas quirky relative,ENVIRONMENT
exploratorium aims for netzero energy use,ENVIRONMENT
pacific great whites inch closer to protection,ENVIRONMENT
y12 national security complex tennessee nuclear site ends security contract following nuns breakin,ENVIRONMENT
carmageddon improved los angeles air quality during freeway closure study shows,ENVIRONMENT
happy birthday michelangelo merisi da caravaggio photos,ARTS & CULTURE
la boheme at philadelphia opera uses hightech van goghs and renoirs photos,ARTS & CULTURE
chris robertsantieaus fabric paintings are bright ingenious and downright kalmanesque photos,ARTS & CULTURE
volunteering with pets how to give back with your dog or cat,ENVIRONMENT
affleck and damon team up again for race to the south pole,ENVIRONMENT
forget the melting arctic sea ice in antarctica is growing,ENVIRONMENT
extreme weather threaten insurers risk models new report shows,ENVIRONMENT
four poems for autumn,ARTS & CULTURE
the week in arts & culture dale chihuly mitt memes and more beast jesus photos,ARTS & CULTURE
interview with the metropolitan museum of arts limor tomer,ARTS & CULTURE
kim jonguns goes gangnam style in new north korean psy parody song from key of awesome video,ARTS & CULTURE
dwindling arctic ice signals a clear need for change,ENVIRONMENT
gmo debate heats up critics say biotech industry manipulating genes and science,ENVIRONMENT
first day of fall autumnal equinox arrives on,ENVIRONMENT
land of the free home of the brave,ENVIRONMENT
artist amy stein captures stunning photos of animals out of the wild in her series domesticated photos,ARTS & CULTURE
ferdinand hodler view to infinity comes to neue galerie photos,ARTS & CULTURE
why breakthrough wind turbines are usually bunk,ENVIRONMENT
millie and me,ENVIRONMENT
climate change coral reefs expected to suffer greatly study finds,ENVIRONMENT
red list of endangered ecosystems proposed by international union for the conservation of nature,ENVIRONMENT
wind power production tax credit can create green jobs environmentalists argue,ENVIRONMENT
test it maybe promotes safe chemicals act parodies carly rae jepsen video,ENVIRONMENT
lady gaga fame and the age of aquarius,ARTS & CULTURE
the week in arts & culture piano prodigies princess charming and innocence of muslims photos,ARTS & CULTURE
some mistakes are built to last,ARTS & CULTURE
a poetry app worth a look and a listen,ARTS & CULTURE
top ten tips for art gallery hopping,ARTS & CULTURE
happy birthday jean arp photos,ARTS & CULTURE
musical hijinks at the san francisco fringe festival,ARTS & CULTURE
birdapartment in japan now open above komoro citys momofuku ando center,ENVIRONMENT
home money saving tips how a tree can increase value and cut energy costs,ENVIRONMENT
coal industry advertisements over the years photos,ENVIRONMENT
7 amazing islands for ecotourists,ENVIRONMENT
louise fishman on fifty years of fitting in while sticking out interview photos,ARTS & CULTURE
daniel edlen vinyl artist on the one lp he wouldnt paint slideshow,ARTS & CULTURE
joo heng tans sand sculptures take 24 hours to complete slideshow,ARTS & CULTURE
alex katz celebrates birthday at essl museum with largest ever austria exhibition photos,ARTS & CULTURE
climate change stress killing forests and why it matters,ENVIRONMENT
blue carbon adding to carbon emission blues,ENVIRONMENT
poems about skipping school,ARTS & CULTURE
papermoon puppet theater portrays indonesias darker history interview,ARTS & CULTURE
the week in arts & culture burning man art rio and hope for shepard fairey photos,ARTS & CULTURE
the climate post presidential candidates studies dissect climate change,ENVIRONMENT
its payday for the winners of damien hirsts spot challenge photos,ARTS & CULTURE
a dance performance choreographed in your own home,ARTS & CULTURE
wolfe von lenkiewicz goes mad scientist on hieronymus boschs garden of earthly delights photos,ARTS & CULTURE
kathryn e delmez on carrie mae weems at the frist,ARTS & CULTURE
meatless monday jenny brown gets lucky,ENVIRONMENT
canadas mackenzie river needs aid as climate refrigerator,ENVIRONMENT
top 6 common myths about smart meter danger exposed,ENVIRONMENT
climate change this week tippy arctic times siberian carbon bomb and more,ENVIRONMENT
pet safety tips labor day advice for keeping dogs and cats safe,ENVIRONMENT
electronic recycling green ways to get rid of cell phones and chargers,ENVIRONMENT
money saving tips green ways to cut house costs,ENVIRONMENT
chris christies environment record why isnt he creating more jobs in offshore wind power,ENVIRONMENT
hurricane isaac animals dogs cats and other animals affected by storm photos,ENVIRONMENT
scrap metal and electric cars test your green iq,ENVIRONMENT
the week in arts & culture cat videos google doodles and romneys reality photos,ARTS & CULTURE
why green is good for labor,ENVIRONMENT
governor brown dont let farmworkers die from the heat,ENVIRONMENT
sea level rise its real and no joke video,ENVIRONMENT
its not the elephant in the room at the rnc its the hurricane,ENVIRONMENT
artists who were late bloomers van gogh monet and more masters than youd think photos,ARTS & CULTURE
two in the memory jorge ignacio cortiñass bird in the hand,ARTS & CULTURE
russian christians overrun museum of erotic art in moscow we couldnt tolerate it,ARTS & CULTURE
inside temp alex ahns and ari lipkis gallery for postmillennials interview,ARTS & CULTURE
hurricane isaac threat looms over florida keys as tropical storm lashes cuba,ENVIRONMENT
hurricane irene video one year later memories of storm remain fresh slideshow,ENVIRONMENT
kansas rainfall midwest finally gets needed relief in droughtstricken areas,ENVIRONMENT
broken glass projects doityourself ideas for reusing mirror shards,ENVIRONMENT
the great communicator leonard bernstein and his legacy,ARTS & CULTURE
the women who haunt us,ARTS & CULTURE
the week in arts & culture bowiefest ballpoint pens and the worlds worst restoration photos,ARTS & CULTURE
a reimagined ancient mariner calls for change,ARTS & CULTURE
theater fringenyc roundup  country gals crime scene photos convents and more,ARTS & CULTURE
sea level rise threatens countries regions and cities around the world photos,ENVIRONMENT
happy birthday dorothea tanning photos,ARTS & CULTURE
tim tadders photo series water wigs captures beautiful intersection of baldness and water balloons photos,ARTS & CULTURE
giraffe pictures magnificent adults and friendly babies photos,ENVIRONMENT
how to avoid a shark attack,ENVIRONMENT
is global warming inevitable a case study,ENVIRONMENT
the circus of life,ARTS & CULTURE
the week in arts & culture pussy riot hitler golf and the most disturbing film ever made,ARTS & CULTURE
animal collectives new album centipede hz will premiere and stream tonight on animal collective radio watch,ARTS & CULTURE
the visual chronicles of the urban bicycle,ENVIRONMENT
jeanmichel othoniel my way brings 25 years of work to brooklyn museum photos,ARTS & CULTURE
matthias düwels eden comes to martha otero gallery photos,ARTS & CULTURE
pussy riot in edinburgh,ARTS & CULTURE
christophe honore discusses his new film beloved starring catherine deneuve interview photos,ARTS & CULTURE
the art underground new yorks world class subway art identified video,ARTS & CULTURE
production designer paul smithyman on nycs first serial killer gallery exhibit killers a nightmare haunted house interview photos,ARTS & CULTURE
shark week  air jaws apocalypse photos capture amazing great white breaches,ENVIRONMENT
world elephant day photos,ENVIRONMENT
poetry and the bottom line,ARTS & CULTURE
the week in art & culture polka dots pussy riot and a happy marriage photos,ARTS & CULTURE
can she sing big maybelle soul of the blues at bay street and into the woods at the delacorte,ARTS & CULTURE
bay area local arts tieins,ARTS & CULTURE
cheech marin gets high on chicano art yall video,ARTS & CULTURE
the best ticket dirty money can buy,ENVIRONMENT
dust storms health risks asthma triggers chemicals bacteria may be in the wind,ENVIRONMENT
dr drews peta campaign advocates to spay and neuter pets photovideo,ENVIRONMENT
quay brothers on deciphering the pharmacists prescription debuts at moma photos,ARTS & CULTURE
words and not enough words and words dont say enough,ARTS & CULTURE
the gangs all here eric fishl at guild hall and other east end galas,ARTS & CULTURE
marina abramovic makes girls star jemima kirk cry during the artist is present at moma photos,ARTS & CULTURE
sustainability at the london olympics,ENVIRONMENT
abe connally josie moores discuss life off the grid,ENVIRONMENT
ocean acidification could disrupt marine food chains scientists say,ENVIRONMENT
marilyn monroe supercut video by scott blake on the anniversary of her death video,ARTS & CULTURE
the week in art expensive clowns blood art and violent maos,ARTS & CULTURE
can you hear me now,ARTS & CULTURE
dramatic photos of glacier national park then and now show climate change congress denies,ENVIRONMENT
colorful camouflage jean paul bourdiers bodyscapes depict humans blending in with nature photos,ARTS & CULTURE
zacron dead legendary led zeppelin iii cover artist zacron dies slideshow,ARTS & CULTURE
baby sloth drinks milk from a syringe at burgers zoo in the netherlands photos,ENVIRONMENT
planes trains and automobiles pick the greenest,ENVIRONMENT
greenland glaciers falling ice creates enormous wave video,ENVIRONMENT
shark week to celebrate 25 years,ENVIRONMENT
old socks diy projects to reuse articles of clothing,ENVIRONMENT
olympic equestrian transport how the horses are getting to the london games,ENVIRONMENT
home security tips green ways to prep your home before going on vacation,ENVIRONMENT
richard muller humans are almost entirely the cause of climate change,ENVIRONMENT
panda pictures photos of cuddly cubs and hungry bamboo eaters,ENVIRONMENT
enbridges wisconsin pipeline leak to be repaired,ENVIRONMENT
guilty pleasures,ARTS & CULTURE
the week in art from moca to homu,ARTS & CULTURE
lily simonsons wet and wild insect soap operas hit cb1 gallery photos,ARTS & CULTURE
dl alvarezs matrix 243 brings granulated horror to berkeley art museum photos,ARTS & CULTURE
matjames metsons method attic the lost and forgotten transformed,ARTS & CULTURE
londons mayor gets to the greek,ARTS & CULTURE
great lakes water temperatures at record levels,ENVIRONMENT
tornado season  recordlow twister count is droughts silver lining,ENVIRONMENT
wisconsin oil spill enbridge energy reports incident,ENVIRONMENT
breaking daring protesters shut down obama backed strip mine in west virginia,ENVIRONMENT
happy 125th birthday marcel duchamp photos,ARTS & CULTURE
underwater photography exhibit by andreas frank debuts on sunken ship photos,ARTS & CULTURE
luzinterruptus exchanges plastic bags for museum tickets for plastic garbage guarding the museum photos,ARTS & CULTURE
fairfield creek fire sparked by lightning in nebraska,ENVIRONMENT
us wildfires map reveals rising menace,ENVIRONMENT
solazyme and gevo inc part of pentagon effort to switch to biofuels,ENVIRONMENT
telling harrowing tales about child abuse,ARTS & CULTURE
happy birthday edward hopper photos,ARTS & CULTURE
flash drought in us explained in 14 seconds,ENVIRONMENT
causes of midwest drought la nina and global warming thought to contribute to dry weather,ENVIRONMENT
we are the kalamazoo,ENVIRONMENT
garbageeating drone destroys ocean pollution,ENVIRONMENT
solar power china might be stepping up its green energy game,ENVIRONMENT
1 million names legal threat spur arctic campaign,ENVIRONMENT
martin roemers the eyes of war provides striking photographs of those blinded in world war ii photos,ARTS & CULTURE
the architecture alphabet by designer stephen wildish supports 99 invisible photo,ARTS & CULTURE
the mosaic man jim power restores his legendary mosaic trail in manhattans east village video photos,ARTS & CULTURE
william trost richards painting adirondack landscape donated to adirondack museum photo,ARTS & CULTURE
johnsons landing landslide news crew captures footage of second landslide in british columbia town video,ENVIRONMENT
climate change this week bbqed beef carbon storage quakes and more,ENVIRONMENT
alaska salmon governor parnell seeks federal disaster aid for weak fish runs,ENVIRONMENT
will the tea party destroy an american industry to weaken president obama,ENVIRONMENT
viewing life through new lenses,ARTS & CULTURE
a stage for one,ARTS & CULTURE
happy birthday rembrandt harmenszoon van rijn photos,ARTS & CULTURE
the elephant in the room,ENVIRONMENT
bill nye talks about climate change and wildfires defends himself after cnn reporter calls him kooky video,ENVIRONMENT
is this the new normal,ENVIRONMENT
change is here climate change,ENVIRONMENT
are we teaching artists to fail,ARTS & CULTURE
truth beauty & desire in vienna klimts drawings at the getty,ARTS & CULTURE
happy 150th birthday gustav klimt photos,ARTS & CULTURE
doityourself old dishes and cups make great craft projects,ENVIRONMENT
it cannot be denied,ENVIRONMENT
to politicians napping on the fireline wake up smell the smoke and act on climate change,ENVIRONMENT
elephant pictures mighty pachyderms and adorable babies,ENVIRONMENT
the chicago tour diary,ARTS & CULTURE
what a piece of work is man,ARTS & CULTURE
reef fishes of the east indies book release new species in the coral triangle photos,ENVIRONMENT
zoonoses study finds animaltohuman diseases kill millions each year,ENVIRONMENT
humanitarian disaster from electricity crisis grows in coalfields as coal baron entertains pga golf tour rock stars,ENVIRONMENT
this is just the beginning forest fires deadly storms record heat reveal a changed climate video,ENVIRONMENT
jenny saville at modern art oxford her first solo exhibition in a uk public gallery photos,ARTS & CULTURE
happy birthday marc chagall,ARTS & CULTURE
the week in art bizarre words perverted comics and the roaring 20s,ARTS & CULTURE
snorkeling underneath halfdome a fragile paradise,ENVIRONMENT
on the media finally seeing the link between climate change disasters,ENVIRONMENT
oldest animals life spans of elephants tortoises and more species,ENVIRONMENT
rio20 why it failed,ENVIRONMENT
no natural gas is not americas future,ENVIRONMENT
ban fireworks,ENVIRONMENT
free the rockville 15,ENVIRONMENT
french photographer leo caillard captures south beachs vibrant miami houses photos,ARTS & CULTURE
fourth,ARTS & CULTURE
living life on their own terms,ARTS & CULTURE
kyrgyz artist aida sulova confronts waste problem in bishkek photos,ARTS & CULTURE
only in america this artweekla,ARTS & CULTURE
15 iconic american images in celebration of the fourth of july slideshow,ARTS & CULTURE
tensions in west virginia echo national debate will polluters face reality,ENVIRONMENT
baby beluga whale rescued off alaskan coast experts work round the clock to save him video,ENVIRONMENT
sing for your supper,ARTS & CULTURE
nrdcs beach report awards 5star ratings to 12 locations,ENVIRONMENT
polluting countries ranked by carbon dioxide emissions with climate considered,ENVIRONMENT
is a smart thermostat right for you,ENVIRONMENT
diy wedding favors ecofriendly ideas for your big day,ENVIRONMENT
haiku reviews brancusi bach and beat boxing photos,ARTS & CULTURE
the week in art body art an ailing masterpiece and lgbt artists,ARTS & CULTURE
alighiero boetti game plan at the moma,ARTS & CULTURE
lucian freuds naked truths documentary premiers in conjunction with portraits exhibition at the modern art museum of fort worth photos,ARTS & CULTURE
the recycled wedding,ENVIRONMENT
ecofriendly laundry tips how to green your spin cycle,ENVIRONMENT
jungle bird at the us open what to make of oddball activism,ENVIRONMENT
alternative commitments at rio20 make big impact,ENVIRONMENT
no way to run a planet,ENVIRONMENT
lonesome george dead lastofhiskind galapagos tortoise dies at 100,ENVIRONMENT
10 mustsee national park movie cameos,ENVIRONMENT
utahs dump fire and colorados high park fire challenge crews,ENVIRONMENT
sydney harbor trash found from more than 200 years ago,ENVIRONMENT
theater and the university marriages and misalliances,ARTS & CULTURE
gonif with the wind,ARTS & CULTURE
toxies highlight harmful chemicals in our midst,ENVIRONMENT
ends of the earth brings land art to moca photos,ARTS & CULTURE
lumen festival transforms 150000 tons of salt into surreal playground photos,ARTS & CULTURE
the week in art ice cream gashes abandoned world fairs and a puzzling picasso vandal,ARTS & CULTURE
sharon hayes performance theres so much i want to say to you at the whitney museum of american art photos,ARTS & CULTURE
rhino pictures endangered species overload,ENVIRONMENT
at rios giant trash dump protecting people and oceans alike,ENVIRONMENT
cereal bag reuse challenge,ENVIRONMENT
advice from dads green lessons our fathers taught us,ENVIRONMENT
happy birthday mc escher photos,ARTS & CULTURE
fathers day love faith work,ARTS & CULTURE
dont let go of your dream,ARTS & CULTURE
the australian ballets infinity at the koch theater,ARTS & CULTURE
to die for chris tanners the etiquette of death at la mama,ARTS & CULTURE
primary sourcesthe studio museums annual artists in residence exhibition,ARTS & CULTURE
the art of fatherhood the best representations of fathers in art photos,ARTS & CULTURE
kenguru electric vehicle offers green mobility option for wheelchair users video,ENVIRONMENT
keystone xl review republicans fear uncertain scope of pipeline study,ENVIRONMENT
fathers day gift ideas  cheap easy and ecofriendly presents for dad,ENVIRONMENT
david bizers waveform necklaces using audio samples photos,ARTS & CULTURE
the week in art monroes secrets kinkades drama and more,ARTS & CULTURE
international festival of arts and ideas kicks off in new haven photos,ARTS & CULTURE
david hockneys a bigger picture spends summer at guggenheim bilbao photos,ARTS & CULTURE
environmental integrity project report examines coal plants costs,ENVIRONMENT
new york students going green,ENVIRONMENT
the importance of impossible ambitions,ENVIRONMENT
saving the ocean from a wipeout,ENVIRONMENT
talented newbies,ARTS & CULTURE
happy birthday gustave courbet photos nsfw,ARTS & CULTURE
house committee votes to allow illegal loggers to pillage worlds forests,ENVIRONMENT
sexual depravity of penguins detailed in historical documents,ENVIRONMENT
a beacon in the fog opportunities for international cooperation on world oceans day at rio20 and beyond,ENVIRONMENT
a bakhshi in central asia,ARTS & CULTURE
the week in art eating film getting naked and freezing blood,ARTS & CULTURE
brilliant after breakfast on their techsavvy museum hijacking photos video interview,ARTS & CULTURE
hands across riverdale the human costs of fracking,ENVIRONMENT
rocket trike diaries week 9,ENVIRONMENT
national bio and agrodefense center in manhattan kansas stalled by budget politics,ENVIRONMENT
rio dialogues part ii gaining perspective,ENVIRONMENT
fishing expeditions,ARTS & CULTURE
great barrier reef in australia under clear threat  un,ENVIRONMENT
michael knights wayward opens at luis de jesus gallery photos,ARTS & CULTURE
the week in art heaven hell and plastic surgery,ARTS & CULTURE
stage door clybourne park,ARTS & CULTURE
russian street artist nikita nomerz living faces photos,ARTS & CULTURE
surprise surprise pebble mine partnership immediately attacks epas bristol bay watershed assessment,ENVIRONMENT
green toys for toddlers ecofriendly play things that wont hurt the environment,ENVIRONMENT
hope for illinois state parks and great outdoors,ENVIRONMENT
meatless monday victoria moran hanging out at the intersection of magic and main street,ENVIRONMENT
dogs of war photos remembering the militarys canine heroes,ENVIRONMENT
art and money,ARTS & CULTURE
a landscape of irrational exuberance this artweekla,ARTS & CULTURE
ive never seen anything like it experts weigh in on the international appeal of fernando botero,ARTS & CULTURE
julian hibbards tales of an unknown aviator fighter plane series photos,ARTS & CULTURE
lana shuttleworths ethnomorphic landscapes at george billis gallery photos,ARTS & CULTURE
gulf coast tourists return after bp oil spill some areas still waiting to recover,ENVIRONMENT
tropical storm beryl threatens southeastern coast from florida to south carolina,ENVIRONMENT
7 of the largest landfills in the world,ENVIRONMENT
15 stunning pictures of starfish sunbathing,ENVIRONMENT
baby koala peeks out of moms pouch at taipei zoo video,ENVIRONMENT
memorial day  green activities for your long weekend,ENVIRONMENT
have we reached peak car,ENVIRONMENT
japan tsunami debris looms off us coasts raising environment fears,ENVIRONMENT
100 reasons why you should care about the pygmy threetoed sloth,ENVIRONMENT
painting out climate change one roof at a time,ENVIRONMENT
farewell to cannes,ARTS & CULTURE
two young playwrights show great promise,ARTS & CULTURE
dirty business how unaccountable bureaucrats kill clean technology,ENVIRONMENT
happy birthday dorothea lange photos,ARTS & CULTURE
the week in art gustav klimt roy lichtenstein and rainbows,ARTS & CULTURE
allison schulniks salty air brings mermaids and scallywags to mark moore gallery photos,ARTS & CULTURE
baby chick and cat snuggle cat unimpressed video,ENVIRONMENT
prey lang a forest on the brink of destruction photos,ENVIRONMENT
rocket trike diaries week 7,ENVIRONMENT
gorilla pictures photos of majestic apes and adorable babies,ENVIRONMENT
lesley dills faith & the devil comes to george adams gallery photos,ARTS & CULTURE
dont miss fwd life gone viral,ARTS & CULTURE
invasive procedures,ENVIRONMENT
gas break pedal a new way to cycle,ENVIRONMENT
the week in art gone with the wind moving human sparklers ai weiwei and more,ARTS & CULTURE
ofri cnaanis special effects at andrea meislin gallery photos,ARTS & CULTURE
fusebox the writers room with robert faires,ARTS & CULTURE
sufi pop rocks the asia society video,ARTS & CULTURE
roger ballen photographs   at marta herford gallery photos,ARTS & CULTURE
a challenge on mothers day,ENVIRONMENT
mothers day  animal parenting styles pregnancies and child rearings,ENVIRONMENT
fighting back against the bullies,ARTS & CULTURE
mothers day gifts  last minute ideas cheap and homemade presents,ENVIRONMENT
gray whale population before whaling was up to 5 times larger study says,ENVIRONMENT
the lacey act and the law,ENVIRONMENT
kehinde wiley on economy of grace his first exhibition featuring women photos,ARTS & CULTURE
innovative educational program hi art immerses little kids in high art photos,ARTS & CULTURE
dana schutzs piano in the rain debuts at friedrich petzel gallery photos,ARTS & CULTURE
the art of motherhood the best representation of mothers in art photos,ARTS & CULTURE
artist mother artist son,ARTS & CULTURE
7 skyscrapers being struck by lightning photos,ENVIRONMENT
connecting the dots towards the empires of our future,ENVIRONMENT
vegan diet books petas top summer weightloss reads,ENVIRONMENT
tiger pictures photos of ferocious cats and cuddly cubs,ENVIRONMENT
on mothers day caring for all creatures,ENVIRONMENT
an open letter to state farm about climate denial,ENVIRONMENT
skywalking russians take amazing photos photos,ARTS & CULTURE
the week in art frieze art fair the screams big sale and puppies,ARTS & CULTURE
japan nuclear reactors shut off thousands march to celebrate,ENVIRONMENT
climate impact day,ENVIRONMENT
climate impacts day 350org campaign connects the dots between extreme weather and climate change,ENVIRONMENT
jennie ottingers what to do with your orphan a manual at johansson projects photos,ARTS & CULTURE
cinco de mayo our favorite artists from mexico photos,ARTS & CULTURE
pitcairn islands expedition best sunset and cloud photos,ENVIRONMENT
pitcairn islands expedition photos strange and beautiful algae,ENVIRONMENT
baby killed by dog in henderson nevada on his first birthday video,ENVIRONMENT
stage door ghost the columnist,ARTS & CULTURE
diy urbanism almere oosterworld  mvrdv,ARTS & CULTURE
mitchell johnson are you going with me,ARTS & CULTURE
low prices a problem making sense of misleading talk about capandtrade in europe and the usa,ENVIRONMENT
average to belowaverage hurricane season predicted,ENVIRONMENT
emerald ash borer the real green monster,ENVIRONMENT
jamie olivers food revolution day aims to inspire better food better life,ENVIRONMENT
prince charles and robert redford together for the world premiere screening of harmony,ENVIRONMENT
great smoky mountains climate change could affect region,ENVIRONMENT
norfolk virginias rising sea levels and sinking ground pose a community challenge video,ENVIRONMENT
cincinnati dumps duke energy,ENVIRONMENT
the week in art cardboard boxes thai temples and the bards birthday photos,ARTS & CULTURE
fumi nakamuras our hands will eventually destroy everything beautiful photos,ARTS & CULTURE
most at salone del mobile by tom dixon video,ARTS & CULTURE
huffpost arts interviews bel borba filmmakers burt sun and andre costantini video,ARTS & CULTURE
earth day  united we stand divided we fall,ENVIRONMENT
earth day environmental issues recycling waste,ENVIRONMENT
reflections on earth day,ENVIRONMENT
when it hits home,ENVIRONMENT
nothing is immune to the ocean,ENVIRONMENT
life as a climate refugee,ENVIRONMENT
climate victim,ENVIRONMENT
happy earth day a sneak attack on the wilderness act,ENVIRONMENT
hidden water video highlights water conservation issues,ENVIRONMENT
the climate post as half the us contemplates hydraulic fracturing first liquefied natural gas export plant approved,ENVIRONMENT
best green books the top 10 environmental reads for earth day,ENVIRONMENT
act different,ENVIRONMENT
earth week challenges waste less water,ENVIRONMENT
earth day  successes since the beginning of the movement,ENVIRONMENT
earth day conspiracy and world government,ENVIRONMENT
amy goodman the long hot march of climate change,ENVIRONMENT
endangered animal photos for earth day,ENVIRONMENT
defining green wine,ENVIRONMENT
its climate change that threatens our way of life  not the actions we need to take to solve it,ENVIRONMENT
the fukushima nuclear disaster is far from over,ENVIRONMENT
valerie hegartys altered states at marlborough gallery makes deterioration look good photos,ARTS & CULTURE
gender in izolyatsia explores identity in ukraine photos nsfw,ARTS & CULTURE
winter slade 7yearold raises thousands for wildlife preservation after being told her idea was stupid,ENVIRONMENT
earth day  time to take the lead,ENVIRONMENT
panda cam exploreorg launches live hd video of giant panda bear cubs for earth day live video,ENVIRONMENT
earth day  events around the world,ENVIRONMENT
green festival nyc  live video from sustainability event in new york,ENVIRONMENT
whats changed about deepwater drilling since macondo not a lot,ENVIRONMENT
earth day  this isnt about treehugging anymore its about the way we live,ENVIRONMENT
earth week challenges secondhand clothes and products,ENVIRONMENT
the magic of mamma mia,ARTS & CULTURE
stage door one man two guvnors end of the rainbow,ARTS & CULTURE
the week in art bob marley twin peaks and my meaty pony,ARTS & CULTURE
brandon ballengées collapse the cry of silent forms at ronald feldman gallery photos,ARTS & CULTURE
archizines  archart books comes to storefront for art and architecture photos,ARTS & CULTURE
katharina wulffs whimsical mysteries hit san francisco museum of modern art photos,ARTS & CULTURE
earth week challenges 7 ecofriendly tips you can practice with huffpost green,ENVIRONMENT
an homage to heroes,ENVIRONMENT
himalayan glaciers show some growth despite global glacial melt study claims,ENVIRONMENT
wichita kansas tornado damages city as storms pound us plains,ENVIRONMENT
africas rhinos face poaching crisis,ENVIRONMENT
how green are electric cars depends on where you plug in,ENVIRONMENT
oklahoma city tornado  kansas nebraska and oklahoma brace for storms,ENVIRONMENT
week in art from thomas kinkade to the rolling stones,ARTS & CULTURE
meet contemporary arts bad girls of  photos,ARTS & CULTURE
rabbit species threatened by climate change,ENVIRONMENT
charlotta westergrens stunning exhibition survival evasion resistance escape photos,ARTS & CULTURE
nari wards liberty and orders at lehmann maupin photos,ARTS & CULTURE
easter  pet bunnies are cute but consider this before you buy,ENVIRONMENT
fracking and el rushbo,ENVIRONMENT
bering sea canyons videos let you choose your own adventure,ENVIRONMENT
6000 miles away  or a love letter to sylvie guillem,ARTS & CULTURE
the week in art voluptuous horror masters on 45s woodburning and more,ARTS & CULTURE
jonathan schippers slow motion car crash art installation video,ARTS & CULTURE
totals elgin platform gas leak company makes plans to cap the well,ENVIRONMENT
bill isles wichita man struck by lightning hours after buying mega millions lottery tickets,ENVIRONMENT
north sea gas leak total aims to kill leaking elgin well video,ENVIRONMENT
every hour should be earth hour,ENVIRONMENT
whole foods market bans redcoded seafood,ENVIRONMENT
kyra sedgwick leads global call to end plastic pollution at united nations,ENVIRONMENT
stage door elephant room,ARTS & CULTURE
faux real exhibition displays prolific forgers work on april fools day photos video,ARTS & CULTURE
the 10 best art pranks in history photos,ARTS & CULTURE
andrey pavlov russian photographer takes fairytalelike pictures ants photos,ENVIRONMENT
pitcairn islands expedition photos a world in one coral,ENVIRONMENT
fda wrong not to ban bpa health advocates say,ENVIRONMENT
how to save gas money saving tips,ENVIRONMENT
how to farm in your big city apartment,ENVIRONMENT
what does trayvons shooting mean for architects and urbanists,ARTS & CULTURE
the week in art mad men ads animated gifs and a thrift store picasso,ARTS & CULTURE
haiku reviews mark rothko and rosson crow photos,ARTS & CULTURE
weathermanmade global warming link builds study says,ENVIRONMENT
dog defends food from greedy duck video,ENVIRONMENT
man cuddles lions in zebra colored truck video,ENVIRONMENT
hatch watch  decorah eagles eggs ready to hatch,ENVIRONMENT
san diego humane society shelter shows how to keep rescues comfortable,ENVIRONMENT
wang jun artist spends one month on a scale to lose weight,ARTS & CULTURE
happy birthday matthew barney,ARTS & CULTURE
is walking a form of activism,ENVIRONMENT
natural gas wells proliferation poisoning childrens air research suggests,ENVIRONMENT
exxon valdez oil spill a cautionary tale for arctic ocean drilling,ENVIRONMENT
spring weather  if spring came early what will summer feel like,ENVIRONMENT
coiba panama mission blue final thoughts and goodbye photos,ENVIRONMENT
voices of light channels joan of arc at berkeleys zellerbach hall photos,ARTS & CULTURE
dario escobar makes objects go pop,ARTS & CULTURE
week in art wpa color photos van gogh xrayed and salt labyrinths,ARTS & CULTURE
climate change concerns economic hardship dont mix study says,ENVIRONMENT
marlins stadium fish aquarium is animal abuse activists claim,ENVIRONMENT
brazil oil spill chevron executives barred from leaving country,ENVIRONMENT
going green in the city,ENVIRONMENT
henryville high school releases terrifying tornado footage from school security cameras video,ENVIRONMENT
us warmth continues but globally coolest land temperatures since,ENVIRONMENT
brazil navy oil stain spotted in chevron field,ENVIRONMENT
st patricks day  green facts about ireland,ENVIRONMENT
behind the curtain the aesthetics of photobooth at musee de lelysee photos,ARTS & CULTURE
getting to know gregor piatigorsky,ARTS & CULTURE
the week in art staples lord voldemort and a lost leonardo,ARTS & CULTURE
march la art reviews,ARTS & CULTURE
evaluating green communities part 3,ENVIRONMENT
japan earthquake radiation concerns in the us remembered after fukushima photos,ENVIRONMENT
cycle for water from the arctic to the antarctic on bamboo bicycles,ENVIRONMENT
world water supply climate change and food pressures adding challenges un study says,ENVIRONMENT
japan tsunami debris degrading into tiny bits of plastic could pose health risk,ENVIRONMENT
dirty vs green jobs labors keystone dilemma,ENVIRONMENT
the bottom line shifting gears in the gulf,ENVIRONMENT
green home makeover doityourself tips for an ecofriendly house,ENVIRONMENT
settling ownership of the bounty of the high seas,ENVIRONMENT
indiana tornadoes federal disaster assistance available obama says,ENVIRONMENT
sea shepherd declares victory activists sabotage blamed for japan whaling season falling short,ENVIRONMENT
earth to newt tar sands oil  high gas prices,ENVIRONMENT
aging nuclear reactors are we doing enough to ensure safety,ENVIRONMENT
stage door voca people newsical,ARTS & CULTURE
thank you slamdance the new york neofuturists and their fu aka the fair use show,ARTS & CULTURE
the week in art god toy story and facebook moments,ARTS & CULTURE
hijacked iii bridges the gap between uk and australian photography,ARTS & CULTURE
diy household cleaners products you can make yourself,ENVIRONMENT
unpopular dog names and cat names,ENVIRONMENT
enbridge pipeline oil leak and fire follow deadly vehicle accident,ENVIRONMENT
china lead pollution reportedly poisons children,ENVIRONMENT
newspaper recycling tips for home projects,ENVIRONMENT
iditarod race raises questions of animal cruelty,ENVIRONMENT
7 odd natural ways to boost your health,ENVIRONMENT
patricia barnett georgia woman found dead in alpharetta after storm,ENVIRONMENT
will tornado season be as bad as last year,ENVIRONMENT
top dog names and cat names,ENVIRONMENT
brendan monroes observations of light and matter at cooper cole gallery,ARTS & CULTURE
victor enrichs surreal city portraits photos,ARTS & CULTURE
im stuck in a bad relationship part 2,ENVIRONMENT
henryville high school severely damaged by indiana tornado video,ENVIRONMENT
pekin indiana child survives storm taken to kosair childrens hospital,ENVIRONMENT
oliver vernon tilts our perceptions at david b smith gallery,ARTS & CULTURE
glasstress new york new art from the venice biennales presents the spirit of a challenging new medium photos,ARTS & CULTURE
the week in art alcohol google street view and angelinas leg,ARTS & CULTURE
sustainable tourism a key to global solutions,ENVIRONMENT
new york fracking ban in towns upheld by second judge,ENVIRONMENT
what jeremy lin and uschina cooperation on climate change dont yet have in common,ENVIRONMENT
chasing ice  the climate change debate is over,ENVIRONMENT
theater critic howard kissel dies at 69,ARTS & CULTURE
happy birthday renoir,ARTS & CULTURE
the week in art istanbul instagram and one busy dog,ARTS & CULTURE
mandy barkers psychedelic soup has ecofriendly message photos,ARTS & CULTURE
who grows our food theresa podoll prairie road organic farm,ENVIRONMENT
6 everyday things seen really close up,ENVIRONMENT
heartland republicans investigate heartland,ENVIRONMENT
the hand of man powerful new music video captures appalachias grief over mountaintop removal,ENVIRONMENT
avon estee lauder and mary kay allegedly testing makeup on animals,ENVIRONMENT
forget logic its just climate schizophrenia,ENVIRONMENT
women on the verge,ARTS & CULTURE
review the posh world of les ballets de monte carlo,ARTS & CULTURE
nina chanel abneys paintings mix the pretty the political and the perverse photos,ARTS & CULTURE
robert davidovitzs woven paint series photos,ARTS & CULTURE
londons olympic park cleanup transformed polluted site photos,ENVIRONMENT
alaskas aleutian islands volcano could erupt scientists say,ENVIRONMENT
protesters to keystone xl pipeline dont mess with texas,ENVIRONMENT
damien hirst see spot run,ARTS & CULTURE
to compete or not to compete,ARTS & CULTURE
hanksy is at krause gallery and on the streets,ARTS & CULTURE
why global warming still considered target of skepticism for americans,ENVIRONMENT
otter casts worries to the heavens prays photo,ENVIRONMENT
italian conversations  art in the age of berlusconi captures the best of contemporary italian art photos,ARTS & CULTURE
the week in art from doghouses to ice cities,ARTS & CULTURE
journey into rob matthews mythical back yard photos,ARTS & CULTURE
happy birthday yoko ono videos,ARTS & CULTURE
going hog wild weaning antibioticresistant bugs out of pork,ENVIRONMENT
waste less trash top 7 ways to cut down photos,ENVIRONMENT
eu carbon trade deal urged by airlines,ENVIRONMENT
panda webcams at china conservation and research center videos,ENVIRONMENT
greening the grammys it all adds up,ENVIRONMENT
the class of talkers playing down the cost of fossil fuel dependence,ENVIRONMENT
keystone xl time for the senate to show some courage,ENVIRONMENT
alexi torres images made of woven leaves feathers and organic materials photos,ARTS & CULTURE
kyung sunghyuns chameleons and ghostly visions photos,ARTS & CULTURE
the week in review femme fatales hipsters and dead disney princesses photos,ARTS & CULTURE
dennis kochs colorful supersystems photos,ARTS & CULTURE
puppy bowl  video highlights from game day,ENVIRONMENT
super bowl xlvi greening efforts to reduce environmental impact,ENVIRONMENT
bahuaja sonene national park holds 365 previously undocumented species photos,ENVIRONMENT
the last portrait of artist mike kelley,ARTS & CULTURE
super bowl  organic beers for the big game photos,ENVIRONMENT
susan g komens other gaffe,ENVIRONMENT
antarctic glaciers and the global water crisis,ENVIRONMENT
4 professional snowboarders who double as environmentalists,ENVIRONMENT
puppy bowl viii referee explains rules of the game video,ENVIRONMENT
josh fox gasland director talks of capitol hill arrest,ENVIRONMENT
cooper cole gallery deals in the undefined,ARTS & CULTURE
the week in art controversial urinals monas replica and love that smells,ARTS & CULTURE
large shop of horrors jim findlays botanica,ARTS & CULTURE
the art of not making explores the intentions and effects of the new artistartisan relationship photos,ARTS & CULTURE
fictional and real life women kick butt in the film wonder women the untold story of american superheroines,ARTS & CULTURE
winter utility bills winterizing tips to save money photos,ENVIRONMENT
nasa visualization shows global temperature changes video,ENVIRONMENT
john boehner keystone xl pipeline may be linked to highway bill,ENVIRONMENT
boxer puppy and cows make friends during walk in newcastle video,ENVIRONMENT
black smoker vents new species discovered near deepest undersea hot springs photos,ENVIRONMENT
green activists 50 and older,ENVIRONMENT
winter weather photo contest submit your own pictures,ENVIRONMENT
insects top newly discovered species list,ENVIRONMENT
dont think a look at the chemical brothers concert film set to hit theaters,ARTS & CULTURE
matthew marks discusses his new la gallery,ARTS & CULTURE
allard van hoorns urban songline explores relationship between sound space and materials photos video,ARTS & CULTURE
